Name,Size,Type,Alignment,AC,HP,Speed,Challenge_Rating,XP,STR,STR_Mod,DEX,DEX_Mod,CON,CON_Mod,INT,INT_Mod,WIS,WIS_Mod,CHA,CHA_Mod,Saving_Throws,Skills,Passive_Perception,Senses,Languages,Vulnerabilities,Damage_Vulnerabilities,Resistances,Immunities,Condition_Immunities,Habitat,Treasure,Gear,Traits,Actions,Reactions,Bonus_Actions,Legendary_Actions,Legendary_Actions_Num,Legendary_Actions_Desc,Source_Name,Image_URL
Aboleth,Large,aberration,Lawful Evil,17 (Natural Armor),135 (18d10+36),"10 ft., swim 40 ft.",10,"5,900",21,+5,9,-1,15,+2,18,+4,15,+2,18,+4,"Con +6, Int +8, Wis +6","History +12, Perception +10",20,Darkvision 120 Ft.,"Deep Speech, Telepathy 120 Ft.",,,,,,,,,"Amphibious: The aboleth can breathe air and water. | Mucous Cloud: While underwater, the aboleth is surrounded by transformative mucus. A creature that touches the aboleth or that hits it with a melee attack while within 5 ft. of it must make a DC 14 Constitution saving throw. On a failure, the creature is diseased for 1d4 hours. The diseased creature can breathe only underwater. | Probing Telepathy: If a creature communicates telepathically with the aboleth, the aboleth learns the creature's greatest desires if the aboleth can see the creature.","Multiattack: The aboleth makes three tentacle attacks. | Tentacle: If the target is a creature, it must succeed on a DC 14 Constitution saving throw or become diseased. The disease has no effect for 1 minute and can be removed by any magic that cures disease. After 1 minute, the diseased creature's skin becomes translucent and slimy, the creature can't regain hit points unless it is underwater, and the disease can be removed only by heal or another disease-curing spell of 6th level or higher. When the creature is outside a body of water, it takes 6 (1d12) acid damage every 10 minutes unless moisture is applied to the skin before 10 minutes have passed | Tail:  | Enslave (3/day): The aboleth targets one creature it can see within 30 ft. of it. The target must succeed on a DC 14 Wisdom saving throw or be magically charmed by the aboleth until the aboleth dies or until it is on a different plane of existence from the target. The charmed target is under the aboleth's control and can't take reactions, and the aboleth and the target can communicate telepathically with each other over any distance. Whenever the charmed target takes damage, the target can repeat the saving throw. On a success, the effect ends. No more than once every 24 hours, the target can also repeat the saving throw when it is at least 1 mile away from the aboleth.",,,"Detect: The aboleth makes a Wisdom (Perception) check. | Tail Swipe: The aboleth makes one tail attack. | Psychic Drain (Costs 2 Actions): One creature charmed by the aboleth takes 10 (3d6) psychic damage, and the aboleth regains hit points equal to the damage the creature takes.",3,,Free Basic Rules (2014),https://files.d20.io/images/390056202/I2zllvCFGhGgg3td9TJ4gA/original.png
Acolyte,Medium,humanoid (any race),Any Alignment,10,9 (2d8),30 ft.,1/4,50,10,+0,10,+0,10,+0,10,+0,14,+2,11,+0,,"Medicine +4, Religion +2",12,,Any One Language (Usually Common),,,,,,,,,"Spellcasting: The acolyte is a 1st-level spellcaster. Its spellcasting ability is Wisdom (spell save DC 12, +4 to hit with spell attacks). The acolyte has following cleric spells prepared:   • Cantrips (at will): light, sacred flame, thaumaturgy • 1st level (3 slots): bless, cure wounds, sanctuary",Club: ,,,,,,Free Basic Rules (2014),https://files.d20.io/images/390056357/rbP-vpnZsGBLJux5Ev9TuQ/original.png
Adult Black Dragon,Huge,dragon,Chaotic Evil,19 (Natural Armor),195 (17d12+85),"40 ft., fly 80 ft., swim 40 ft.",14,"11,500",23,+6,14,+2,21,+5,14,+2,13,+1,17,+3,"Dex +7, Con +10, Wis +6, Cha +8","Perception +11, Stealth +7",21,"Blindsight 60 Ft., Darkvision 120 Ft.","Common, Draconic",,,,Acid,,,,,"Amphibious: The dragon can breathe air and water. | Legendary Resistance (3/Day): If the dragon fails a saving throw, it can choose to succeed instead.","Multiattack: The dragon can use its Frightful Presence. It then makes three attacks: one with its bite and two with its claws. | Bite:  | Claw:  | Tail:  | Frightful Presence: Each creature of the dragon's choice that is within 120 feet of the dragon and aware of it must succeed on a DC 16 Wisdom saving throw or become frightened for 1 minute. A creature can repeat the saving throw at the end of each of its turns, ending the effect on itself on a success. If a creature's saving throw is successful or the effect ends for it, the creature is immune to the dragon's Frightful Presence for the next 24 hours. | Acid Breath (Recharge 5-6): The dragon exhales acid in a 60-foot line that is 5 feet wide. Each creature in that line must make a DC 18 Dexterity saving throw, taking 54 (12d8) acid damage on a failed save, or half as much damage on a successful one.",,,Detect: The dragon makes a Wisdom (Perception) check. | Tail Attack: The dragon makes a tail attack. | Wing Attack (Costs 2 Actions): The dragon beats its wings. Each creature within 10 ft. of the dragon must succeed on a DC 19 Dexterity saving throw or take 13 (2d6 + 6) bludgeoning damage and be knocked prone. The dragon can then fly up to half its flying speed.,3,,Free Basic Rules (2014),https://files.d20.io/images/390056403/yMPnEu0rbsr6gNjSGY3clA/original.png
Adult Blue Dragon,Huge,dragon,Lawful Evil,19,225 (18d12+108),"40 ft., burrow 30 ft., fly 80 ft.",16,"15,000",25,+7,10,+0,23,+6,16,+3,15,+2,19,+4,"Dex +5, Con +11, Wis +7, Cha +9","Perception +12, Stealth +5",22,"Blindsight 60 Ft., Darkvision 120 Ft.","Common, Draconic",,,,Lightning,,,,,"Legendary Resistance (3/Day): If the dragon fails a saving throw, it can choose to succeed instead.","Multiattack: The dragon can use its Frightful Presence. It then makes three attacks: one with its bite and two with its claws. | Bite:  | Claw:  | Tail:  | Frightful Presence: Each creature of the dragon's choice that is within 120 ft. of the dragon and aware of it must succeed on a DC 17 Wisdom saving throw or become frightened for 1 minute. A creature can repeat the saving throw at the end of each of its turns, ending the effect on itself on a success. If a creature's saving throw is successful or the effect ends for it, the creature is immune to the dragon's Frightful Presence for the next 24 hours. | Lightning Breath (Recharge 5-6): The dragon exhales lightning in a 90-foot line that is 5 ft. wide. Each creature in that line must make a DC 19 Dexterity saving throw, taking 66 (12d10) lightning damage on a failed save, or half as much damage on a successful one.",,,Detect: The dragon makes a Wisdom (Perception) check. | Tail Attack: The dragon makes a tail attack. | Wing Attack (Costs 2 Actions): The dragon beats its wings. Each creature within 10 ft. of the dragon must succeed on a DC 20 Dexterity saving throw or take 14 (2d6 + 7) bludgeoning damage and be knocked prone. The dragon can then fly up to half its flying speed.,3,,Free Basic Rules (2014),https://files.d20.io/images/390056492/kFB0IWTkVSBrpca6zwvkoQ/original.png
Adult Brass Dragon,Huge,dragon,Chaotic Good,18 (Natural Armor),172 (15d12+75),"40 ft., burrow 40 ft., fly 80 ft.",13,"10,000",23,+6,10,+0,21,+5,14,+2,13,+1,17,+3,"Dex +5, Con +10, Wis +6, Cha +8","History +7, Perception +11, Persuasion +8, Stealth +5",21,"Blindsight 60 Ft., Darkvision 120 Ft.","Common, Draconic",,,,Fire,,,,,"Legendary Resistance (3/Day): If the dragon fails a saving throw, it can choose to succeed instead.","Multiattack: The dragon can use its Frightful Presence. It then makes three attacks: one with its bite and two with its claws. | Bite:  | Claw:  | Tail:  | Frightful Presence: Each creature of the dragon's choice that is within 120 feet of the dragon and aware of it must succeed on a DC 16 Wisdom saving throw or become frightened for 1 minute. A creature can repeat the saving throw at the end of each of its turns, ending the effect on itself on a success. If a creature's saving throw is successful or the effect ends for it, the creature is immune to the dragon's Frightful Presence for the next 24 hours. | Breath Weapons (Recharge 5-6): The dragon uses one of the following breath weapons. Fire Breath. The dragon exhales fire in an 60-foot line that is 5 feet wide. Each creature in that line must make a DC 18 Dexterity saving throw, taking 45 (13d6) fire damage on a failed save, or half as much damage on a successful one. Sleep Breath. The dragon exhales sleep gas in a 60-foot cone. Each creature in that area must succeed on a DC 18 Constitution saving throw or fall unconscious for 10 minutes. This effect ends for a creature if the creature takes damage or someone uses an action to wake it.",,,Detect: The dragon makes a Wisdom (Perception) check. | Tail Attack: The dragon makes a tail attack. | Wing Attack (Costs 2 Actions): The dragon beats its wings. Each creature within 10 feet of the dragon must succeed on a DC 19 Dexterity saving throw or take 13 (2d6 + 6) bludgeoning damage and be knocked prone. The dragon can then fly up to half its flying speed.,3,,Free Basic Rules (2014),https://files.d20.io/images/390056559/VmozX4WzluNM6DjkDTJEKw/original.png
Adult Bronze Dragon,Huge,dragon,Lawful Good,19 (Natural Armor),212 (17d12+102),"40 ft., fly 80 ft., swim 40 ft.",15,"13,000",25,+7,10,+0,23,+6,16,+3,15,+2,19,+4,"Dex +5, Con +11, Wis +7, Cha +9","Insight +7, Perception +12, Stealth +5",22,"Blindsight 60 Ft., Darkvision 120 Ft.","Common, Draconic",,,,Lightning,,,,,"Amphibious: The dragon can breathe air and water. | Legendary Resistance (3/Day): If the dragon fails a saving throw, it can choose to succeed instead.","Multiattack: The dragon can use its Frightful Presence. It then makes three attacks: one with its bite and two with its claws. | Bite:  | Claw:  | Tail:  | Frightful Presence: Each creature of the dragon's choice that is within 120 feet of the dragon and aware of it must succeed on a DC 17 Wisdom saving throw or become frightened for 1 minute. A creature can repeat the saving throw at the end of each of its turns, ending the effect on itself on a success. If a creature's saving throw is successful or the effect ends for it, the creature is immune to the dragon's Frightful Presence for the next 24 hours. | Breath Weapons (Recharge 5-6): The dragon uses one of the following breath weapons. Lightning Breath. The dragon exhales lightning in a 90-foot line that is 5 feet wide. Each creature in that line must make a DC 19 Dexterity saving throw, taking 66 (12d10) lightning damage on a failed save, or half as much damage on a successful one. Repulsion Breath. The dragon exhales repulsion energy in a 30-foot cone. Each creature in that area must succeed on a DC 19 Strength saving throw. On a failed save, the creature is pushed 60 feet away from the dragon. | Change Shape: The dragon magically polymorphs into a humanoid or beast that has a challenge rating no higher than its own, or back into its true form. It reverts to its true form if it dies. Any equipment it is wearing or carrying is absorbed or borne by the new form (the dragon's choice). In a new form, the dragon retains its alignment, hit points, Hit Dice, ability to speak, proficiencies, Legendary Resistance, lair actions, and Intelligence, Wisdom, and Charisma scores, as well as this action. Its statistics and capabilities are otherwise replaced by those of the new form, except any class features or legendary actions of that form.",,,Detect: The dragon makes a Wisdom (Perception) check. | Tail Attack: The dragon makes a tail attack. | Wing Attack (Costs 2 Actions): The dragon beats its wings. Each creature within 10 ft. of the dragon must succeed on a DC 20 Dexterity saving throw or take 14 (2d6 + 7) bludgeoning damage and be knocked prone. The dragon can then fly up to half its flying speed.,3,,Free Basic Rules (2014),https://files.d20.io/images/390056672/hFxCXP-0_Jc0Mne0ROUXsg/original.png
Adult Copper Dragon,Huge,dragon,Chaotic Good,18 (Natural Armor),184 (16d12+80),"40 ft., climb 40 ft., fly 80 ft.",14,"11,500",23,+6,12,+1,21,+5,18,+4,15,+2,17,+3,"Dex +6, Con +10, Wis +7, Cha +8","Deception +8, Perception +12, Stealth +6",22,"Blindsight 60 Ft., Darkvision 120 Ft.","Common, Draconic",,,,Acid,,,,,"Legendary Resistance (3/Day): If the dragon fails a saving throw, it can choose to succeed instead.","Multiattack: The dragon can use its Frightful Presence. It then makes three attacks: one with its bite and two with its claws. | Bite:  | Claw:  | Tail:  | Frightful Presence: Each creature of the dragon's choice that is within 120 feet of the dragon and aware of it must succeed on a DC 16 Wisdom saving throw or become frightened for 1 minute. A creature can repeat the saving throw at the end of each of its turns, ending the effect on itself on a success. If a creature's saving throw is successful or the effect ends for it, the creature is immune to the dragon's Frightful Presence for the next 24 hours. | Breath Weapons (Recharge 5-6): The dragon uses one of the following breath weapons. Acid Breath. The dragon exhales acid in an 60-foot line that is 5 feet wide. Each creature in that line must make a DC 18 Dexterity saving throw, taking 54 (12d8) acid damage on a failed save, or half as much damage on a successful one. Slowing Breath. The dragon exhales gas in a 60-foot cone. Each creature in that area must succeed on a DC 18 Constitution saving throw. On a failed save, the creature can't use reactions, its speed is halved, and it can't make more than one attack on its turn. In addition, the creature can use either an action or a bonus action on its turn, but not both. These effects last for 1 minute. The creature can repeat the saving throw at the end of each of its turns, ending the effect on itself with a successful save.",,,Detect: The dragon makes a Wisdom (Perception) check. | Tail Attack: The dragon makes a tail attack. | Wing Attack (Costs 2 Actions): The dragon beats its wings. Each creature within 10 ft. of the dragon must succeed on a DC 19 Dexterity saving throw or take 13 (2d6 + 6) bludgeoning damage and be knocked prone. The dragon can then fly up to half its flying speed.,3,,Free Basic Rules (2014),https://files.d20.io/images/390056601/pWD-JGsnFvsSCma8Vjkofg/original.png
Adult Gold Dragon,Huge,dragon,Lawful Good,19 (Natural Armor),256 (19d12+133),"40 ft., fly 80 ft., swim 40 ft.",17,"18,000",27,+8,14,+2,25,+7,16,+3,15,+2,24,+7,"Dex +8, Con +13, Wis +8, Cha +13","Insight +8, Perception +14, Persuasion +13, Stealth +8",24,"Blindsight 60 Ft., Darkvision 120 Ft.","Common, Draconic",,,,Fire,,,,,"Amphibious: The dragon can breathe air and water. | Legendary Resistance (3/Day): If the dragon fails a saving throw, it can choose to succeed instead.","Multiattack: The dragon can use its Frightful Presence. It then makes three attacks: one with its bite and two with its claws. | Bite:  | Claw:  | Tail:  | Frightful Presence: Each creature of the dragon's choice that is within 120 feet of the dragon and aware of it must succeed on a DC 21 Wisdom saving throw or become frightened for 1 minute. A creature can repeat the saving throw at the end of each of its turns, ending the effect on itself on a success. If a creature's saving throw is successful or the effect ends for it, the creature is immune to the dragon's Frightful Presence for the next 24 hours. | Breath Weapons (Recharge 5-6): The dragon uses one of the following breath weapons. Fire Breath. The dragon exhales fire in a 60-foot cone. Each creature in that area must make a DC 21 Dexterity saving throw, taking 66 (12d10) fire damage on a failed save, or half as much damage on a successful one. Weakening Breath. The dragon exhales gas in a 60-foot cone. Each creature in that area must succeed on a DC 21 Strength saving throw or have disadvantage on Strength-based attack rolls, Strength checks, and Strength saving throws for 1 minute. A creature can repeat the saving throw at the end of each of its turns, ending the effect on itself on a success. | Change Shape: The dragon magically polymorphs into a humanoid or beast that has a challenge rating no higher than its own, or back into its true form. It reverts to its true form if it dies. Any equipment it is wearing or carrying is absorbed or borne by the new form (the dragon's choice). In a new form, the dragon retains its alignment, hit points, Hit Dice, ability to speak, proficiencies, Legendary Resistance, lair actions, and Intelligence, Wisdom, and Charisma scores, as well as this action. Its statistics and capabilities are otherwise replaced by those of the new form, except any class features or legendary actions of that form.",,,Detect: The dragon makes a Wisdom (Perception) check. | Tail Attack: The dragon makes a tail attack. | Wing Attack (Costs 2 Actions): The dragon beats its wings. Each creature within 10 ft. of the dragon must succeed on a DC 22 Dexterity saving throw or take 15 (2d6 + 8) bludgeoning damage and be knocked prone. The dragon can then fly up to half its flying speed.,3,,Free Basic Rules (2014),https://files.d20.io/images/390056744/1v2hUmqO7CJmvEzFisAKRw/original.png
Adult Green Dragon,Huge,dragon,Lawful Evil,19 (Natural Armor),207 (18d12+90),"40 ft., fly 80 ft., swim 40 ft.",15,"13,000",23,+6,12,+1,21,+5,18,+4,15,+2,17,+3,"Dex +6, Con +10, Wis +7, Cha +8","Deception +8, Insight +7, Perception +12, Persuasion +8, Stealth +6",22,"Blindsight 60 Ft., Darkvision 120 Ft.","Common, Draconic",,,,Poison,Poisoned,,,,"Amphibious: The dragon can breathe air and water. | Legendary Resistance (3/Day): If the dragon fails a saving throw, it can choose to succeed instead.","Multiattack: The dragon can use its Frightful Presence. It then makes three attacks: one with its bite and two with its claws. | Bite:  | Claw:  | Tail:  | Frightful Presence: Each creature of the dragon's choice that is within 120 feet of the dragon and aware of it must succeed on a DC 16 Wisdom saving throw or become frightened for 1 minute. A creature can repeat the saving throw at the end of each of its turns, ending the effect on itself on a success. If a creature's saving throw is successful or the effect ends for it, the creature is immune to the dragon's Frightful Presence for the next 24 hours. | Poison Breath (Recharge 5-6): The dragon exhales poisonous gas in a 60-foot cone. Each creature in that area must make a DC 18 Constitution saving throw, taking 56 (16d6) poison damage on a failed save, or half as much damage on a successful one.",,,Detect: The dragon makes a Wisdom (Perception) check. | Tail Attack: The dragon makes a tail attack. | Wing Attack (Costs 2 Actions): The dragon beats its wings. Each creature within 10 ft. of the dragon must succeed on a DC 19 Dexterity saving throw or take 13 (2d6 + 6) bludgeoning damage and be knocked prone. The dragon can then fly up to half its flying speed.,3,,Free Basic Rules (2014),https://files.d20.io/images/390056817/0GtEOIkUqE5ZSF-Xgu-OzQ/original.png
Adult Red Dragon,Huge,dragon,Chaotic Evil,19 (Natural Armor),256 (19d12+133),"40 ft., climb 40 ft., fly 80 ft.",17,"18,000",27,+8,10,+0,25,+7,16,+3,13,+1,21,+5,"Dex +6, Con +13, Wis +7, Cha +11","Perception +13, Stealth +6",23,"Blindsight 60 Ft., Darkvision 120 Ft.","Common, Draconic",,,,Fire,,,,,"Legendary Resistance (3/Day): If the dragon fails a saving throw, it can choose to succeed instead.","Multiattack: The dragon can use its Frightful Presence. It then makes three attacks: one with its bite and two with its claws. | Bite:  | Claw:  | Tail:  | Frightful Presence: Each creature of the dragon's choice that is within 120 ft. of the dragon and aware of it must succeed on a DC 19 Wisdom saving throw or become frightened for 1 minute. A creature can repeat the saving throw at the end of each of its turns, ending the effect on itself on a success. If a creature's saving throw is successful or the effect ends for it, the creature is immune to the dragon's Frightful Presence for the next 24 hours. | Fire Breath (Recharge 5-6): The dragon exhales fire in a 60-foot cone. Each creature in that area must make a DC 21 Dexterity saving throw, taking 63 (18d6) fire damage on a failed save, or half as much damage on a successful one.",,,Detect: The dragon makes a Wisdom (Perception) check. | Tail Attack: The dragon makes a tail attack. | Wing Attack (Costs 2 Actions): The dragon beats its wings. Each creature within 10 ft. of the dragon must succeed on a DC 22 Dexterity saving throw or take 15 (2d6 + 8) bludgeoning damage and be knocked prone. The dragon can then fly up to half its flying speed.,3,,Free Basic Rules (2014),https://files.d20.io/images/390056921/JkAY2BnZBWR-IYsYkqx3_Q/original.png
Adult Silver Dragon,Huge,dragon,Lawful Good,19 (Natural Armor),243 (18d12+126),"40 ft., fly 80 ft.",16,"15,000",27,+8,10,+0,25,+7,16,+3,13,+1,21,+5,"Dex +5, Con +12, Wis +6, Cha +10","Arcana +8, History +8, Perception +11, Stealth +5",21,"Blindsight 60 Ft., Darkvision 120 Ft.","Common, Draconic",,,,Cold,,,,,"Legendary Resistance (3/Day): If the dragon fails a saving throw, it can choose to succeed instead.","Multiattack: The dragon can use its Frightful Presence. It then makes three attacks: one with its bite and two with its claws. | Bite:  | Claw:  | Tail:  | Frightful Presence: Each creature of the dragon's choice that is within 120 feet of the dragon and aware of it must succeed on a DC 18 Wisdom saving throw or become frightened for 1 minute. A creature can repeat the saving throw at the end of each of its turns, ending the effect on itself on a success. If a creature's saving throw is successful or the effect ends for it, the creature is immune to the dragon's Frightful Presence for the next 24 hours. | Breath Weapons (Recharge 5-6): The dragon uses one of the following breath weapons. Cold Breath. The dragon exhales an icy blast in a 60-foot cone. Each creature in that area must make a DC 20 Constitution saving throw, taking 58 (13d8) cold damage on a failed save, or half as much damage on a successful one. Paralyzing Breath. The dragon exhales paralyzing gas in a 60-foot cone. Each creature in that area must succeed on a DC 20 Constitution saving throw or be paralyzed for 1 minute. A creature can repeat the saving throw at the end of each of its turns, ending the effect on itself on a success. | Change Shape: The dragon magically polymorphs into a humanoid or beast that has a challenge rating no higher than its own, or back into its true form. It reverts to its true form if it dies. Any equipment it is wearing or carrying is absorbed or borne by the new form (the dragon's choice). In a new form, the dragon retains its alignment, hit points, Hit Dice, ability to speak, proficiencies, Legendary Resistance, lair actions, and Intelligence, Wisdom, and Charisma scores, as well as this action. Its statistics and capabilities are otherwise replaced by those of the new form, except any class features or legendary actions of that form.",,,Detect: The dragon makes a Wisdom (Perception) check. | Tail Attack: The dragon makes a tail attack. | Wing Attack (Costs 2 Actions): The dragon beats its wings. Each creature within 10 ft. of the dragon must succeed on a DC 22 Dexterity saving throw or take 15 (2d6 + 8) bludgeoning damage and be knocked prone. The dragon can then fly up to half its flying speed.,3,,Free Basic Rules (2014),https://files.d20.io/images/390056932/8Kr2n8GZDvgVkuWRGw_vFQ/original.png
Adult White Dragon,Huge,dragon,Chaotic Evil,18 (Natural Armor),200 (16d12+96),"40 ft., burrow 30 ft., fly 80 ft., swim 40 ft.",13,"10,000",22,+6,10,+0,22,+6,8,-1,12,+1,12,+1,"Dex +5, Con +11, Wis +6, Cha +6","Perception +11, Stealth +5",21,"Blindsight 60 Ft., Darkvision 120 Ft.","Common, Draconic",,,,Cold,,,,,"Ice Walk: The dragon can move across and climb icy surfaces without needing to make an ability check. Additionally, difficult terrain composed of ice or snow doesn't cost it extra moment. | Legendary Resistance (3/Day): If the dragon fails a saving throw, it can choose to succeed instead.","Multiattack: The dragon can use its Frightful Presence. It then makes three attacks: one with its bite and two with its claws. | Bite:  | Claw:  | Tail:  | Frightful Presence: Each creature of the dragon's choice that is within 120 ft. of the dragon and aware of it must succeed on a DC 14 Wisdom saving throw or become frightened for 1 minute. A creature can repeat the saving throw at the end of each of its turns, ending the effect on itself on a success. If a creature's saving throw is successful or the effect ends for it, the creature is immune to the dragon's Frightful Presence for the next 24 hours. | Cold Breath (Recharge 5-6): The dragon exhales an icy blast in a 60-foot cone. Each creature in that area must make a DC 19 Constitution saving throw, taking 54 (12d8) cold damage on a failed save, or half as much damage on a successful one.",,,Detect: The dragon makes a Wisdom (Perception) check. | Tail Attack: The dragon makes a tail attack. | Wing Attack (Costs 2 Actions): The dragon beats its wings. Each creature within 10 ft. of the dragon must succeed on a DC 19 Dexterity saving throw or take 13 (2d6 + 6) bludgeoning damage and be knocked prone. The dragon can then fly up to half its flying speed.,3,,Free Basic Rules (2014),https://files.d20.io/images/390057038/PCc1ghxY4KIMrNo_-Q63GA/original.png
Air Elemental,Large,elemental,Neutral,15,90 (12d10+24),"0 ft., fly 90 ft. (hover)",5,"1,800",14,+2,20,+5,14,+2,6,-2,10,+0,6,-2,,,10,Darkvision 60 Ft.,Auran,,,"Lightning; Thunder; Bludgeoning, Piercing, and Slashing From Nonmagical Attacks",Poison,"Exhaustion, Grappled, Paralyzed, Petrified, Poisoned, Prone, Restrained, Unconscious",,,,Air Form: The elemental can enter a hostile creature's space and stop there. It can move through a space as narrow as 1 inch wide without squeezing.,"Multiattack: The elemental makes two slam attacks. | Slam:  | Whirlwind (Recharge 4-6): Each creature in the elemental's space must make a DC 13 Strength saving throw. On a failure, a target takes 15 (3d8 + 2) bludgeoning damage and is flung up 20 feet away from the elemental in a random direction and knocked prone. If a thrown target strikes an object, such as a wall or floor, the target takes 3 (1d6) bludgeoning damage for every 10 feet it was thrown. If the target is thrown at another creature, that creature must succeed on a DC 13 Dexterity saving throw or take the same damage and be knocked prone. If the saving throw is successful, the target takes half the bludgeoning damage and isn't flung away or knocked prone.",,,,,,Free Basic Rules (2014),https://files.d20.io/images/390057056/6UF47CwAlWj4PHYlGxCQkw/original.png
Ancient Black Dragon,Gargantuan,dragon,Chaotic Evil,22 (Natural Armor),367 (21d20+147),"40 ft., fly 80 ft., swim 40 ft.",21,"33,000",27,+8,14,+2,25,+7,16,+3,15,+2,19,+4,"Dex +9, Con +14, Wis +9, Cha +11","Perception +16, Stealth +9",26,"Blindsight 60 Ft., Darkvision 120 Ft.","Common, Draconic",,,,Acid,,,,,"Amphibious: The dragon can breathe air and water. | Legendary Resistance (3/Day): If the dragon fails a saving throw, it can choose to succeed instead.","Multiattack: The dragon can use its Frightful Presence. It then makes three attacks: one with its bite and two with its claws. | Bite:  | Claw:  | Tail:  | Frightful Presence: Each creature of the dragon's choice that is within 120 feet of the dragon and aware of it must succeed on a DC 19 Wisdom saving throw or become frightened for 1 minute. A creature can repeat the saving throw at the end of each of its turns, ending the effect on itself on a success. If a creature's saving throw is successful or the effect ends for it, the creature is immune to the dragon's Frightful Presence for the next 24 hours. | Acid Breath (Recharge 5-6): The dragon exhales acid in a 90-foot line that is 10 feet wide. Each creature in that line must make a DC 22 Dexterity saving throw, taking 67 (15d8) acid damage on a failed save, or half as much damage on a successful one.",,,Detect: The dragon makes a Wisdom (Perception) check. | Tail Attack: The dragon makes a tail attack. | Wing Attack (Costs 2 Actions): The dragon beats its wings. Each creature within 15 ft. of the dragon must succeed on a DC 23 Dexterity saving throw or take 15 (2d6 + 8) bludgeoning damage and be knocked prone. The dragon can then fly up to half its flying speed.,3,,Free Basic Rules (2014),https://files.d20.io/images/390057162/eXZjeM2K1j28wJS90mMY0A/original.png
Ancient Blue Dragon,Gargantuan,dragon,Lawful Evil,22 (Natural Armor),481 (26d20+208),"40 ft., burrow 40 ft., fly 80 ft.",23,"50,000",29,+9,10,+0,27,+8,18,+4,17,+3,21,+5,"Dex +7, Con +15, Wis +10, Cha +12","Perception +17, Stealth +7",27,"Blindsight 60 Ft., Darkvision 120 Ft.","Common, Draconic",,,,Lightning,,,,,"Legendary Resistance (3/Day): If the dragon fails a saving throw, it can choose to succeed instead.","Multiattack: The dragon can use its Frightful Presence. It then makes three attacks: one with its bite and two with its claws. | Bite:  | Claw:  | Tail:  | Frightful Presence: Each creature of the dragon's choice that is within 120 feet of the dragon and aware of it must succeed on a DC 20 Wisdom saving throw or become frightened for 1 minute. A creature can repeat the saving throw at the end of each of its turns, ending the effect on itself on a success. If a creature's saving throw is successful or the effect ends for it, the creature is immune to the dragon's Frightful Presence for the next 24 hours. | Lightning Breath (Recharge 5-6): The dragon exhales lightning in a 120-foot line that is 10 feet wide. Each creature in that line must make a DC 23 Dexterity saving throw, taking 88 (16d10) lightning damage on a failed save, or half as much damage on a successful one.",,,Detect: The dragon makes a Wisdom (Perception) check. | Tail Attack: The dragon makes a tail attack. | Wing Attack (Costs 2 Actions): The dragon beats its wings. Each creature within 15 ft. of the dragon must succeed on a DC 24 Dexterity saving throw or take 16 (2d6 + 9) bludgeoning damage and be knocked prone. The dragon can then fly up to half its flying speed.,3,,Free Basic Rules (2014),https://files.d20.io/images/390057246/qMQ1Ek2kdQbMHltSaPc9Tw/original.png
Ancient Brass Dragon,Gargantuan,dragon,Chaotic Good,20 (Natural Armor),297 (17d20+119),"40 ft., burrow 40 ft., fly 80 ft.",20,"25,000",27,+8,10,+0,25,+7,16,+3,15,+2,19,+4,"Dex +6, Con +13, Wis +8, Cha +10","History +9, Perception +14, Persuasion +10, Stealth +6",24,"Blindsight 60 Ft., Darkvision 120 Ft.","Common, Draconic",,,,Fire,,,,,"Legendary Resistance (3/Day): If the dragon fails a saving throw, it can choose to succeed instead.","Multiattack: The dragon can use its Frightful Presence. It then makes three attacks: one with its bite and two with its claws. | Bite:  | Claw:  | Tail:  | Frightful Presence: Each creature of the dragon's choice that is within 120 feet of the dragon and aware of it must succeed on a DC 18 Wisdom saving throw or become frightened for 1 minute. A creature can repeat the saving throw at the end of each of its turns, ending the effect on itself on a success. If a creature's saving throw is successful or the effect ends for it, the creature is immune to the dragon's Frightful Presence for the next 24 hours. | Breath Weapons (Recharge 5-6): The dragon uses one of the following breath weapons: Fire Breath. The dragon exhales fire in an 90-foot line that is 10 feet wide. Each creature in that line must make a DC 21 Dexterity saving throw, taking 56 (16d6) fire damage on a failed save, or half as much damage on a successful one. Sleep Breath. The dragon exhales sleep gas in a 90-foot cone. Each creature in that area must succeed on a DC 21 Constitution saving throw or fall unconscious for 10 minutes. This effect ends for a creature if the creature takes damage or someone uses an action to wake it. | Change Shape: The dragon magically polymorphs into a humanoid or beast that has a challenge rating no higher than its own, or back into its true form. It reverts to its true form if it dies. Any equipment it is wearing or carrying is absorbed or borne by the new form (the dragon's choice). In a new form, the dragon retains its alignment, hit points, Hit Dice, ability to speak, proficiencies, Legendary Resistance, lair actions, and Intelligence, Wisdom, and Charisma scores, as well as this action. Its statistics and capabilities are otherwise replaced by those of the new form, except any class features or legendary actions of that form.",,,Detect: The dragon makes a Wisdom (Perception) check. | Tail Attack: The dragon makes a tail attack. | Wing Attack (Costs 2 Actions): The dragon beats its wings. Each creature within 15 ft. of the dragon must succeed on a DC 22 Dexterity saving throw or take 15 (2d6 + 8) bludgeoning damage and be knocked prone. The dragon can then fly up to half its flying speed.,3,,Free Basic Rules (2014),https://files.d20.io/images/390057257/tc8e6_ThWmFY0XcwJxbpQg/original.png
Ancient Bronze Dragon,Gargantuan,dragon,Lawful Good,22 (Natural Armor),444 (24d20+192),"40 ft., fly 80 ft., swim 40 ft.",22,"41,000",29,+9,10,+0,27,+8,18,+4,17,+3,21,+5,"Dex +7, Con +15, Wis +10, Cha +12","Insight +10, Perception +17, Stealth +7",27,"Blindsight 60 Ft., Darkvision 120 Ft.","Common, Draconic",,,,Lightning,,,,,"Amphibious: The dragon can breathe air and water. | Legendary Resistance (3/Day): If the dragon fails a saving throw, it can choose to succeed instead.","Multiattack: The dragon can use its Frightful Presence. It then makes three attacks: one with its bite and two with its claws. | Bite:  | Claw:  | Tail:  | Frightful Presence: Each creature of the dragon's choice that is within 120 feet of the dragon and aware of it must succeed on a DC 20 Wisdom saving throw or become frightened for 1 minute. A creature can repeat the saving throw at the end of each of its turns, ending the effect on itself on a success. If a creature's saving throw is successful or the effect ends for it, the creature is immune to the dragon's Frightful Presence for the next 24 hours. | Breath Weapons (Recharge 5-6): The dragon uses one of the following breath weapons. Lightning Breath. The dragon exhales lightning in a 120-foot line that is 10 feet wide. Each creature in that line must make a DC 23 Dexterity saving throw, taking 88 (16d10) lightning damage on a failed save, or half as much damage on a successful one. Repulsion Breath. The dragon exhales repulsion energy in a 30-foot cone. Each creature in that area must succeed on a DC 23 Strength saving throw. On a failed save, the creature is pushed 60 feet away from the dragon. | Change Shape: The dragon magically polymorphs into a humanoid or beast that has a challenge rating no higher than its own, or back into its true form. It reverts to its true form if it dies. Any equipment it is wearing or carrying is absorbed or borne by the new form (the dragon's choice). In a new form, the dragon retains its alignment, hit points, Hit Dice, ability to speak, proficiencies, Legendary Resistance, lair actions, and Intelligence, Wisdom, and Charisma scores, as well as this action. Its statistics and capabilities are otherwise replaced by those of the new form, except any class features or legendary actions of that form.",,,Detect: The dragon makes a Wisdom (Perception) check. | Tail Attack: The dragon makes a tail attack. | Wing Attack (Costs 2 Actions): The dragon beats its wings. Each creature within 15 ft. of the dragon must succeed on a DC 24 Dexterity saving throw or take 16 (2d6 + 9) bludgeoning damage and be knocked prone. The dragon can then fly up to half its flying speed.,3,,Free Basic Rules (2014),https://files.d20.io/images/390057293/gJeQHM4bZbY3m7uzD0oEoA/original.png
Ancient Copper Dragon,Gargantuan,dragon,Chaotic Good,21 (Natural Armor),350 (20d20+140),"40 ft., climb 40 ft., fly 80 ft.",21,"33,000",27,+8,12,+1,25,+7,20,+5,17,+3,19,+4,"Dex +8, Con +14, Wis +10, Cha +11","Deception +11, Perception +17, Stealth +8",27,"Blindsight 60 Ft., Darkvision 120 Ft.","Common, Draconic",,,,Acid,,,,,"Legendary Resistance (3/Day): If the dragon fails a saving throw, it can choose to succeed instead.","Multiattack: The dragon can use its Frightful Presence. It then makes three attacks: one with its bite and two with its claws. | Bite:  | Claw:  | Tail:  | Frightful Presence: Each creature of the dragon's choice that is within 120 feet of the dragon and aware of it must succeed on a DC 19 Wisdom saving throw or become frightened for 1 minute. A creature can repeat the saving throw at the end of each of its turns, ending the effect on itself on a success. If a creature's saving throw is successful or the effect ends for it, the creature is immune to the dragon's Frightful Presence for the next 24 hours. | Breath Weapons (Recharge 5-6): The dragon uses one of the following breath weapons. Acid Breath. The dragon exhales acid in an 90-foot line that is 10 feet wide. Each creature in that line must make a DC 22 Dexterity saving throw, taking 63 (14d8) acid damage on a failed save, or half as much damage on a successful one. Slowing Breath. The dragon exhales gas in a 90-foot cone. Each creature in that area must succeed on a DC 22 Constitution saving throw. On a failed save, the creature can't use reactions, its speed is halved, and it can't make more than one attack on its turn. In addition, the creature can use either an action or a bonus action on its turn, but not both. These effects last for 1 minute. The creature can repeat the saving throw at the end of each of its turns, ending the effect on itself with a successful save. | Change Shape: The dragon magically polymorphs into a humanoid or beast that has a challenge rating no higher than its own, or back into its true form. It reverts to its true form if it dies. Any equipment it is wearing or carrying is absorbed or borne by the new form (the dragon's choice). In a new form, the dragon retains its alignment, hit points, Hit Dice, ability to speak, proficiencies, Legendary Resistance, lair actions, and Intelligence, Wisdom, and Charisma scores, as well as this action. Its statistics and capabilities are otherwise replaced by those of the new form, except any class features or legendary actions of that form.",,,Detect: The dragon makes a Wisdom (Perception) check. | Tail Attack: The dragon makes a tail attack. | Wing Attack (Costs 2 Actions): The dragon beats its wings. Each creature within 15 ft. of the dragon must succeed on a DC 23 Dexterity saving throw or take 15 (2d6 + 8) bludgeoning damage and be knocked prone. The dragon can then fly up to half its flying speed.,3,,Free Basic Rules (2014),https://files.d20.io/images/390057143/UanxlWJU0Mo5OImTkA3YJg/original.png
Ancient Gold Dragon,Gargantuan,dragon,Lawful Good,22 (Natural Armor),546 (28d20+252),"40 ft., fly 80 ft., swim 40 ft.",24,"62,000",30,+10,14,+2,29,+9,18,+4,17,+3,28,+9,"Dex +9, Con +16, Wis +10, Cha +16","Insight +10, Perception +17, Persuasion +16, Stealth +9",27,"Blindsight 60 Ft., Darkvision 120 Ft.","Common, Draconic",,,,Fire,,,,,"Amphibious: The dragon can breathe air and water. | Legendary Resistance (3/Day): If the dragon fails a saving throw, it can choose to succeed instead.","Multiattack: The dragon can use its Frightful Presence. It then makes three attacks: one with its bite and two with its claws. | Bite:  | Claw:  | Tail:  | Frightful Presence: Each creature of the dragon's choice that is within 120 feet of the dragon and aware of it must succeed on a DC 24 Wisdom saving throw or become frightened for 1 minute. A creature can repeat the saving throw at the end of each of its turns, ending the effect on itself on a success. If a creature's saving throw is successful or the effect ends for it, the creature is immune to the dragon's Frightful Presence for the next 24 hours. | Breath Weapons (Recharge 5-6): The dragon uses one of the following breath weapons. Fire Breath. The dragon exhales fire in a 90-foot cone. Each creature in that area must make a DC 24 Dexterity saving throw, taking 71 (13d10) fire damage on a failed save, or half as much damage on a successful one. Weakening Breath. The dragon exhales gas in a 90-foot cone. Each creature in that area must succeed on a DC 24 Strength saving throw or have disadvantage on Strength-based attack rolls, Strength checks, and Strength saving throws for 1 minute. A creature can repeat the saving throw at the end of each of its turns, ending the effect on itself on a success. | Change Shape: The dragon magically polymorphs into a humanoid or beast that has a challenge rating no higher than its own, or back into its true form. It reverts to its true form if it dies. Any equipment it is wearing or carrying is absorbed or borne by the new form (the dragon's choice). In a new form, the dragon retains its alignment, hit points, Hit Dice, ability to speak, proficiencies, Legendary Resistance, lair actions, and Intelligence, Wisdom, and Charisma scores, as well as this action. Its statistics and capabilities are otherwise replaced by those of the new form, except any class features or legendary actions of that form.",,,Detect: The dragon makes a Wisdom (Perception) check. | Tail Attack: The dragon makes a tail attack. | Wing Attack (Costs 2 Actions): The dragon beats its wings. Each creature within 15 ft. of the dragon must succeed on a DC 25 Dexterity saving throw or take 17 (2d6 + 10) bludgeoning damage and be knocked prone. The dragon can then fly up to half its flying speed.,3,,Free Basic Rules (2014),https://files.d20.io/images/390057416/yt7l1n5HHZhPhqIM14uYAg/original.png
Ancient Green Dragon,Gargantuan,dragon,Lawful Evil,21 (Natural Armor),385 (22d20+154),"40 ft., fly 80 ft., swim 40 ft.",22,"41,000",27,+8,12,+1,25,+7,20,+5,17,+3,19,+4,"Dex +8, Con +14, Wis +10, Cha +11","Deception +11, Insight +10, Perception +17, Persuasion +11, Stealth +8",27,"Blindsight 60 Ft., Darkvision 120 Ft.","Common, Draconic",,,,Poison,Poisoned,,,,"Amphibious: The dragon can breathe air and water. | Legendary Resistance (3/Day): If the dragon fails a saving throw, it can choose to succeed instead.","Multiattack: The dragon can use its Frightful Presence. It then makes three attacks: one with its bite and two with its claws. | Bite:  | Claw:  | Tail:  | Frightful Presence: Each creature of the dragon's choice that is within 120 feet of the dragon and aware of it must succeed on a DC 19 Wisdom saving throw or become frightened for 1 minute. A creature can repeat the saving throw at the end of each of its turns, ending the effect on itself on a success. If a creature's saving throw is successful or the effect ends for it, the creature is immune to the dragon's Frightful Presence for the next 24 hours. | Poison Breath (Recharge 5-6): The dragon exhales poisonous gas in a 90-foot cone. Each creature in that area must make a DC 22 Constitution saving throw, taking 77 (22d6) poison damage on a failed save, or half as much damage on a successful one.",,,Detect: The dragon makes a Wisdom (Perception) check. | Tail Attack: The dragon makes a tail attack. | Wing Attack (Costs 2 Actions): The dragon beats its wings. Each creature within 15 ft. of the dragon must succeed on a DC 23 Dexterity saving throw or take 15 (2d6 + 8) bludgeoning damage and be knocked prone. The dragon can then fly up to half its flying speed.,3,,Free Basic Rules (2014),https://files.d20.io/images/390057435/dmQC1Z26MQdqXLCPi4OnwA/original.png
Ancient Red Dragon,Gargantuan,dragon,Chaotic Evil,22 (Natural Armor),546 (28d20+252),"40 ft., climb 40 ft., fly 80 ft.",24,"62,000",30,+10,10,+0,29,+9,18,+4,15,+2,23,+6,"Dex +7, Con +16, Wis +9, Cha +13","Perception +16, Stealth +7",26,"Blindsight 60 Ft., Darkvision 120 Ft.","Common, Draconic",,,,Fire,,,,,"Legendary Resistance (3/Day): If the dragon fails a saving throw, it can choose to succeed instead.","Multiattack: The dragon can use its Frightful Presence. It then makes three attacks: one with its bite and two with its claws. | Bite:  | Claw:  | Tail:  | Frightful Presence: Each creature of the dragon's choice that is within 120 feet of the dragon and aware of it must succeed on a DC 21 Wisdom saving throw or become frightened for 1 minute. A creature can repeat the saving throw at the end of each of its turns, ending the effect on itself on a success. If a creature's saving throw is successful or the effect ends for it, the creature is immune to the dragon's Frightful Presence for the next 24 hours. | Fire Breath (Recharge 5-6): The dragon exhales fire in a 90-foot cone. Each creature in that area must make a DC 24 Dexterity saving throw, taking 91 (26d6) fire damage on a failed save, or half as much damage on a successful one.",,,Detect: The dragon makes a Wisdom (Perception) check. | Tail Attack: The dragon makes a tail attack. | Wing Attack (Costs 2 Actions): The dragon beats its wings. Each creature within 15 ft. of the dragon must succeed on a DC 25 Dexterity saving throw or take 17 (2d6 + 10) bludgeoning damage and be knocked prone. The dragon can then fly up to half its flying speed.,3,,Free Basic Rules (2014),https://files.d20.io/images/390057514/A6gC7CSOjYXdxo55095_Jg/original.png
Ancient Silver Dragon,Gargantuan,dragon,Lawful Good,22 (Natural Armor),487 (25d20+225),"40 ft., fly 80 ft.",23,"50,000",30,+10,10,+0,29,+9,18,+4,15,+2,23,+6,"Dex +7, Con +16, Wis +9, Cha +13","Arcana +11, History +11, Perception +16, Stealth +7",26,"Blindsight 60 Ft., Darkvision 120 Ft.","Common, Draconic",,,,Cold,,,,,"Legendary Resistance (3/Day): If the dragon fails a saving throw, it can choose to succeed instead.","Multiattack: The dragon can use its Frightful Presence. It then makes three attacks: one with its bite and two with its claws. | Bite:  | Claw:  | Tail:  | Frightful Presence: Each creature of the dragon's choice that is within 120 feet of the dragon and aware of it must succeed on a DC 21 Wisdom saving throw or become frightened for 1 minute. A creature can repeat the saving throw at the end of each of its turns, ending the effect on itself on a success. If a creature's saving throw is successful or the effect ends for it, the creature is immune to the dragon's Frightful Presence for the next 24 hours. | Breath Weapons (Recharge 5-6): The dragon uses one of the following breath weapons. Cold Breath. The dragon exhales an icy blast in a 90-foot cone. Each creature in that area must make a DC 24 Constitution saving throw, taking 67 (15d8) cold damage on a failed save, or half as much damage on a successful one. Paralyzing Breath. The dragon exhales paralyzing gas in a 90- foot cone. Each creature in that area must succeed on a DC 24 Constitution saving throw or be paralyzed for 1 minute. A creature can repeat the saving throw at the end of each of its turns, ending the effect on itself on a success. | Change Shape: The dragon magically polymorphs into a humanoid or beast that has a challenge rating no higher than its own, or back into its true form. It reverts to its true form if it dies. Any equipment it is wearing or carrying is absorbed or borne by the new form (the dragon's choice). In a new form, the dragon retains its alignment, hit points, Hit Dice, ability to speak, proficiencies, Legendary Resistance, lair actions, and Intelligence, Wisdom, and Charisma scores, as well as this action. Its statistics and capabilities are otherwise replaced by those of the new form, except any class features or legendary actions of that form.",,,Detect: The dragon makes a Wisdom (Perception) check. | Tail Attack: The dragon makes a tail attack. | Wing Attack (Costs 2 Actions): The dragon beats its wings. Each creature within 15 ft. of the dragon must succeed on a DC 25 Dexterity saving throw or take 17 (2d6 + 10) bludgeoning damage and be knocked prone. The dragon can then fly up to half its flying speed.,3,,Free Basic Rules (2014),https://files.d20.io/images/390057527/JA6AKjjTQxk60HNsR2l_ww/original.png
Ancient White Dragon,Gargantuan,dragon,Chaotic Evil,20 (Natural Armor),333 (18d20+144),"40 ft., burrow 40 ft., fly 80 ft., swim 40 ft.",20,"25,000",26,+8,10,+0,26,+8,10,+0,13,+1,14,+2,"Dex +6, Con +14, Wis +7, Cha +8","Perception +13, Stealth +6",23,"Blindsight 60 Ft., Darkvision 120 Ft.","Common, Draconic",,,,Cold,,,,,"Ice Walk: The dragon can move across and climb icy surfaces without needing to make an ability check. Additionally, difficult terrain composed of ice or snow doesn't cost it extra moment. | Legendary Resistance (3/Day): If the dragon fails a saving throw, it can choose to succeed instead.","Multiattack: The dragon can use its Frightful Presence. It then makes three attacks: one with its bite and two with its claws. | Bite:  | Claw:  | Tail:  | Frightful Presence: Each creature of the dragon's choice that is within 120 feet of the dragon and aware of it must succeed on a DC 16 Wisdom saving throw or become frightened for 1 minute. A creature can repeat the saving throw at the end of each of its turns, ending the effect on itself on a success. If a creature's saving throw is successful or the effect ends for it, the creature is immune to the dragon's Frightful Presence for the next 24 hours. | Cold Breath (Recharge 5-6): The dragon exhales an icy blast in a 90-foot cone. Each creature in that area must make a DC 22 Constitution saving throw, taking 72 (16d8) cold damage on a failed save, or half as much damage on a successful one.",,,Detect: The dragon makes a Wisdom (Perception) check. | Tail Attack: The dragon makes a tail attack. | Wing Attack (Costs 2 Actions): The dragon beats its wings. Each creature within 15 ft. of the dragon must succeed on a DC 22 Dexterity saving throw or take 15 (2d6 + 8) bludgeoning damage and be knocked prone. The dragon can then fly up to half its flying speed.,3,,Free Basic Rules (2014),https://files.d20.io/images/390057538/mXKJVbH_CopFUdc2ocz3VA/original.png
Androsphinx,Large,monstrosity,Lawful Neutral,17 (Natural Armor),199 (19d10+95),"40 ft., fly 60 ft.",17,"18,000",22,+6,10,+0,20,+5,16,+3,18,+4,23,+6,"Dex +6, Con +11, Int +9, Wis +10","Arcana +9, Perception +10, Religion +15",20,Truesight 120 Ft.,"Common, Sphinx",,,,"Psychic; Bludgeoning, Piercing, and Slashing From Nonmagical Attacks","Charmed, Frightened",,,,"Inscrutable: The sphinx is immune to any effect that would sense its emotions or read its thoughts, as well as any divination spell that it refuses. Wisdom (Insight) checks made to ascertain the sphinx's intentions or sincerity have disadvantage. | Magic Weapons: The sphinx's weapon attacks are magical. | Spellcasting: The sphinx is a 12th-level spellcaster. Its spellcasting ability is Wisdom (spell save DC 18, +10 to hit with spell attacks). It requires no material components to cast its spells. The sphinx has the following cleric spells prepared:   • Cantrips (at will): sacred flame, spare the dying, thaumaturgy • 1st level (4 slots): command, detect evil and good, detect magic • 2nd level (3 slots): lesser restoration, zone of truth • 3rd level (3 slots): dispel magic, tongues • 4th level (3 slots): banishment, freedom of movement • 5th level (2 slots): flame strike, greater restoration • 6th level (1 slot): heroes' feast","Multiattack: The sphinx makes two claw attacks. | Claw:  | Roar (3/Day): The sphinx emits a magical roar. Each time it roars before finishing a long rest, the roar is louder and the effect is different, as detailed below. Each creature within 500 feet of the sphinx and able to hear the roar must make a saving throw.  First Roar. Each creature that fails a DC 18 Wisdom saving throw is frightened for 1 minute. A frightened creature can repeat the saving throw at the end of each of its turns, ending the effect on itself on a success.  Second Roar. Each creature that fails a DC 18 Wisdom saving throw is deafened and frightened for 1 minute. A frightened creature is paralyzed and can repeat the saving throw at the end of each of its turns, ending the effect on itself on a success.  Third Roar. Each creature makes a DC 18 Constitution saving throw. On a failed save, a creature takes 44 (8d10) thunder damage and is knocked prone. On a successful save, the creature takes half as much damage and isn't knocked prone.",,,"Claw Attack: The sphinx makes one claw attack. | Teleport (Costs 2 Actions): The sphinx magically teleports, along with any equipment it is wearing or carrying, up to 120 feet to an unoccupied space it can see. | Cast a Spell (Costs 3 Actions): The sphinx casts a spell from its list of prepared spells, using a spell slot as normal.",3,,Free Basic Rules (2014),https://files.d20.io/images/391832346/Mkt8kFe5AzI4SebzQsHKXw/original.png
Animated Armor,Medium,construct,Unaligned,18 (Natural Armor),33 (6d8+6),25 ft.,1,200,14,+2,11,+0,13,+1,1,-5,3,-4,1,-5,,,6,Blindsight 60 Ft. (Blind Beyond This Radius),,,,,"Poison, Psychic","Blinded, Charmed, Deafened, Exhaustion, Frightened, Paralyzed, Petrified, Poisoned",,,,"Antimagic Susceptibility: The armor is incapacitated while in the area of an antimagic field. If targeted by dispel magic, the armor must succeed on a Constitution saving throw against the caster's spell save DC or fall unconscious for 1 minute. | False Appearance: While the armor remains motionless, it is indistinguishable from a normal suit of armor.",Multiattack: The armor makes two melee attacks. | Slam: ,,,,,,Free Basic Rules (2014),https://files.d20.io/images/390057553/UiSV4bOZw7v7HMEb7iu6yA/original.png
Ankheg,Large,monstrosity,Unaligned,"14 (Natural Armor, 11 While Prone)",39 (6d10+6),"30 ft., burrow 10 ft.",2,450,17,+3,11,+0,13,+1,1,-5,13,+1,6,-2,,,11,"Darkvision 60 Ft., Tremorsense 60 Ft.",,,,,,,,,,,"Bite: If the target is a Large or smaller creature, it is grappled (escape DC 13). Until this grapple ends, the ankheg can bite only the grappled creature and has advantage on attack rolls to do so | Acid Spray (Recharge 6): The ankheg spits acid in a line that is 30 ft. long and 5 ft. wide, provided that it has no creature grappled. Each creature in that line must make a DC 13 Dexterity saving throw, taking 10 (3d6) acid damage on a failed save, or half as much damage on a successful one.",,,,,,Free Basic Rules (2014),https://files.d20.io/images/390057676/3r4CPKGCab4_6mBtYsIBvA/original.png
Ape,Medium,beast,Unaligned,12,19 (3d8+6),"30 ft., climb 30 ft.",1/2,100,16,+3,14,+2,14,+2,6,-2,12,+1,7,-2,,"Athletics +5, Perception +3",13,,,,,,,,,,,,Multiattack: The ape makes two fist attacks. | Fist:  | Rock: ,,,,,,Free Basic Rules (2014),https://files.d20.io/images/390057691/_ncBC1uwPRUeqNSJwJdLrA/original.png
Archmage,Medium,humanoid (any race),Any Alignment,12 (15 With Mage Armor),99 (18d8+18),30 ft.,12,"8,400",10,+0,14,+2,12,+1,20,+5,15,+2,16,+3,"Int +9, Wis +6","Arcana +13, History +13",12,,Any Six Languages,,,"Damage From Spells; Non Magical Bludgeoning, Piercing, And Slashing (From Stoneskin)",,,,,,"Magic Resistance: The archmage has advantage on saving throws against spells and other magical effects. | Spellcasting: The archmage is an 18th-level spellcaster. Its spellcasting ability is Intelligence (spell save DC 17, +9 to hit with spell attacks). The archmage can cast disguise self and invisibility at will and has the following wizard spells prepared:   • Cantrips (at will): fire bolt, light, mage hand, prestidigitation, shocking grasp • 1st level (4 slots): detect magic, identify, mage armor*, magic missile • 2nd level (3 slots): detect thoughts, mirror image, misty step • 3rd level (3 slots): counterspell,fly, lightning bolt • 4th level (3 slots): banishment, fire shield, stoneskin* • 5th level (3 slots): cone of cold, scrying, wall of force • 6th level (1 slot): globe of invulnerability • 7th level (1 slot): teleport • 8th level (1 slot): mind blank* • 9th level (1 slot): time stop * The archmage casts these spells on itself before combat.",Dagger:  | Dagger: ,,,,,,Free Basic Rules (2014),https://files.d20.io/images/390057884/C9huMZZPhckNqTPEQGqxbQ/original.png
Assassin,Medium,humanoid (any race),Any Non-good Alignment,15 (Studded Leather),78 (12d8+24),30 ft.,8,"3,900",11,+0,16,+3,14,+2,13,+1,11,+0,10,+0,"Dex +6, Int +4","Acrobatics +6, Deception +3, Perception +3, Stealth +9",13,,Thieves' Cant Plus Any Two Languages,,,Poison,,,,,,"Assassinate: During its first turn, the assassin has advantage on attack rolls against any creature that hasn't taken a turn. Any hit the assassin scores against a surprised creature is a critical hit. | Evasion: If the assassin is subjected to an effect that allows it to make a Dexterity saving throw to take only half damage, the assassin instead takes no damage if it succeeds on the saving throw, and only half damage if it fails. | Sneak Attack (1/Turn): The assassin deals an extra 13 (4d6) damage when it hits a target with a weapon attack and has advantage on the attack roll, or when the target is within 5 ft. of an ally of the assassin that isn't incapacitated and the assassin doesn't have disadvantage on the attack roll.","Multiattack: The assassin makes two shortsword attacks. | Shortsword: The target must make a DC 15 Constitution saving throw, taking the poison damage on a failed save, or half as much damage on a successful one. | Light Crossbow: The target must make a DC 15 Constitution saving throw, taking the poison damage on a failed save, or half as much damage on a successful one.",,,,,,Free Basic Rules (2014),https://files.d20.io/images/390057896/aZQA-Yi6GNBXG36fd5o5Fg/original.png
Awakened Shrub,Small,plant,Unaligned,9,10 (3d6),20 ft.,0,10,3,-4,8,-1,11,+0,10,+0,10,+0,6,-2,,,10,,One Language Known By Its Creator,Fire,,Piercing,,,,,,"False Appearance: While the shrub remains motionless, it is indistinguishable from a normal shrub.",Rake: ,,,,,,Free Basic Rules (2014),https://files.d20.io/images/390057900/FPgWQx6HDKZQiyb2WtRWVw/original.png
Awakened Tree,Huge,plant,Unaligned,13 (Natural Armor),59 (7d12+14),20 ft.,2,450,19,+4,6,-2,15,+2,10,+0,10,+0,7,-2,,,10,,One Language Known By Its Creator,Fire,,"Bludgeoning, Piercing",,,,,,"False Appearance: While the tree remains motionless, it is indistinguishable from a normal tree.",Slam: ,,,,,,Free Basic Rules (2014),https://files.d20.io/images/390057913/3Ra_FUFDvWaUmIzSsuwBPg/original.png
Axe Beak,Large,beast,Unaligned,11,19 (3d10+3),50 ft.,1/4,50,14,+2,12,+1,12,+1,2,-4,10,+0,5,-3,,,10,,,,,,,,,,,,Beak: ,,,,,,Free Basic Rules (2014),https://files.d20.io/images/390057925/M249fVS6CM7rMsK2Wvc2Ng/original.png
Azer,Medium,elemental,Lawful Neutral,"17 (Natural Armor, Shield)",39 (6d8+12),30 ft.,2,450,17,+3,12,+1,15,+2,12,+1,13,+1,10,+0,Con +4,,11,,Ignan,,,,"Fire, Poison",Poisoned,,,,"Heated Body: A creature that touches the azer or hits it with a melee attack while within 5 ft. of it takes 5 (1d10) fire damage. | Heated Weapons: When the azer hits with a metal melee weapon, it deals an extra 3 (1d6) fire damage (included in the attack). | Illumination: The azer sheds bright light in a 10-foot radius and dim light for an additional 10 ft..",Warhammer: two handed | Warhammer: one handed,,,,,,Free Basic Rules (2014),https://files.d20.io/images/390057935/IEc7887lwjpyaSP5f8Eziw/original.png
Baboon,Small,beast,Unaligned,12,3 (1d6),"30 ft., climb 30 ft.",0,10,8,-1,14,+2,11,+0,4,-3,12,+1,6,-2,,,11,,,,,,,,,,,Pack Tactics: The baboon has advantage on an attack roll against a creature if at least one of the baboon's allies is within 5 ft. of the creature and the ally isn't incapacitated.,Bite: ,,,,,,Free Basic Rules (2014),https://files.d20.io/images/390058080/Qs41s1wx74CmT7VYWrwWdg/original.png
Badger,Tiny,beast,Unaligned,10,3 (1d4+1),"20 ft., burrow 5 ft.",0,10,4,-3,11,+0,12,+1,2,-4,12,+1,5,-3,,,11,Darkvision 30 Ft.,,,,,,,,,,Keen Smell: The badger has advantage on Wisdom (Perception) checks that rely on smell.,Bite: ,,,,,,Free Basic Rules (2014),https://files.d20.io/images/390058092/cqiomqzHRWRSDsTjakaZBg/original.png
Balor,Huge,fiend (demon),Chaotic Evil,19 (Natural Armor),262 (21d12+126),"40 ft., fly 80 ft.",19,"22,000",26,+8,15,+2,22,+6,20,+5,16,+3,22,+6,"Str +14, Con +12, Wis +9, Cha +12",,13,Truesight 120 Ft.,"Abyssal, Telepathy 120 Ft.",,,"Cold, Lightning; Bludgeoning, Piercing, and Slashing From Nonmagical Attacks","Fire, Poison",Poisoned,,,,"Death Throes: When the balor dies, it explodes, and each creature within 30 feet of it must make a DC 20 Dexterity saving throw, taking 70 (20d6) fire damage on a failed save, or half as much damage on a successful one. The explosion ignites flammable objects in that area that aren't being worn or carried, and it destroys the balor's weapons. | Fire Aura: At the start of each of the balor's turns, each creature within 5 feet of it takes 10 (3d6) fire damage, and flammable objects in the aura that aren't being worn or carried ignite. A creature that touches the balor or hits it with a melee attack while within 5 feet of it takes 10 (3d6) fire damage. | Magic Resistance: The balor has advantage on saving throws against spells and other magical effects. | Magic Weapons: The balor's weapon attacks are magical.","Multiattack: The balor makes two attacks: one with its longsword and one with its whip. | Longsword: If the balor scores a critical hit, it rolls damage dice three times, instead of twice | Whip: The target must succeed on a dc 20 strength saving throw or be pulled up to 25 feet toward the balor | Teleport: The balor magically teleports, along with any equipment it is wearing or carrying, up to 120 feet to an unoccupied space it can see.",,,,,,Free Basic Rules (2014),https://files.d20.io/images/390058103/hr7qYfeDgeblhJi_qIxMKA/original.png
Bandit,Medium,humanoid (any race),Any Non-lawful Alignment,12 (Leather Armor),11 (2d8+2),30 ft.,1/8,25,11,+0,12,+1,12,+1,10,+0,10,+0,10,+0,,,10,,Any One Language (Usually Common),,,,,,,,,,Scimitar:  | Light Crossbow: ,,,,,,Free Basic Rules (2014),https://files.d20.io/images/390058168/cvGQSDE9871pfZPXMZfa2Q/original.png
Bandit Captain,Medium,humanoid (any race),Any Non-lawful Alignment,15 (Studded Leather),65 (10d8+20),30 ft.,2,450,15,+2,16,+3,14,+2,14,+2,11,+0,14,+2,"Str +4, Dex +5, Wis +2","Athletics +4, Deception +4",10,,Any Two Languages,,,,,,,,,,Multiattack: The captain makes three melee attacks: two with its scimitar and one with its dagger. Or the captain makes two ranged attacks with its daggers. | Scimitar:  | Dagger:  | Dagger: ,"Parry: The captain adds 2 to its AC against one melee attack that would hit it. To do so, the captain must see the attacker and be wielding a melee weapon.",,,,,Free Basic Rules (2014),https://files.d20.io/images/390058116/Yb-3kZwjLYpZe16mKPGN8Q/original.png
Barbed Devil,Medium,fiend (devil),Lawful Evil,15 (Natural Armor),110 (13d8+52),30 ft.,5,"1,800",16,+3,17,+3,18,+4,12,+1,14,+2,14,+2,"Str +6, Con +7, Wis +5, Cha +5","Deception +5, Insight +5, Perception +8",18,Darkvision 120 Ft.,"Infernal, Telepathy 120 Ft.",,,"Cold; Bludgeoning, Piercing, And Slashing From Nonmagical Attacks That Aren't Silvered","Fire, Poison",Poisoned,,,,"Barbed Hide: At the start of each of its turns, the barbed devil deals 5 (1d10) piercing damage to any creature grappling it. | Devil's Sight: Magical darkness doesn't impede the devil's darkvision. | Magic Resistance: The devil has advantage on saving throws against spells and other magical effects.","Multiattack: The devil makes three melee attacks: one with its tail and two with its claws. Alternatively, it can use Hurl Flame twice. | Claw:  | Tail:  | Hurl Flame: If the target is a flammable object that isn't being worn or carried, it also catches fire",,,,,,Free Basic Rules (2014),https://files.d20.io/images/390058178/zhHYZC9FUHrPvQW4buA-ug/original.png
Basilisk,Medium,monstrosity,Unaligned,15 (Natural Armor),52 (8d8+16),20 ft.,3,700,16,+3,8,-1,15,+2,2,-4,8,-1,7,-2,,,9,Darkvision 60 Ft.,,,,,,,,,,"Petrifying Gaze: If a creature starts its turn within 30 ft. of the basilisk and the two of them can see each other, the basilisk can force the creature to make a DC 12 Constitution saving throw if the basilisk isn't incapacitated. On a failed save, the creature magically begins to turn to stone and is restrained. It must repeat the saving throw at the end of its next turn. On a success, the effect ends. On a failure, the creature is petrified until freed by the greater restoration spell or other magic. A creature that isn't surprised can avert its eyes to avoid the saving throw at the start of its turn. If it does so, it can't see the basilisk until the start of its next turn, when it can avert its eyes again. If it looks at the basilisk in the meantime, it must immediately make the save. If the basilisk sees its reflection within 30 ft. of it in bright light, it mistakes itself for a rival and targets itself with its gaze.",Bite: ,,,,,,Free Basic Rules (2014),https://files.d20.io/images/390058231/I3rnnYlXRNdZvOY5Q_0cdA/original.png
Bat,Tiny,beast,Unaligned,12,1 (1d4-1),"5 ft., fly 30 ft.",0,10,2,-4,15,+2,8,-1,2,-4,12,+1,4,-3,,,11,Blindsight 60 Ft.,,,,,,,,,,Echolocation: The bat can't use its blindsight while deafened. | Keen Hearing: The bat has advantage on Wisdom (Perception) checks that rely on hearing.,Bite: ,,,,,,Free Basic Rules (2014),https://files.d20.io/images/390058378/it_mkLDQ4-Vjrf0YqyiL_A/original.png
Bearded Devil,Medium,fiend (devil),Lawful Evil,13 (Natural Armor),52 (8d8+16),30 ft.,3,700,16,+3,15,+2,15,+2,9,-1,11,+0,11,+0,"Str +5, Con +4, Wis +2",,10,Darkvision 120 Ft.,"Infernal, Telepathy 120 Ft.",,,"Cold; Bludgeoning, Piercing, And Slashing From Nonmagical Attacks That Aren't Silvered","Fire, Poison",Poisoned,,,,Devil's Sight: Magical darkness doesn't impede the devil's darkvision. | Magic Resistance: The devil has advantage on saving throws against spells and other magical effects. | Steadfast: The devil can't be frightened while it can see an allied creature within 30 feet of it.,"Multiattack: The devil makes two attacks: one with its beard and one with its glaive. | Beard: The target must succeed on a dc 12 constitution saving throw or be poisoned for 1 minute While poisoned in this way, the target can't regain hit points. The target can repeat the saving throw at the end of each of its turns, ending the effect on itself on a success | Glaive: If the target is a creature other than an undead or a construct, it must succeed on a DC 12 Constitution saving throw or lose 5 (1d10) hit points at the start of each of its turns due to an infernal wound. Each time the devil hits the wounded target with this attack, the damage dealt by the wound increases by 5 (1d10). Any creature can take an action to stanch the wound with a successful DC 12 Wisdom (Medicine) check. The wound also closes if the target receives magical healing",,,,,,Free Basic Rules (2014),https://files.d20.io/images/390058438/lslFeERlIQ011-KQPr0khA/original.png
Behir,Huge,monstrosity,Neutral Evil,17 (Natural Armor),168 (16d12+64),"50 ft., climb 40 ft.",11,"7,200",23,+6,16,+3,18,+4,7,-2,14,+2,12,+1,,"Perception +6, Stealth +7",16,Darkvision 90 Ft.,Draconic,,,,Lightning,,,,,,"Multiattack: The behir makes two attacks: one with its bite and one to constrict. | Bite:  | Constrict: The target is grappled (escape DC 16) if the behir isn't already constricting a creature, and the target is restrained until this grapple ends | Lightning Breath (Recharge 5-6): The behir exhales a line of lightning that is 20 ft. long and 5 ft. wide. Each creature in that line must make a DC 16 Dexterity saving throw, taking 66 (12d10) lightning damage on a failed save, or half as much damage on a successful one. | Swallow: The behir makes one bite attack against a Medium or smaller target it is grappling. If the attack hits, the target is also swallowed, and the grapple ends. While swallowed, the target is blinded and restrained, it has total cover against attacks and other effects outside the behir, and it takes 21 (6d6) acid damage at the start of each of the behir's turns. A behir can have only one creature swallowed at a time. If the behir takes 30 damage or more on a single turn from the swallowed creature, the behir must succeed on a DC 14 Constitution saving throw at the end of that turn or regurgitate the creature, which falls prone in a space within 10 ft. of the behir. If the behir dies, a swallowed creature is no longer restrained by it and can escape from the corpse by using 15 ft. of movement, exiting prone.",,,,,,Free Basic Rules (2014),https://files.d20.io/images/390058484/3VMZX3V9zHkLFufb5-dMug/original.png
Berserker,Medium,humanoid (any race),Any Chaotic Alignment,13 (Hide Armor),67 (9d8+27),30 ft.,2,450,16,+3,12,+1,17,+3,9,-1,11,+0,9,-1,,,10,,Any One Language (Usually Common),,,,,,,,,"Reckless: At the start of its turn, the berserker can gain advantage on all melee weapon attack rolls during that turn, but attack rolls against it have advantage until the start of its next turn.",Greataxe: ,,,,,,Free Basic Rules (2014),https://files.d20.io/images/390058585/BEAwpnnecv-jNfH_xvORNA/original.png
Black Bear,Medium,beast,Unaligned,11 (Natural Armor),19 (3d8+6),"40 ft., climb 30 ft.",1/2,100,15,+2,10,+0,14,+2,2,-4,12,+1,7,-2,,,13,,,,,,,,,,,Keen Smell: The bear has advantage on Wisdom (Perception) checks that rely on smell.,Multiattack: The bear makes two attacks: one with its bite and one with its claws. | Bite:  | Claws: ,,,,,,Free Basic Rules (2014),https://files.d20.io/images/390058599/SedkaKv_38M1MIcD08Vufw/original.png
Black Dragon Wyrmling,Medium,dragon,Chaotic Evil,17 (Natural Armor),33 (6d8+6),"30 ft., fly 60 ft., swim 30 ft.",2,450,15,+2,14,+2,13,+1,10,+0,11,+0,13,+1,"Dex +4, Con +3, Wis +2, Cha +3","Perception +4, Stealth +4",14,"Blindsight 10 Ft., Darkvision 60 Ft.",Draconic,,,,Acid,,,,,Amphibious: The dragon can breathe air and water.,"Bite:  | Acid Breath (Recharge 5-6): The dragon exhales acid in a 15-foot line that is 5 feet wide. Each creature in that line must make a DC 11 Dexterity saving throw, taking 22 (5d8) acid damage on a failed save, or half as much damage on a successful one.",,,,,,Free Basic Rules (2014),https://files.d20.io/images/390058626/Rf57FRyFHTXYM344m8MJIQ/original.png
Black Pudding,Large,ooze,Unaligned,7,85 (10d10+30),"20 ft., climb 20 ft.",4,"1,100",16,+3,5,-3,16,+3,1,-5,6,-2,1,-5,,,8,Blindsight 60 Ft. (Blind Beyond This Radius),,,,,"Acid, Cold, Lightning, Slashing","Blinded, Charmed, Deafened, Exhaustion, Frightened, Prone",,,,"Amorphous: The pudding can move through a space as narrow as 1 inch wide without squeezing. | Corrosive Form: A creature that touches the pudding or hits it with a melee attack while within 5 feet of it takes 4 (1d8) acid damage. Any nonmagical weapon made of metal or wood that hits the pudding corrodes. After dealing damage, the weapon takes a permanent and cumulative -1 penalty to damage rolls. If its penalty drops to -5, the weapon is destroyed. Nonmagical ammunition made of metal or wood that hits the pudding is destroyed after dealing damage. The pudding can eat through 2-inch-thick, nonmagical wood or metal in 1 round. | Spider Climb: The pudding can climb difficult surfaces, including upside down on ceilings, without needing to make an ability check.","Pseudopod: In addition, nonmagical armor worn by the target is partly dissolved and takes a permanent and cumulative -1 penalty to the AC it offers. The armor is destroyed if the penalty reduces its AC to 10","Split: When a pudding that is Medium or larger is subjected to lightning or slashing damage, it splits into two new puddings if it has at least 10 hit points. Each new pudding has hit points equal to half the original pudding's, rounded down. New puddings are one size smaller than the original pudding.",,,,,Free Basic Rules (2014),https://files.d20.io/images/390058769/3KJgCawZJB9BPUC4SHaMFA/original.png
Blink Dog,Medium,fey,Lawful Good,13,22 (4d8+4),40 ft.,1/4,50,12,+1,17,+3,12,+1,10,+0,13,+1,11,+0,,"Perception +3, Stealth +5",10,,"Blink Dog, Understands Sylvan But Can't Speak It",,,,,,,,,Keen Hearing and Smell: The dog has advantage on Wisdom (Perception) checks that rely on hearing or smell.,"Bite:  | Teleport (Recharge 4-6): The dog magically teleports, along with any equipment it is wearing or carrying, up to 40 ft. to an unoccupied space it can see. Before or after teleporting, the dog can make one bite attack.",,,,,,Free Basic Rules (2014),https://files.d20.io/images/390058784/oARbY9PwQslH0ci_pacTxQ/original.png
Blood Hawk,Small,beast,Unaligned,12,7 (2d6),"10 ft., fly 60 ft.",1/8,25,6,-2,14,+2,10,+0,3,-4,14,+2,5,-3,,Perception +4,14,,,,,,,,,,,Keen Sight: The hawk has advantage on Wisdom (Perception) checks that rely on sight. | Pack Tactics: The hawk has advantage on an attack roll against a creature if at least one of the hawk's allies is within 5 ft. of the creature and the ally isn't incapacitated.,Beak: ,,,,,,Free Basic Rules (2014),https://files.d20.io/images/390058796/VNtPdyhSWLwH8dMYfy7smA/original.png
Blue Dragon Wyrmling,Medium,dragon,Lawful Evil,17 (Natural Armor),52 (8d8+16),"30 ft., burrow 15 ft., fly 60 ft.",3,700,17,+3,10,+0,15,+2,12,+1,11,+0,15,+2,"Dex +2, Con +4, Wis +2, Cha +4","Perception +4, Stealth +2",14,"Blindsight 10 Ft., Darkvision 60 Ft.",Draconic,,,,Lightning,,,,,,"Bite:  | Lightning Breath (Recharge 5-6): The dragon exhales lightning in a 30-foot line that is 5 feet wide. Each creature in that line must make a DC 12 Dexterity saving throw, taking 22 (4d10) lightning damage on a failed save, or half as much damage on a successful one.",,,,,,Free Basic Rules (2014),https://files.d20.io/images/390058808/ysrNPhAGXvo5NxGk78kKjA/original.png
Boar,Medium,beast,Unaligned,11 (Natural Armor),11 (2d8+2),40 ft.,1/4,50,13,+1,11,+0,12,+1,2,-4,9,-1,5,-3,,,9,,,,,,,,,,,"Charge: If the boar moves at least 20 ft. straight toward a target and then hits it with a tusk attack on the same turn, the target takes an extra 3 (1d6) slashing damage. If the target is a creature, it must succeed on a DC 11 Strength saving throw or be knocked prone. | Relentless (Recharges after a Short or Long Rest): If the boar takes 7 damage or less that would reduce it to 0 hit points, it is reduced to 1 hit point instead.",Tusk: ,,,,,,Free Basic Rules (2014),https://files.d20.io/images/390058823/sIr_tmEXeAmy7Q5FTGyK9Q/original.png
Bone Devil,Large,fiend (devil),Lawful Evil,19 (Natural Armor),142 (15d10+60),"40 ft., fly 40 ft.",9,"5,000",18,+4,16,+3,18,+4,13,+1,14,+2,16,+3,"Int +5, Wis +6, Cha +7","Deception +7, Insight +6",12,Darkvision 120 Ft.,"Infernal, Telepathy 120 Ft.",,,"Cold; Bludgeoning, Piercing, And Slashing From Nonmagical Attacks That Aren't Silvered","Fire, Poison",Poisoned,,,,Devil's Sight: Magical darkness doesn't impede the devil's darkvision. | Magic Resistance: The devil has advantage on saving throws against spells and other magical effects.,"Multiattack: The devil makes three attacks: two with its claws and one with its sting. | Claw:  | Sting: The target must succeed on a dc 14 constitution saving throw or become poisoned for 1 minute The target can repeat the saving throw at the end of each of its turns, ending the effect on itself on a success",,,,,,Free Basic Rules (2014),https://files.d20.io/images/391832531/U-OH_ADpI_J1-DMDJ2RUIA/original.png
Brass Dragon Wyrmling,Medium,dragon,Chaotic Good,16 (Natural Armor),16 (3d8+3),"30 ft., burrow 15 ft., fly 60 ft.",1,200,15,+2,10,+0,13,+1,10,+0,11,+0,13,+1,"Dex +2, Con +3, Wis +2, Cha +3","Perception +4, Stealth +2",14,"Blindsight 10 Ft., Darkvision 60 Ft.",Draconic,,,,Fire,,,,,,"Bite:  | Breath Weapons (Recharge 5-6): The dragon uses one of the following breath weapons. Fire Breath. The dragon exhales fire in an 20-foot line that is 5 feet wide. Each creature in that line must make a DC 11 Dexterity saving throw, taking 14 (4d6) fire damage on a failed save, or half as much damage on a successful one. Sleep Breath. The dragon exhales sleep gas in a 15-foot cone. Each creature in that area must succeed on a DC 11 Constitution saving throw or fall unconscious for 1 minute. This effect ends for a creature if the creature takes damage or someone uses an action to wake it.",,,,,,Free Basic Rules (2014),https://files.d20.io/images/390058840/goj4ZK8nYDUyUrdJxm_REA/original.png
Bronze Dragon Wyrmling,Medium,dragon,Lawful Good,17 (Natural Armor),32 (5d8+10),"30 ft., fly 60 ft., swim 30 ft.",2,450,17,+3,10,+0,15,+2,12,+1,11,+0,15,+2,"Dex +2, Con +4, Wis +2, Cha +4","Perception +4, Stealth +2",14,"Blindsight 10 Ft., Darkvision 60 Ft.",Draconic,,,,Lightning,,,,,Amphibious: The dragon can breathe air and water.,"Bite:  | Breath Weapons (Recharge 5-6): The dragon uses one of the following breath weapons. Lightning Breath. The dragon exhales lightning in a 40-foot line that is 5 feet wide. Each creature in that line must make a DC 12 Dexterity saving throw, taking 16 (3d10) lightning damage on a failed save, or half as much damage on a successful one. Repulsion Breath. The dragon exhales repulsion energy in a 30-foot cone. Each creature in that area must succeed on a DC 12 Strength saving throw. On a failed save, the creature is pushed 30 feet away from the dragon.",,,,,,Free Basic Rules (2014),https://files.d20.io/images/390058960/i4Uk81ULeL3O7cV7pVk3Zw/original.png
Brown Bear,Large,beast,Unaligned,11 (Natural Armor),34 (4d10+12),"40 ft., climb 30 ft.",1,200,19,+4,10,+0,16,+3,2,-4,13,+1,7,-2,,Perception +3,13,,,,,,,,,,,Keen Smell: The bear has advantage on Wisdom (Perception) checks that rely on smell.,Multiattack: The bear makes two attacks: one with its bite and one with its claws. | Bite:  | Claws: ,,,,,,Free Basic Rules (2014),https://files.d20.io/images/390059010/IjA-am-oGHwRrmvol3DiOQ/original.png
Bugbear,Medium,humanoid (goblinoid),Chaotic Evil,"16 (Hide Armor, Shield)",27 (5d8+5),30 ft.,1,200,15,+2,14,+2,13,+1,8,-1,11,+0,9,-1,,"Stealth +6, Survival +2",10,Darkvision 60 Ft.,"Common, Goblin",,,,,,,,,"Brute: A melee weapon deals one extra die of its damage when the bugbear hits with it (included in the attack). | Surprise Attack: If the bugbear surprises a creature and hits it with an attack during the first round of combat, the target takes an extra 7 (2d6) damage from the attack.",Morningstar:  | Javelin:  | Javelin: ,,,,,,Free Basic Rules (2014),https://files.d20.io/images/390059016/E7Er7meDb9slTWfywpeL-w/original.png
Bulette,Large,monstrosity,Unaligned,17 (Natural Armor),94 (9d10+45),"40 ft., burrow 40 ft.",5,"1,800",19,+4,11,+0,21,+5,2,-4,10,+0,5,-3,,Perception +6,16,"Darkvision 60 Ft., Tremorsense 60 Ft.",,,,,,,,,,"Standing Leap: The bulette's long jump is up to 30 ft. and its high jump is up to 15 ft., with or without a running start.","Bite:  | Deadly Leap: If the bulette jumps at least 15 ft. as part of its movement, it can then use this action to land on its feet in a space that contains one or more other creatures. Each of those creatures must succeed on a DC 16 Strength or Dexterity saving throw (target's choice) or be knocked prone and take 14 (3d6 + 4) bludgeoning damage plus 14 (3d6 + 4) slashing damage. On a successful save, the creature takes only half the damage, isn't knocked prone, and is pushed 5 ft. out of the bulette's space into an unoccupied space of the creature's choice. If no unoccupied space is within range, the creature instead falls prone in the bulette's space.",,,,,,Free Basic Rules (2014),https://files.d20.io/images/390059069/Qhyj7r-Obl9beQr-DqfuGg/original.png
Camel,Large,beast,Unaligned,9,15 (2d10+4),50 ft.,1/8,25,16,+3,8,-1,14,+2,2,-4,8,-1,5,-3,,,9,,,,,,,,,,,,Bite: ,,,,,,Free Basic Rules (2014),https://files.d20.io/images/390059080/Chy-6o02knyGNLnWCUkkPQ/original.png
Cat,Tiny,beast,Unaligned,12,2 (1d4),"40 ft., climb 30 ft.",0,10,3,-4,15,+2,10,+0,3,-4,12,+1,7,-2,,"Perception +3, Stealth +4",13,,,,,,,,,,,Keen Smell: The cat has advantage on Wisdom (Perception) checks that rely on smell.,Claws: ,,,,,,Free Basic Rules (2014),https://files.d20.io/images/390059088/Ewmk2luFix7r1hifN9499w/original.png
Centaur,Large,monstrosity,Neutral Good,12,45 (6d10+12),50 ft.,2,450,18,+4,14,+2,14,+2,9,-1,13,+1,11,+0,,"Athletics +6, Perception +3, Survival +3",13,,"Elvish, Sylvan",,,,,,,,,"Charge: If the centaur moves at least 30 ft. straight toward a target and then hits it with a pike attack on the same turn, the target takes an extra 10 (3d6) piercing damage.",Multiattack: The centaur makes two attacks: one with its pike and one with its hooves or two with its longbow. | Pike:  | Hooves:  | Longbow: ,,,,,,Free Basic Rules (2014),https://files.d20.io/images/390059225/ABVAvitQiDS2u852TfiwYg/original.png
Chain Devil,Medium,fiend (devil),Lawful Evil,16 (Natural Armor),85 (10d8+40),30 ft.,8,"3,900",18,+4,15,+2,18,+4,11,+0,12,+1,14,+2,"Con +7, Wis +4, Cha +5",,8,Darkvision 120 Ft.,"Infernal, Telepathy 120 Ft.",,,"Cold; Bludgeoning, Piercing, And Slashing From Nonmagical Attacks That Aren't Silvered","Fire, Poison",Poisoned,,,,Devil's Sight: Magical darkness doesn't impede the devil's darkvision. | Magic Resistance: The devil has advantage on saving throws against spells and other magical effects.,"Multiattack: The devil makes two attacks with its chains. | Chain: The target is grappled (escape DC 14) if the devil isn't already grappling a creature. Until this grapple ends, the target is restrained and takes 7 (2d6) piercing damage at the start of each of its turns | Animate Chains (Recharges after a Short or Long Rest): Up to four chains the devil can see within 60 feet of it magically sprout razor-edged barbs and animate under the devil's control, provided that the chains aren't being worn or carried. Each animated chain is an object with AC 20, 20 hit points, resistance to piercing damage, and immunity to psychic and thunder damage. When the devil uses Multiattack on its turn, it can use each animated chain to make one additional chain attack. An animated chain can grapple one creature of its own but can't make attacks while grappling. An animated chain reverts to its inanimate state if reduced to 0 hit points or if the devil is incapacitated or dies.","Unnerving Mask: When a creature the devil can see starts its turn within 30 feet of the devil, the devil can create the illusion that it looks like one of the creature's departed loved ones or bitter enemies. If the creature can see the devil, it must succeed on a DC 14 Wisdom saving throw or be frightened until the end of its turn.",,,,,Free Basic Rules (2014),https://files.d20.io/images/390059229/xFvfFPlyGD819gdvsm9cXg/original.png
Chimera,Large,monstrosity,Chaotic Evil,14 (Natural Armor),114 (12d10+48),"30 ft., fly 60 ft.",6,"2,300",19,+4,11,+0,19,+4,3,-4,14,+2,10,+0,,Perception +8,18,Darkvision 60 Ft.,Understands Draconic But Can't Speak,,,,,,,,,,"Multiattack: The chimera makes three attacks: one with its bite, one with its horns, and one with its claws. When its fire breath is available, it can use the breath in place of its bite or horns. | Bite:  | Horns:  | Claws:  | Fire Breath (Recharge 5-6): The dragon head exhales fire in a 15-foot cone. Each creature in that area must make a DC 15 Dexterity saving throw, taking 31 (7d8) fire damage on a failed save, or half as much damage on a successful one.",,,,,,Free Basic Rules (2014),https://files.d20.io/images/390059245/KficPNKrN-IMocCEQGwhHw/original.png
Chuul,Large,aberration,Chaotic Evil,16 (Natural Armor),93 (11d10+33),"30 ft., swim 30 ft.",4,"1,100",19,+4,10,+0,16,+3,5,-3,11,+0,5,-3,,Perception +4,14,Darkvision 60 Ft.,Understands Deep Speech But Can't Speak,,,,Poison,Poisoned,,,,Amphibious: The chuul can breathe air and water. | Sense Magic: The chuul senses magic within 120 feet of it at will. This trait otherwise works like the detect magic spell but isn't itself magical.,"Multiattack: The chuul makes two pincer attacks. If the chuul is grappling a creature, the chuul can also use its tentacles once. | Pincer: The target is grappled (escape DC 14) if it is a Large or smaller creature and the chuul doesn't have two other creatures grappled | Tentacles: One creature grappled by the chuul must succeed on a DC 13 Constitution saving throw or be poisoned for 1 minute. Until this poison ends, the target is paralyzed. The target can repeat the saving throw at the end of each of its turns, ending the effect on itself on a success.",,,,,,Free Basic Rules (2014),https://files.d20.io/images/390059254/lSznm_3eVRdtb-AH8WXCyw/original.png
Clay Golem,Large,construct,Unaligned,14 (Natural Armor),133 (14d10+56),20 ft.,9,"5,000",20,+5,9,-1,18,+4,3,-4,8,-1,1,-5,,,9,Darkvision 60 Ft.,Understands The Languages Of Its Creator But Can't Speak,,,,"Acid, Poison, Psychic; Bludgeoning, Piercing, and Slashing From Nonmagical Attacks That Aren't Adamantine","Charmed, Exhaustion, Frightened, Paralyzed, Petrified, Poisoned",,,,"Acid Absorption: Whenever the golem is subjected to acid damage, it takes no damage and instead regains a number of hit points equal to the acid damage dealt. | Berserk: Whenever the golem starts its turn with 60 hit points or fewer, roll a d6. On a 6, the golem goes berserk. On each of its turns while berserk, the golem attacks the nearest creature it can see. If no creature is near enough to move to and attack, the golem attacks an object, with preference for an object smaller than itself. Once the golem goes berserk, it continues to do so until it is destroyed or regains all its hit points. | Immutable Form: The golem is immune to any spell or effect that would alter its form. | Magic Resistance: The golem has advantage on saving throws against spells and other magical effects. | Magic Weapons: The golem's weapon attacks are magical.","Multiattack: The golem makes two slam attacks. | Slam: If the target is a creature, it must succeed on a DC 15 Constitution saving throw or have its hit point maximum reduced by an amount equal to the damage taken. The target dies if this attack reduces its hit point maximum to 0. The reduction lasts until removed by the greater restoration spell or other magic | Haste (Recharge 5-6): Until the end of its next turn, the golem magically gains a +2 bonus to its AC, has advantage on Dexterity saving throws, and can use its slam attack as a bonus action.",,,,,,Free Basic Rules (2014),https://files.d20.io/images/390059263/eiXcBRXwAK77ZCqzOYn-Vg/original.png
Cloaker,Large,aberration,Chaotic Neutral,14 (Natural Armor),78 (12d10+12),"10 ft., fly 40 ft.",8,"3,900",17,+3,15,+2,12,+1,13,+1,12,+1,14,+2,,Stealth +5,11,Darkvision 60 Ft.,"Deep Speech, Undercommon",,,,,,,,,"Damage Transfer: While attached to a creature, the cloaker takes only half the damage dealt to it (rounded down). and that creature takes the other half. | False Appearance: While the cloaker remains motionless without its underside exposed, it is indistinguishable from a dark leather cloak. | Light Sensitivity: While in bright light, the cloaker has disadvantage on attack rolls and Wisdom (Perception) checks that rely on sight.","Multiattack: The cloaker makes two attacks: one with its bite and one with its tail. | Bite: If the target is large or smaller, the cloaker attaches to it. If the cloaker has advantage against the target, the cloaker attaches to the target's head, and the target is blinded and unable to breathe while the cloaker is attached. While attached, the cloaker can make this attack only against the target and has advantage on the attack roll. The cloaker can detach itself by spending 5 feet of its movement. A creature, including the target, can take its action to detach the cloaker by succeeding on a DC 16 Strength check. | Tail:  | Moan: Each creature within 60 feet of the cloaker that can hear its moan and that isn't an aberration must succeed on a DC 13 Wisdom saving throw or become frightened until the end of the cloaker's next turn. If a creature's saving throw is successful, the creature is immune to the cloaker's moan for the next 24 hours. | Phantasms (Recharges after a Short or Long Rest): The cloaker magically creates three illusory duplicates of itself if it isn't in bright light. The duplicates move with it and mimic its actions, shifting position so as to make it impossible to track which cloaker is the real one. If the cloaker is ever in an area of bright light, the duplicates disappear. Whenever any creature targets the cloaker with an attack or a harmful spell while a duplicate remains, that creature rolls randomly to determine whether it targets the cloaker or one of the duplicates. A creature is unaffected by this magical effect if it can't see or if it relies on senses other than sight. A duplicate has the cloaker's AC and uses its saving throws. If an attack hits a duplicate, or if a duplicate fails a saving throw against an effect that deals damage, the duplicate disappears.",,,,,,Free Basic Rules (2014),https://files.d20.io/images/390059283/QZB1vBI_ZBKb9ZcaLPjR4Q/original.png
Cloud Giant,Huge,giant,Neutral Good (50%) Or Neutral Evil (50%),14 (Natural Armor),200 (16d12+96),40 ft.,9,"5,000",27,+8,10,+0,22,+6,12,+1,16,+3,16,+3,"Con +10, Wis +7, Cha +7","Insight +7, Perception +7",17,,"Common, Giant",,,,,,,,,"Keen Smell: The giant has advantage on Wisdom (Perception) checks that rely on smell. | Innate Spellcasting: The giant's innate spellcasting ability is Charisma. It can innately cast the following spells, requiring no material components:   At will: detect magic, fog cloud, light 3/day each: feather fall, fly, misty step, telekinesis 1/day each: control weather, gaseous form",Multiattack: The giant makes two morningstar attacks. | Morningstar:  | Rock: ,,,,,,Free Basic Rules (2014),https://files.d20.io/images/390059423/WMZptF8NY06A4UqSghCeDA/original.png
Cockatrice,Small,monstrosity,Unaligned,11,27 (6d6+6),"20 ft., fly 40 ft.",1/2,100,6,-2,12,+1,12,+1,2,-4,13,+1,5,-3,,,11,Darkvision 60 Ft.,,,,,,,,,,,"Bite: The target must succeed on a dc 11 constitution saving throw against being magically petrified On a failed save, the creature begins to turn to stone and is restrained. It must repeat the saving throw at the end of its next turn. On a success, the effect ends. On a failure, the creature is petrified for 24 hours",,,,,,Free Basic Rules (2014),https://files.d20.io/images/390059435/XhsO-O-E1L4G5tuT1fqxgA/original.png
Commoner,Medium,humanoid (any race),Any Alignment,10,4 (1d8),30 ft.,0,10,10,+0,10,+0,10,+0,10,+0,10,+0,10,+0,,,10,,Any One Language (Usually Common),,,,,,,,,,Club: ,,,,,,Free Basic Rules (2014),https://files.d20.io/images/390059481/q0FaAkQEx6OD17fJZYGtYA/original.png
Constrictor Snake,Large,beast,Unaligned,12,13 (2d10+2),"30 ft., swim 30 ft.",1/4,50,15,+2,14,+2,12,+1,1,-5,10,+0,3,-4,,,10,Blindsight 10 Ft.,,,,,,,,,,,"Bite:  | Constrict: The target is grappled (escape dc 14) Until this grapple ends, the creature is restrained, and the snake can't constrict another target",,,,,,Free Basic Rules (2014),https://files.d20.io/images/390061566/C2m1SR7XbdqWZ6ePhnY-MA/original.png
Copper Dragon Wyrmling,Medium,dragon,Chaotic Good,16 (Natural Armor),22 (4d8+4),"30 ft., climb 30 ft., fly 60 ft.",1,200,15,+2,12,+1,13,+1,14,+2,11,+0,13,+1,"Dex +3, Con +3, Wis +2, Cha +3","Perception +4, Stealth +3",14,"Blindsight 10 Ft., Darkvision 60 Ft.",Draconic,,,,Acid,,,,,,"Bite:  | Breath Weapons (Recharge 5-6): The dragon uses one of the following breath weapons. Acid Breath. The dragon exhales acid in an 20-foot line that is 5 feet wide. Each creature in that line must make a DC 11 Dexterity saving throw, taking 18 (4d8) acid damage on a failed save, or half as much damage on a successful one. Slowing Breath. The dragon exhales gas in a 15-foot cone. Each creature in that area must succeed on a DC 11 Constitution saving throw. On a failed save, the creature can't use reactions, its speed is halved, and it can't make more than one attack on its turn. In addition, the creature can use either an action or a bonus action on its turn, but not both. These effects last for 1 minute. The creature can repeat the saving throw at the end of each of its turns, ending the effect on itself with a successful save.",,,,,,Free Basic Rules (2014),https://files.d20.io/images/390061625/W66-bmN19ppebmfFR29jCw/original.png
Couatl,Medium,celestial,Lawful Good,19 (Natural Armor),97 (13d8+39),"30 ft., fly 90 ft.",4,"1,100",16,+3,20,+5,17,+3,18,+4,20,+5,18,+4,"Con +5, Wis +7, Cha +6",,15,Truesight 120 Ft.,"All, Telepathy 120 Ft.",,,Radiant,"Psychic; Bludgeoning, Piercing, and Slashing From Nonmagical Attacks",,,,,"Innate Spellcasting: The couatl's spellcasting ability is Charisma (spell save DC 14). It can innately cast the following spells, requiring only verbal components:   At will: detect evil and good, detect magic, detect thoughts 3/day each: bless, create food and water, cure wounds, lesser restoration, protection from poison, sanctuary, shield 1/day each: dream, greater restoration, scrying | Magic Weapons: The couatl's weapon attacks are magical. | Shielded Mind: The couatl is immune to scrying and to any effect that would sense its emotions, read its thoughts, or detect its location.","Bite: The target must succeed on a dc 13 constitution saving throw or be poisoned for 24 hours Until this poison ends, the target is unconscious. Another creature can use an action to shake the target awake | Constrict: The target is grappled (escape dc 15) Until this grapple ends, the target is restrained, and the couatl can't constrict another target | Change Shape: The couatl magically polymorphs into a humanoid or beast that has a challenge rating equal to or less than its own, or back into its true form. It reverts to its true form if it dies. Any equipment it is wearing or carrying is absorbed or borne by the new form (the couatl's choice). In a new form, the couatl retains its game statistics and ability to speak, but its AC, movement modes, Strength, Dexterity, and other actions are replaced by those of the new form, and it gains any statistics and capabilities (except class features, legendary actions, and lair actions) that the new form has but that it lacks. If the new form has a bite attack, the couatl can use its bite in that form.",,,,,,Free Basic Rules (2014),https://files.d20.io/images/390061637/x27q0-uMIc3Y3svOIMHDpQ/original.png
Crab,Tiny,beast,Unaligned,11 (Natural Armor),2 (1d4),"20 ft., swim 20 ft.",0,10,2,-4,11,+0,10,+0,1,-5,8,-1,2,-4,,Stealth +2,9,Blindsight 30 Ft.,,,,,,,,,,Amphibious: The crab can breathe air and water.,Claw: ,,,,,,Free Basic Rules (2014),https://files.d20.io/images/390061643/M2u4Y3JQqCrnOYxgjNwfww/original.png
Crocodile,Large,beast,Unaligned,12 (Natural Armor),19 (3d10+3),"20 ft., swim 30 ft.",1/2,100,15,+2,10,+0,13,+1,2,-4,10,+0,5,-3,,Stealth +2,10,,,,,,,,,,,Hold Breath: The crocodile can hold its breath for 15 minutes.,"Bite: The target is grappled (escape dc 12) Until this grapple ends, the target is restrained, and the crocodile can't bite another target",,,,,,Free Basic Rules (2014),https://files.d20.io/images/390061684/TdnGQnrEsahAbmUFzv7uYA/original.png
Cult Fanatic,Medium,humanoid (any race),Any Non-good Alignment,13 (Leather Armor),33 (6d8+6),30 ft.,2,450,11,+0,14,+2,12,+1,10,+0,13,+1,14,+2,,"Deception +4, Persuasion +4, Religion +2",11,,Any One Language (Usually Common),,,,,,,,,"Dark Devotion: The fanatic has advantage on saving throws against being charmed or frightened. | Spellcasting: The fanatic is a 4th-level spellcaster. Its spell casting ability is Wisdom (spell save DC 11, +3 to hit with spell attacks). The fanatic has the following cleric spells prepared:   

• Cantrips (at will): light, sacred flame, thaumaturgy 
• 1st level (4 slots): command, inflict wounds, shield of faith 
• 2nd level (3 slots): hold person, spiritual weapon",Multiattack: The fanatic makes two melee attacks. | Dagger (Melee):  | Dagger (Ranged): ,,,,,,Free Basic Rules (2014),https://files.d20.io/images/390061765/2sBYaEBg-CsIzJDYxFV2bQ/original.png
Cultist,Medium,humanoid (any race),Any Non-good Alignment,12 (Leather Armor),9 (2d8),30 ft.,1/8,25,11,+0,12,+1,10,+0,10,+0,11,+0,10,+0,,"Deception +2, Religion +2",10,,Any One Language (Usually Common),,,,,,,,,Dark Devotion: The cultist has advantage on saving throws against being charmed or frightened.,Scimitar: ,,,,,,Free Basic Rules (2014),https://files.d20.io/images/390061779/U2LJYVxLQ-nMrI1Eidbh-Q/original.png
Darkmantle,Small,monstrosity,Unaligned,11,22 (5d6+5),"10 ft., fly 30 ft.",1/2,100,16,+3,12,+1,13,+1,2,-4,10,+0,5,-3,,Stealth +3,10,Blindsight 60 Ft.,,,,,,,,,,"Echolocation: The darkmantle can't use its blindsight while deafened. | False Appearance: While the darkmantle remains motionless, it is indistinguishable from a cave formation such as a stalactite or stalagmite.","Crush: The darkmantle attaches to the target If the target is Medium or smaller and the darkmantle has advantage on the attack roll, it attaches by engulfing the target's head, and the target is also blinded and unable to breathe while the darkmantle is attached in this way. While attached to the target, the darkmantle can attack no other creature except the target but has advantage on its attack rolls. The darkmantle's speed also becomes 0, it can't benefit from any bonus to its speed, and it moves with the target. A creature can detach the darkmantle by making a successful DC 13 Strength check as an action. On its turn, the darkmantle can detach itself from the target by using 5 feet of movement | Darkness Aura (1/day): A 15-foot radius of magical darkness extends out from the darkmantle, moves with it, and spreads around corners. The darkness lasts as long as the darkmantle maintains concentration, up to 10 minutes (as if concentrating on a spell). Darkvision can't penetrate this darkness, and no natural light can illuminate it. If any of the darkness overlaps with an area of light created by a spell of 2nd level or lower, the spell creating the light is dispelled.",,,,,,Free Basic Rules (2014),https://files.d20.io/images/390061947/4T9CTp07NEDbfWPdU66m0g/original.png
Death Dog,Medium,monstrosity,Neutral Evil,12,39 (6d8+12),40 ft.,1,200,15,+2,14,+2,14,+2,3,-4,13,+1,6,-2,,"Perception +5, Stealth +4",15,Darkvision 120 Ft.,,,,,,,,,,"Two-Headed: The dog has advantage on Wisdom (Perception) checks and on saving throws against being blinded, charmed, deafened, frightened, stunned, or knocked unconscious.","Multiattack: The dog makes two bite attacks. | Bite: If the target is a creature, it must succeed on a DC 12 Constitution saving throw against disease or become poisoned until the disease is cured. Every 24 hours that elapse, the creature must repeat the saving throw, reducing its hit point maximum by 5 (1d10) on a failure. This reduction lasts until the disease is cured. The creature dies if the disease reduces its hit point maximum to 0",,,,,,Free Basic Rules (2014),https://files.d20.io/images/391961341/wdKo5a35_bDPRAuHyVgO2g/original.png
Deep Gnome (Svirfneblin),Small,humanoid (gnome),Neutral Good,15 (chain shirt),16 (3d6 + 6),20 ft.,1/2,100,15,+2,14,+2,14,+2,12,+1,10,+0,9,-1,,"Investigation +3, Perception +2, Stealth +4",12,darkvision 120 ft.,"Gnomish, Terran, Undercommon",,,,,,,,,"Stone Camouflage: The gnome has advantage on Dexterity (Stealth) checks made to hide in rocky terrain. | Gnome Cunning: The gnome has advantage on Intelligence, Wisdom, and Charisma saving throws against magic. | Innate Spellcasting: The gnome's innate spellcasting ability is Intelligence (spell save DC 11). It can innately cast the following spells, requiring no material components:  At will: nondetection (self only) 1/day each: blindness deafness, blur, disguise self","War Pick:  | Poisoned Dart: The target must succeed on a dc 12 constitution saving throw or be poisoned for 1 minute The target can repeat the saving throw at the end of each of its turns, ending the effect on itself on a success",,,,,,Free Basic Rules (2014),https://files.d20.io/images/390116042/nfplC_7MvSXpmXUz_hct1Q/original.png
Deer,Medium,beast,Unaligned,13,4 (1d8),50 ft.,0,10,11,+0,16,+3,11,+0,2,-4,14,+2,5,-3,,,12,,,,,,,,,,,,Bite: ,,,,,,Free Basic Rules (2014),https://files.d20.io/images/391961341/wdKo5a35_bDPRAuHyVgO2g/original.png
Deva,Medium,celestial,Lawful Good,17 (Natural Armor),136 (16d8+64),"30 ft., fly 90 ft.",10,"5,900",18,+4,18,+4,18,+4,17,+3,20,+5,20,+5,"Wis +9, Cha +9","Insight +9, Perception +9",19,Darkvision 120 Ft.,"All, Telepathy 120 Ft.",,,"Radiant; Bludgeoning, Piercing, And Slashing From Nonmagical Attacks",,"Charmed, Exhaustion, Frightened",,,,"Angelic Weapons: The deva's weapon attacks are magical. When the deva hits with any weapon, the weapon deals an extra 4d8 radiant damage (included in the attack). | Innate Spellcasting: The deva's spellcasting ability is Charisma (spell save DC 17). The deva can innately cast the following spells, requiring only verbal components:  At will: detect evil and good 1/day each: commune, raise dead | Magic Resistance: The deva has advantage on saving throws against spells and other magical effects.","Multiattack: The deva makes two melee attacks. | Mace:  | Healing Touch (3/Day): The deva touches another creature. The target magically regains 20 (4d8 + 2) hit points and is freed from any curse, disease, poison, blindness, or deafness. | Change Shape: The deva magically polymorphs into a humanoid or beast that has a challenge rating equal to or less than its own, or back into its true form. It reverts to its true form if it dies. Any equipment it is wearing or carrying is absorbed or borne by the new form (the deva's choice). In a new form, the deva retains its game statistics and ability to speak, but its AC, movement modes, Strength, Dexterity, and special senses are replaced by those of the new form, and it gains any statistics and capabilities (except class features, legendary actions, and lair actions) that the new form has but that it lacks.",,,,,,Free Basic Rules (2014),https://files.d20.io/images/390061952/e52_IUeRKXlK9rB_CB24Og/original.png
Dire Wolf,Large,beast,Unaligned,14 (Natural Armor),37 (5d10+10),50 ft.,1,200,17,+3,15,+2,15,+2,3,-4,12,+1,7,-2,,"Perception +3, Stealth +4",13,,,,,,,,,,,Keen Hearing and Smell: The wolf has advantage on Wisdom (Perception) checks that rely on hearing or smell. | Pack Tactics: The wolf has advantage on an attack roll against a creature if at least one of the wolf's allies is within 5 ft. of the creature and the ally isn't incapacitated.,"Bite: If the target is a creature, it must succeed on a DC 13 Strength saving throw or be knocked prone",,,,,,Free Basic Rules (2014),https://files.d20.io/images/390061969/tAnX706DDeqCqrlFAtxE0w/original.png
Diseased Giant Rat,Small,beast,Unaligned,12,7,30 ft.,1/8,25,7,-2,15,+2,11,+0,2,-4,10,+0,4,-3,,,10,Darkvision 60 ft.,,,,,,,,,,Keen Smell: The rat has advantage on Wisdom (Perception) checks that rely on smell. | Pack Tactics: The rat has advantage on an attack roll against a creature if at least one of the rat’s allies is within 5 feet of the creature and the ally isn’t incapacitated.,"Bite: If the target is a creature, it must succeed on a DC 10 Constitution saving throw or contract a disease. Until the disease is cured, the target can’t regain hit points except by magical means, and the target’s hit point maximum decreases by 3 (1d6) every 24 
hours. If the target’s hit point maximum drops to 0 as a result of this disease, the target dies",,,,,,Free Basic Rules (2014),https://files.d20.io/images/391961341/wdKo5a35_bDPRAuHyVgO2g/original.png
Djinni,Large,elemental,Chaotic Good,17 (Natural Armor),161 (14d10+84),"30 ft., fly 90 ft.",11,"7,200",21,+5,15,+2,22,+6,15,+2,16,+3,20,+5,"Dex +6, Wis +7, Cha +9",,13,Darkvision 120 Ft.,Auran,,,,"Lightning, Thunder",,,,,"Elemental Demise: If the djinni dies, its body disintegrates into a warm breeze, leaving behind only equipment the djinni was wearing or carrying. | Innate Spellcasting: The djinni's innate spellcasting ability is Charisma (spell save DC 17, +9 to hit with spell attacks). It can innately cast the following spells, requiring no material components:   • At will: detect evil and good, detect magic, thunderwave • 3/day each: create food and water (can create wine instead of water), tongues, wind walk • 1/day each: conjure elemental (air elemental only), creation, gaseous form, invisibility, major image, plane shift","Multiattack: The djinni makes three scimitar attacks. | Scimitar: (djinni's choice) | Create Whirlwind: A 5-foot-radius, 30-foot-tall cylinder of swirling air magically forms on a point the djinni can see within 120 feet of it. The whirlwind lasts as long as the djinni maintains concentration (as if concentrating on a spell). Any creature but the djinni that enters the whirlwind must succeed on a DC 18 Strength saving throw or be restrained by it. The djinni can move the whirlwind up to 60 feet as an action, and creatures restrained by the whirlwind move with it. The whirlwind ends if the djinni loses sight of it. A creature can use its action to free a creature restrained by the whirlwind, including itself, by succeeding on a DC 18 Strength check. If the check succeeds, the creature is no longer restrained and moves to the nearest space outside the whirlwind.",,,,,,Free Basic Rules (2014),https://files.d20.io/images/390061979/fRKcn6uSL-WfVJhPNEJwlg/original.png
Doppelganger,Medium,monstrosity (shapechanger),Unaligned,14,52 (8d8+16),30 ft.,3,700,11,+0,18,+4,14,+2,11,+0,12,+1,14,+2,,"Deception +6, Insight +3",11,Darkvision 60 Ft.,Common,,,,,Charmed,,,,"Shapechanger: The doppelganger can use its action to polymorph into a Small or Medium humanoid it has seen, or back into its true form. Its statistics, other than its size, are the same in each form. Any equipment it is wearing or carrying isn't transformed. It reverts to its true form if it dies. | Ambusher: In the first round of a combat, the doppelganger has advantage on attack rolls against any creature it has surprised. | Surprise Attack: If the doppelganger surprises a creature and hits it with an attack during the first round of combat, the target takes an extra 10 (3d6) damage from the attack.","Multiattack: The doppelganger makes two melee attacks. | Slam:  | Read Thoughts: The doppelganger magically reads the surface thoughts of one creature within 60 ft. of it. The effect can penetrate barriers, but 3 ft. of wood or dirt, 2 ft. of stone, 2 inches of metal, or a thin sheet of lead blocks it. While the target is in range, the doppelganger can continue reading its thoughts, as long as the doppelganger's concentration isn't broken (as if concentrating on a spell). While reading the target's mind, the doppelganger has advantage on Wisdom (Insight) and Charisma (Deception, Intimidation, and Persuasion) checks against the target.",,,,,,Free Basic Rules (2014),https://files.d20.io/images/390061987/IP7YJV9DZTpZgqfyCVkPpw/original.png
Draft Horse,Large,beast,Unaligned,10,19 (3d10+3),40 ft.,1/4,50,18,+4,10,+0,12,+1,2,-4,11,+0,7,-2,,,10,,,,,,,,,,,,Hooves: ,,,,,,Free Basic Rules (2014),https://files.d20.io/images/390062148/1-jIo5vXiHU5B2hEXFIAhg/original.png
Dragon Turtle,Gargantuan,dragon,Neutral,20 (Natural Armor),341 (22d20+10),"20 ft., swim 40 ft.",17,"18,000",25,+7,10,+0,20,+5,10,+0,12,+1,12,+1,"Dex +6, Con +11, Wis +7",,11,Darkvision 120 Ft.,"Aquan, Draconic",,,Fire,,,,,,Amphibious: The dragon turtle can breathe air and water.,"Multiattack: The dragon turtle makes three attacks: one with its bite and two with its claws. It can make one tail attack in place of its two claw attacks. | Bite:  | Claw:  | Tail: If the target is a creature, it must succeed on a DC 20 Strength saving throw or be pushed up to 10 feet away from the dragon turtle and knocked prone | Steam Breath (Recharge 5-6): The dragon turtle exhales scalding steam in a 60-foot cone. Each creature in that area must make a DC 18 Constitution saving throw, taking 52 (15d6) fire damage on a failed save, or half as much damage on a successful one. Being underwater doesn't grant resistance against this damage.",,,,,,Free Basic Rules (2014),https://files.d20.io/images/390062158/6rdr8Jj4FZpwol7n0yfGuw/original.png
Dretch,Small,fiend (demon),Chaotic Evil,11 (Natural Armor),18 (4d6+4),20 ft.,1/4,50,11,+0,11,+0,12,+1,5,-3,8,-1,3,-4,,,9,Darkvision 60 Ft.,"Abyssal, Telepathy 60 Ft. (Works Only With Creatures That Understand Abyssal)",,,"Cold, Fire, Lightning",Poison,Poisoned,,,,,"Multiattack: The dretch makes two attacks: one with its bite and one with its claws. | Bite:  | Claws:  | Fetid Cloud (1/Day): A 10-foot radius of disgusting green gas extends out from the dretch. The gas spreads around corners, and its area is lightly obscured. It lasts for 1 minute or until a strong wind disperses it. Any creature that starts its turn in that area must succeed on a DC 11 Constitution saving throw or be poisoned until the start of its next turn. While poisoned in this way, the target can take either an action or a bonus action on its turn, not both, and can't take reactions.",,,,,,Free Basic Rules (2014),https://files.d20.io/images/390062168/vRuKaaM1aoGMdc-WbzZ9nQ/original.png
Drider,Large,monstrosity,Chaotic Evil,19 (Natural Armor),123 (13d10+52),"30 ft., climb 30 ft.",6,"2,300",16,+3,16,+3,18,+4,13,+1,14,+2,12,+1,,"Perception +5, Stealth +9",15,Darkvision 120 Ft.,"Elvish, Undercommon",,,,,,,,,"Fey Ancestry: The drider has advantage on saving throws against being charmed, and magic can't put the drider to sleep. | Innate Spellcasting: The drider's innate spellcasting ability is Wisdom (spell save DC 13). The drider can innately cast the following spells, requiring no material components:  At will: dancing lights 1/day each: darkness, faerie fire | Spider Climb: The drider can climb difficult surfaces, including upside down on ceilings, without needing to make an ability check. | Sunlight Sensitivity: While in sunlight, the drider has disadvantage on attack rolls, as well as on Wisdom (Perception) checks that rely on sight. | Web Walker: The drider ignores movement restrictions caused by webbing.","Multiattack: The drider makes three attacks, either with its longsword or its longbow. It can replace one of those attacks with a bite attack. | Bite:  | Longsword: two handed | Longsword: one handed | Longbow: ",,,,,,Free Basic Rules (2014),https://files.d20.io/images/390062180/SWEU8gtJI4y5i9HFw9cjuA/original.png
Drow,Medium,humanoid (elf),Neutral Evil,15 (Chain Shirt),13 (3d8),30 ft.,1/4,50,10,+0,14,+2,10,+0,11,+0,11,+0,12,+1,,"Perception +2, Stealth +4",12,Darkvision 120 Ft.,"Elvish, Undercommon",,,,,,,,,"Fey Ancestry: The drow has advantage on saving throws against being charmed, and magic can't put the drow to sleep. | Innate Spellcasting: The drow's spellcasting ability is Charisma (spell save DC 11). It can innately cast the following spells, requiring no material components:  At will: dancing lights 1/day each: darkness, faerie fire | Sunlight Sensitivity: While in sunlight, the drow has disadvantage on attack rolls, as well as on Wisdom (Perception) checks that rely on sight.","Shortsword:  | Hand Crossbow: The target must succeed on a dc 13 constitution saving throw or be poisoned for 1 hour If the saving throw fails by 5 or more, the target is also unconscious while poisoned in this way. The target wakes up if it takes damage or if another creature takes an action to shake it awake",,,,,,Free Basic Rules (2014),https://files.d20.io/images/390062195/IFOhGaY86rxIidGYZqLKdA/original.png
Druid,Medium,humanoid (any race),Any Alignment,11 (16 With Barkskin),27 (5d8+5),30 ft.,2,450,10,+0,12,+1,13,+1,12,+1,15,+2,11,+0,,"Medicine +4, Nature +3, Perception +4",14,,Druidic Plus Any Two Languages,,,,,,,,,"Spellcasting: The druid is a 4th-level spellcaster. Its spellcasting ability is Wisdom (spell save DC 12, +4 to hit with spell attacks). It has the following druid spells prepared:  

• Cantrips (at will): druidcraft, produce flame, shillelagh 
• 1st level (4 slots): entangle, longstrider, speak with animals, thunderwave 
• 2nd level (3 slots): animal messenger, barkskin",Quarterstaff (One-Handed):  | Quarterstaff (Two-Handed):  | Quarterstaff (Shillelagh): ,,,,,,Free Basic Rules (2014),https://files.d20.io/images/390062402/x0-b2M3WmU1TIOgYcsBXxQ/original.png
Dryad,Medium,fey,Neutral,11 (16 With Barkskin),22 (5d8),30 ft.,1,200,10,+0,12,+1,11,+0,14,+2,15,+2,18,+4,,"Perception +4, Stealth +5",14,Darkvision 60 Ft.,"Elvish, Sylvan",,,,,,,,,"Innate Spellcasting: The dryad's innate spellcasting ability is Charisma (spell save DC 14). The dryad can innately cast the following spells, requiring no material components:   At will: druidcraft 3/day each: entangle, goodberry 1/day each: barkskin, pass without trace, shillelagh | Magic Resistance: The dryad has advantage on saving throws against spells and other magical effects. | Speak with Beasts and Plants: The dryad can communicate with beasts and plants as if they shared a language. | Tree Stride: Once on her turn, the dryad can use 10 ft. of her movement to step magically into one living tree within her reach and emerge from a second living tree within 60 ft. of the first tree, appearing in an unoccupied space within 5 ft. of the second tree. Both trees must be large or bigger.","Club:  | Club (with shillelagh):  | Fey Charm: The dryad targets one humanoid or beast that she can see within 30 feet of her. If the target can see the dryad, it must succeed on a DC 14 Wisdom saving throw or be magically charmed. The charmed creature regards the dryad as a trusted friend to be heeded and protected. Although the target isn't under the dryad's control, it takes the dryad's requests or actions in the most favorable way it can. Each time the dryad or its allies do anything harmful to the target, it can repeat the saving throw, ending the effect on itself on a success. Otherwise, the effect lasts 24 hours or until the dryad dies, is on a different plane of existence from the target, or ends the effect as a bonus action. If a target's saving throw is successful, the target is immune to the dryad's Fey Charm for the next 24 hours. The dryad can have no more than one humanoid and up to three beasts charmed at a time.",,,,,,Free Basic Rules (2014),https://files.d20.io/images/390062417/dSbSM7H6jgQW1VyHH8vfsg/original.png
Duergar,Medium,humanoid (dwarf),Lawful Evil,"16 (Scale Mail, Shield)",26 (4d8+4),25 ft.,1,200,14,+2,11,+0,14,+2,11,+0,10,+0,9,-1,,,10,Darkvision 120 Ft.,"Dwarvish, Undercommon",,,Poison,,,,,,"Duergar Resilience: The duergar has advantage on saving throws against poison, spells, and illusions, as well as to resist being charmed or paralyzed. | Sunlight Sensitivity: While in sunlight, the duergar has disadvantage on attack rolls, as well as on Wisdom (Perception) checks that rely on sight.","Enlarge (Recharges after a Short or Long Rest): For 1 minute, the duergar magically increases in size, along with anything it is wearing or carrying. While enlarged, the duergar is Large, doubles its damage dice on Strength-based weapon attacks (included in the attacks), and makes Strength checks and Strength saving throws with advantage. If the duergar lacks the room to become Large, it attains the maximum size possible in the space available. | War Pick: while enlarged | War Pick:  | Javelin: while enlarged | Javelin: while enlarged | Javelin:  | Javelin:  | Invisibility (Recharges after a Short or Long Rest): The duergar magically turns invisible until it attacks, casts a spell, or uses its Enlarge, or until its concentration is broken, up to 1 hour (as if concentrating on a spell). Any equipment the duergar wears or carries is invisible with it.",,,,,,Free Basic Rules (2014),https://files.d20.io/images/390062459/ldZZWm2mxTU4tM_yHeUF7g/original.png
Dust Mephit,Small,elemental,Neutral Evil,12,17 (5d6),"30 ft., fly 30 ft.",1/2,100,5,-3,14,+2,10,+0,9,-1,11,+0,10,+0,,"Perception +2, Stealth +4",12,Darkvision 60 Ft.,"Auran, Terran",Fire,,,Poison,Poisoned,,,,"Death Burst: When the mephit dies, it explodes in a burst of dust. Each creature within 5 ft. of it must then succeed on a DC 10 Constitution saving throw or be blinded for 1 minute. A blinded creature can repeat the saving throw on each of its turns, ending the effect on itself on a success. | Innate Spellcasting (1/Day): The mephit can innately cast sleep, requiring no material components. Its innate spellcasting ability is Charisma.","Claws:  | Blinding Breath (Recharge 6): The mephit exhales a 15-foot cone of blinding dust. Each creature in that area must succeed on a DC 10 Dexterity saving throw or be blinded for 1 minute. A creature can repeat the saving throw at the end of each of its turns, ending the effect on itself on a success.",,,,,,Free Basic Rules (2014),https://files.d20.io/images/390062479/xQiZoGtA6VdquwH2EDMpxQ/original.png
Eagle,Small,beast,Unaligned,12,3 (1d6),"10 ft., fly 60 ft.",0,10,6,-2,15,+2,10,+0,2,-4,14,+2,7,-2,,Perception +4,14,,,,,,,,,,,Keen Sight: The eagle has advantage on Wisdom (Perception) checks that rely on sight.,Talons: ,,,,,,Free Basic Rules (2014),https://files.d20.io/images/390063498/q0AxKCmrmqzgGBckA7lWyg/original.png
Earth Elemental,Large,elemental,Neutral,17 (Natural Armor),126 (12d10+60),"30 ft., burrow 30 ft.",5,"1,800",20,+5,8,-1,20,+5,5,-3,10,+0,5,-3,,,10,"Darkvision 60 Ft., Tremorsense 60 Ft.",Terran,Thunder,,"Bludgeoning, Piercing, and Slashing From Nonmagical Attacks",Poison,"Exhaustion, Paralyzed, Petrified, Poisoned, Unconscious",,,,"Earth Glide: The elemental can burrow through nonmagical, unworked earth and stone. While doing so, the elemental doesn't disturb the material it moves through. | Siege Monster: The elemental deals double damage to objects and structures.",Multiattack: The elemental makes two slam attacks. | Slam: ,,,,,,Free Basic Rules (2014),https://files.d20.io/images/390062658/ruwRcVrNcZBLrOEHU8uPnA/original.png
Efreeti,Large,elemental,Lawful Evil,17 (Natural Armor),200 (16d10+112),"40 ft., fly 60 ft.",11,"7,200",22,+6,12,+1,24,+7,16,+3,15,+2,16,+3,"Int +7, Wis +6, Cha +7",,12,Darkvision 120 Ft.,Ignan,,,,Fire,,,,,"Elemental Demise: If the efreeti dies, its body disintegrates in a flash of fire and puff of smoke, leaving behind only equipment the djinni was wearing or carrying. | Innate Spellcasting: The efreeti's innate spell casting ability is Charisma (spell save DC 15, +7 to hit with spell attacks). It can innately cast the following spells, requiring no material components:   At will: detect magic 3/day: enlarge/reduce, tongues 1/day each: conjure elemental (fire elemental only), gaseous form, invisibility, major image, plane shift, wall of fire",Multiattack: The efreeti makes two scimitar attacks or uses its Hurl Flame twice. | Scimitar:  | Hurl Flame: ,,,,,,Free Basic Rules (2014),https://files.d20.io/images/390062668/Fy_H49JXM1FciwUenzUElA/original.png
Elephant,Huge,beast,Unaligned,12 (Natural Armor),76 (8d12+24),40 ft.,4,"1,100",22,+6,9,-1,17,+3,3,-4,11,+0,6,-2,,,10,,,,,,,,,,,"Trampling Charge: If the elephant moves at least 20 ft. straight toward a creature and then hits it with a gore attack on the same turn, that target must succeed on a DC 12 Strength saving throw or be knocked prone. If the target is prone, the elephant can make one stomp attack against it as a bonus action.",Gore:  | Stomp: ,,,,,,Free Basic Rules (2014),https://files.d20.io/images/390062676/tILrYockLrNTDDx77F6_Dw/original.png
Elk,Large,beast,Unaligned,10,13 (2d10+2),50 ft.,1/4,50,16,+3,10,+0,12,+1,2,-4,10,+0,6,-2,,,10,,,,,,,,,,,"Charge: If the elk moves at least 20 ft. straight toward a target and then hits it with a ram attack on the same turn, the target takes an extra 7 (2d6) damage. If the target is a creature, it must succeed on a DC 13 Strength saving throw or be knocked prone.",Ram:  | Hooves: ,,,,,,Free Basic Rules (2014),https://files.d20.io/images/390062710/cpZDYKRSb2hNCvsSuZH2OA/original.png
Erinyes,Medium,fiend (devil),Lawful Evil,18 (Plate),153 (18d8+72),"30 ft., fly 60 ft.",12,"8,400",18,+4,16,+3,18,+4,14,+2,14,+2,18,+4,"Dex +7, Con +8, Wis +6, Cha +8",,12,Truesight 120 Ft.,"Infernal, Telepathy 120 Ft.",,,"Cold; Bludgeoning, Piercing, And Slashing From Nonmagical Attacks That Aren't Silvered","Fire, Poison",Poisoned,,,,Hellish Weapons: The erinyes's weapon attacks are magical and deal an extra 13 (3d8) poison damage on a hit (included in the attacks). | Magic Resistance: The erinyes has advantage on saving throws against spells and other magical effects.,Multiattack: The erinyes makes three attacks | Longsword: two handed | Longsword: one handed | Longbow: The target must succeed on a dc 14 constitution saving throw or be poisoned The poison lasts until it is removed by the lesser restoration spell or similar magic,"Parry: The erinyes adds 4 to its AC against one melee attack that would hit it. To do so, the erinyes must see the attacker and be wielding a melee weapon.",,,,,Free Basic Rules (2014),https://files.d20.io/images/390062742/Q7tRyc8lW27Du1UJPeHLeQ/original.png
Ettercap,Medium,monstrosity,Neutral Evil,13 (Natural Armor),44 (8d8+8),"30 ft., climb 30 ft.",2,450,14,+2,15,+2,13,+1,7,-2,12,+1,8,-1,,"Perception +3, Stealth +4, Survival +3",13,Darkvision 60 Ft.,,,,,,,,,,"Spider Climb: The ettercap can climb difficult surfaces, including upside down on ceilings, without needing to make an ability check. | Web Sense: While in contact with a web, the ettercap knows the exact location of any other creature in contact with the same web. | Web Walker: The ettercap ignores movement restrictions caused by webbing.","Multiattack: The ettercap makes two attacks: one with its bite and one with its claws. | Bite: The target must succeed on a DC 11 Constitution saving throw or be poisoned for 1 minute. The creature can repeat the saving throw at the end of each of its turns, ending the effect on itself on a success | Claws:  | Web (Recharge 5-6): The creature is restrained by webbing. As an action, the restrained creature can make a DC 11 Strength check, escaping from the webbing on a success. The effect also ends if the webbing is destroyed. The webbing has AC 10, 5 hit points, vulnerability to fire damage, and immunity to bludgeoning, poison, and psychic damage.",,,,,,Free Basic Rules (2014),https://files.d20.io/images/390062966/wjKE9hu8EU62zVklr391zw/original.png
Ettin,Large,giant,Chaotic Evil,12 (Natural Armor),85 (10d10+30),40 ft.,4,"1,100",21,+5,8,-1,17,+3,6,-2,10,+0,8,-1,,Perception +4,14,Darkvision 60 Ft.,"Giant, Orc",,,,,,,,,"Two Heads: The ettin has advantage on Wisdom (Perception) checks and on saving throws against being blinded, charmed, deafened, frightened, stunned, and knocked unconscious. | Wakeful: When one of the ettin's heads is asleep, its other head is awake.",Multiattack: The ettin makes two attacks: one with its battleaxe and one with its morningstar. | Battleaxe:  | Morningstar: ,,,,,,Free Basic Rules (2014),https://files.d20.io/images/390062984/6xpjPGJ8feOBwyCmujPIvg/original.png
Fire Elemental,Large,elemental,Neutral,13,102 (12d10+36),50 ft.,5,"1,800",10,+0,17,+3,16,+3,6,-2,10,+0,7,-2,,,10,Darkvision 60 Ft.,Ignan,,,"Bludgeoning, Piercing, and Slashing From Nonmagical Attacks","Fire, Poison","Exhaustion, Grappled, Paralyzed, Petrified, Poisoned, Prone, Restrained, Unconscious",,,,"Fire Form: The elemental can move through a space as narrow as 1 inch wide without squeezing. A creature that touches the elemental or hits it with a melee attack while within 5 ft. of it takes 5 (1d10) fire damage. In addition, the elemental can enter a hostile creature's space and stop there. The first time it enters a creature's space on a turn, that creature takes 5 (1d10) fire damage and catches fire; until someone takes an action to douse the fire, the creature takes 5 (1d10) fire damage at the start of each of its turns. | Illumination: The elemental sheds bright light in a 30-foot radius and dim light in an additional 30 ft.. | Water Susceptibility: For every 5 ft. the elemental moves in water, or for every gallon of water splashed on it, it takes 1 cold damage.","Multiattack: The elemental makes two touch attacks. | Touch: If the target is a creature or a flammable object, it ignites. Until a creature takes an action to douse the fire, the target takes 5 (1d10) fire damage at the start of each of its turns",,,,,,Free Basic Rules (2014),https://files.d20.io/images/390063002/NBmXHoksptksTHOoed2lCQ/original.png
Fire Giant,Huge,giant,Lawful Evil,18 (Plate),162 (13d12+78),30 ft.,9,"5,000",25,+7,9,-1,23,+6,10,+0,14,+2,13,+1,"Dex +3, Con +10, Cha +5","Athletics +11, Perception +6",16,,Giant,,,,Fire,,,,,,Multiattack: The giant makes two greatsword attacks. | Greatsword:  | Rock: ,,,,,,Free Basic Rules (2014),https://files.d20.io/images/390063035/nImrBdix7dlCVskQp_Xgmw/original.png
Flesh Golem,Medium,construct,Neutral,9,93 (11d8+44),30 ft.,5,"1,800",19,+4,9,-1,18,+4,6,-2,10,+0,5,-3,,,10,Darkvision 60 Ft.,Understands The Languages Of Its Creator But Can't Speak,,,,"Lightning, Poison; Bludgeoning, Piercing, and Slashing From Nonmagical Attacks That Aren't Adamantine","Charmed, Exhaustion, Frightened, Paralyzed, Petrified, Poisoned",,,,"Berserk: Whenever the golem starts its turn with 40 hit points or fewer, roll a d6. On a 6, the golem goes berserk. On each of its turns while berserk, the golem attacks the nearest creature it can see. If no creature is near enough to move to and attack, the golem attacks an object, with preference for an object smaller than itself. Once the golem goes berserk, it continues to do so until it is destroyed or regains all its hit points. The golem's creator, if within 60 feet of the berserk golem, can try to calm it by speaking firmly and persuasively. The golem must be able to hear its creator, who must take an action to make a DC 15 Charisma (Persuasion) check. If the check succeeds, the golem ceases being berserk. If it takes damage while still at 40 hit points or fewer, the golem might go berserk again. | Aversion of Fire: If the golem takes fire damage, it has disadvantage on attack rolls and ability checks until the end of its next turn. | Immutable Form: The golem is immune to any spell or effect that would alter its form. | Lightning Absorption: Whenever the golem is subjected to lightning damage, it takes no damage and instead regains a number of hit points equal to the lightning damage dealt. | Magic Resistance: The golem has advantage on saving throws against spells and other magical effects. | Magic Weapons: The golem's weapon attacks are magical.",Multiattack: The golem makes two slam attacks. | Slam: ,,,,,,Free Basic Rules (2014),https://files.d20.io/images/390063043/ZXESXDR3PLKgwDC60jCUMQ/original.png
Flying Snake,Tiny,beast,Unaligned,14,5 (2d4),"30 ft., fly 60 ft., swim 30 ft.",1/8,25,4,-3,18,+4,11,+0,2,-4,12,+1,5,-3,,,11,Blindsight 10 Ft.,,,,,,,,,,Flyby: The snake doesn't provoke opportunity attacks when it flies out of an enemy's reach.,Bite: ,,,,,,Free Basic Rules (2014),https://files.d20.io/images/390063055/asBERIn3hkjbR2LtXZj5Vg/original.png
Flying Sword,Small,construct,Unaligned,17 (Natural Armor),17 (5d6),"0 ft., fly 50 ft. It can hover.",1/4,50,12,+1,15,+2,11,+0,1,-5,5,-3,1,-5,Dex +4,,7,Blindsight 60 Ft. (Blind Beyond This Radius),,,,,"Poison, Psychic","Blinded, Charmed, Deafened, Frightened, Paralyzed, Petrified, Poisoned",,,,"Antimagic Susceptibility: The sword is incapacitated while in the area of an antimagic field. If targeted by dispel magic, the sword must succeed on a Constitution saving throw against the caster's spell save DC or fall unconscious for 1 minute. | False Appearance: While the sword remains motionless and isn't flying, it is indistinguishable from a normal sword.",Longsword: ,,,,,,Free Basic Rules (2014),https://files.d20.io/images/390057659/MlIiro_0bLe1LIox-ZStRg/original.png
Frog,Tiny,beast,Unaligned,11,1 (1d4-1),"20 ft., swim 20 ft.",0,10,1,-5,13,+1,8,-1,1,-5,8,-1,3,-4,,"Perception +1, Stealth +3",11,Darkvision 30 Ft.,,,,,,,,,,"Amphibious: The frog can breathe air and water | Standing Leap: The frog's long jump is up to 10 ft. and its high jump is up to 5 ft., with or without a running start.",,,,,,,Free Basic Rules (2014),https://files.d20.io/images/390063066/ue2oJjZmqrnauEVii6A0jQ/original.png
Frost Giant,Huge,giant,Neutral Evil,15 (Patchwork Armor),138 (12d12+60),40 ft.,8,"3,900",23,+6,9,-1,21,+5,9,-1,10,+0,12,+1,"Con +8, Wis +3, Cha +4","Athletics +9, Perception +3",13,,Giant,,,,Cold,,,,,,Multiattack: The giant makes two greataxe attacks. | Greataxe:  | Rock: ,,,,,,Free Basic Rules (2014),https://files.d20.io/images/390063117/3sY7YVG18a8EAKbMaI_FLA/original.png
Gargoyle,Medium,elemental,Chaotic Evil,15 (Natural Armor),52 (7d8+21),"30 ft., fly 60 ft.",2,450,15,+2,11,+0,16,+3,6,-2,11,+0,7,-2,,,10,Darkvision 60 Ft.,Terran,,,"Bludgeoning, Piercing, and Slashing From Nonmagical Attacks That Aren't Adamantine",Poison,"Exhaustion, Petrified, Poisoned",,,,"False Appearance: While the gargoyle remains motionless, it is indistinguishable from an inanimate statue.",Multiattack: The gargoyle makes two attacks: one with its bite and one with its claws. | Bite:  | Claws: ,,,,,,Free Basic Rules (2014),https://files.d20.io/images/390063130/9iMbApiJ3qnGgBiRCvBbqQ/original.png
Gelatinous Cube,Large,ooze,Unaligned,6,84 (8d10+40),15 ft.,2,450,14,+2,3,-4,20,+5,1,-5,6,-2,1,-5,,,8,Blindsight 60 Ft. (Blind Beyond This Radius),,,,,,"Blinded, Charmed, Deafened, Exhaustion, Frightened, Prone",,,,"Ooze Cube: The cube takes up its entire space. Other creatures can enter the space, but a creature that does so is subjected to the cube's Engulf and has disadvantage on the saving throw. Creatures inside the cube can be seen but have total cover. A creature within 5 feet of the cube can take an action to pull a creature or object out of the cube. Doing so requires a successful DC 12 Strength check, and the creature making the attempt takes 10 (3d6) acid damage. The cube can hold only one Large creature or up to four Medium or smaller creatures inside it at a time. | Transparent: Even when the cube is in plain sight, it takes a successful DC 15 Wisdom (Perception) check to spot a cube that has neither moved nor attacked. A creature that tries to enter the cube's space while unaware of the cube is surprised by the cube.","Pseudopod:  | Engulf: The cube moves up to its speed. While doing so, it can enter Large or smaller creatures' spaces. Whenever the cube enters a creature's space, the creature must make a DC 12 Dexterity saving throw. On a successful save, the creature can choose to be pushed 5 feet back or to the side of the cube. A creature that chooses not to be pushed suffers the consequences of a failed saving throw. On a failed save, the cube enters the creature's space, and the creature takes 10 (3d6) acid damage and is engulfed. The engulfed creature can't breathe, is restrained, and takes 21 (6d6) acid damage at the start of each of the cube's turns. When the cube moves, the engulfed creature moves with it. An engulfed creature can try to escape by taking an action to make a DC 12 Strength check. On a success, the creature escapes and enters a space of its choice within 5 feet of the cube.",,,,,,Free Basic Rules (2014),https://files.d20.io/images/390063363/0I37YfrXRbEhu8vqeVxAhQ/original.png
Ghast,Medium,undead,Chaotic Evil,13,36 (8d8),30 ft.,2,450,16,+3,17,+3,10,+0,11,+0,10,+0,8,-1,,,10,Darkvision 60 Ft.,Common,,,necrotic,poison,"charmed, exhaustion, poisoned",,,,"Stench: Any creature that starts its turn within 5 ft. of the ghast must succeed on a DC 10 Constitution saving throw or be poisoned until the start of its next turn. On a successful saving throw, the creature is immune to the ghast's Stench for 24 hours. | Turn Defiance: The ghast and any ghouls within 30 ft. of it have advantage on saving throws against effects that turn undead.","Bite:  | Claws: If the target is a creature other than an undead, it must succeed on a DC 10 Constitution saving throw or be paralyzed for 1 minute. The target can repeat the saving throw at the end of each of its turns, ending the effect on itself on a success",,,,,,Free Basic Rules (2014),https://files.d20.io/images/390063376/Yz68OgK-Ka1FOaQyETru7A/original.png
Ghost,Medium,undead,Any Alignment,11,45 (10d8),"0 ft., fly 40 ft. It can hover.",4,"1,100",7,-2,13,+1,10,+0,10,+0,12,+1,17,+3,,,11,Darkvision 60 Ft.,Any Languages It Knew In Life,,,"Acid, Fire, Lightning, Thunder; Bludgeoning, Piercing, and Slashing From Nonmagical Attacks","Cold, Necrotic, Poison","Charmed, Exhaustion, Frightened, Grappled, Paralyzed, Petrified, Poisoned, Prone, Restrained",,,,"Ethereal Sight: The ghost can see 60 ft. into the Ethereal Plane when it is on the Material Plane, and vice versa. | Incorporeal Movement: The ghost can move through other creatures and objects as if they were difficult terrain. It takes 5 (1d10) force damage if it ends its turn inside an object.","Withering Touch:  | Etherealness: The ghost enters the Ethereal Plane from the Material Plane, or vice versa. It is visible on the Material Plane while it is in the Border Ethereal, and vice versa, yet it can't affect or be affected by anything on the other plane. | Horrifying Visage: Each non-undead creature within 60 ft. of the ghost that can see it must succeed on a DC 13 Wisdom saving throw or be frightened for 1 minute. If the save fails by 5 or more, the target also ages 1d4 x 10 years. A frightened target can repeat the saving throw at the end of each of its turns, ending the frightened condition on itself on a success. If a target's saving throw is successful or the effect ends for it, the target is immune to this ghost's Horrifying Visage for the next 24 hours. The aging effect can be reversed with a greater restoration spell, but only within 24 hours of it occurring. | Possession (Recharge 6): One humanoid that the ghost can see within 5 ft. of it must succeed on a DC 13 Charisma saving throw or be possessed by the ghost; the ghost then disappears, and the target is incapacitated and loses control of its body. The ghost now controls the body but doesn't deprive the target of awareness. The ghost can't be targeted by any attack, spell, or other effect, except ones that turn undead, and it retains its alignment, Intelligence, Wisdom, Charisma, and immunity to being charmed and frightened. It otherwise uses the possessed target's statistics, but doesn't gain access to the target's knowledge, class features, or proficiencies.  The possession lasts until the body drops to 0 hit points, the ghost ends it as a bonus action, or the ghost is turned or forced out by an effect like the dispel evil and good spell. When the possession ends, the ghost reappears in an unoccupied space within 5 ft. of the body. The target is immune to this ghost's Possession for 24 hours after succeeding on the saving throw or after the possession ends.",,,,,,Free Basic Rules (2014),https://files.d20.io/images/390063401/IS8hhuVyUn0uuf_SPQJMeA/original.png
Ghoul,Medium,undead,Chaotic Evil,12,22 (5d8),30 ft.,1,200,13,+1,15,+2,10,+0,7,-2,10,+0,6,-2,,,10,Darkvision 60 Ft.,Common,,,,Poison,"Charmed, Exhaustion, Poisoned",,,,,"Bite:  | Claws: If the target is a creature other than an elf or undead, it must succeed on a DC 10 Constitution saving throw or be paralyzed for 1 minute. The target can repeat the saving throw at the end of each of its turns, ending the effect on itself on a success",,,,,,Free Basic Rules (2014),https://files.d20.io/images/390063418/YAAH-7J8nMC_dbO-WSx4VQ/original.png
Giant Ape,Huge,beast,Unaligned,12,157 (15d12+60),"40 ft., climb 40 ft.",7,"2,900",23,+6,14,+2,18,+4,7,-2,12,+1,7,-2,,"Athletics +9, Perception +4",14,,,,,,,,,,,,Multiattack: The ape makes two fist attacks. | Fist:  | Rock: ,,,,,,Free Basic Rules (2014),https://files.d20.io/images/390057727/e3dbd3sbqnUR0512tcfjqw/original.png
Giant Badger,Medium,beast,Unaligned,10,13 (2d8+4),"30 ft., burrow 10 ft.",1/4,50,13,+1,10,+0,15,+2,2,-4,12,+1,5,-3,,,11,Darkvision 30 Ft.,,,,,,,,,,Keen Smell: The badger has advantage on Wisdom (Perception) checks that rely on smell.,Multiattack: The badger makes two attacks: one with its bite and one with its claws. | Bite:  | Claws: ,,,,,,Free Basic Rules (2014),https://files.d20.io/images/390063435/guQeUarLylQEV0UGbybe3Q/original.png
Giant Bat,Large,beast,Unaligned,13,22 (4d10),"10 ft., fly 60 ft.",1/4,50,15,+2,16,+3,11,+0,2,-4,12,+1,6,-2,,,11,Blindsight 60 Ft.,,,,,,,,,,Echolocation: The bat can't use its blindsight while deafened. | Keen Hearing: The bat has advantage on Wisdom (Perception) checks that rely on hearing.,Bite: ,,,,,,Free Basic Rules (2014),https://files.d20.io/images/390063443/mzL4XXYv6Qc3KlobAjeQZA/original.png
Giant Boar,Large,beast,Unaligned,12 (Natural Armor),42 (5d10+15),40 ft.,2,450,17,+3,10,+0,16,+3,2,-4,7,-2,5,-3,,,8,,,,,,,,,,,"Charge: If the boar moves at least 20 ft. straight toward a target and then hits it with a tusk attack on the same turn, the target takes an extra 7 (2d6) slashing damage. If the target is a creature, it must succeed on a DC 13 Strength saving throw or be knocked prone. | Relentless (Recharges after a Short or Long Rest): If the boar takes 10 damage or less that would reduce it to 0 hit points, it is reduced to 1 hit point instead.",Tusk: ,,,,,,Free Basic Rules (2014),https://files.d20.io/images/390063462/SJVTBPkeRSustbyvo2csag/original.png
Giant Centipede,Small,beast,Unaligned,13 (Natural Armor),4 (1d6+1),"30 ft., climb 30 ft.",1/4,50,5,-3,14,+2,12,+1,1,-5,7,-2,3,-4,,,8,Blindsight 30 Ft.,,,,,,,,,,,"Bite: The target must succeed on a DC 11 Constitution saving throw or take the poison damage. If the poison damage reduces the target to 0 hit points, the target is stable but poisoned for 1 hour, even after regaining hit points, and is paralyzed while poisoned in this way.",,,,,,Free Basic Rules (2014),https://files.d20.io/images/390063475/NJUSQYXshkgQ38ZUJSNKow/original.png
Giant Constrictor Snake,Huge,beast,Unaligned,12,60 (8d12+8),"30 ft., swim 30 ft.",2,450,19,+4,14,+2,12,+1,1,-5,10,+0,3,-4,,Perception +2,12,Blindsight 10 Ft.,,,,,,,,,,,"Bite:  | Constrict: The target is grappled (escape dc 16) Until this grapple ends, the creature is restrained, and the snake can't constrict another target",,,,,,Free Basic Rules (2014),https://files.d20.io/images/390061615/CATwgNxkeHPTatXKQ-EHjA/original.png
Giant Crab,Medium,beast,Unaligned,15 (Natural Armor),13 (3d8),"30 ft., swim 30 ft.",1/8,25,13,+1,15,+2,11,+0,1,-5,9,-1,3,-4,,Stealth +4,9,Blindsight 30 Ft.,,,,,,,,,,Amphibious: The crab can breathe air and water.,"Claw: The target is grappled (escape dc 11) The crab has two claws, each of which can grapple only one target",,,,,,Free Basic Rules (2014),https://files.d20.io/images/390061671/WCVe9drsv_c7Vbk3MdRR6A/original.png
Giant Crocodile,Huge,beast,Unaligned,14 (Natural Armor),85 (9d12+27),"30 ft., swim 50 ft.",5,"1,800",21,+5,9,-1,17,+3,2,-4,10,+0,7,-2,,Stealth +5,10,,,,,,,,,,,Hold Breath: The crocodile can hold its breath for 30 minutes.,"Multiattack: The crocodile makes two attacks: one with its bite and one with its tail. | Bite: The target is grappled (escape dc 16) Until this grapple ends, the target is restrained, and the crocodile can't bite another target | Tail: If the target is a creature, it must succeed on a DC 16 Strength saving throw or be knocked prone",,,,,,Free Basic Rules (2014),https://files.d20.io/images/390061718/0FCEZ624ZvFx43t94WgqnQ/original.png
Giant Eagle,Large,beast,Neutral Good,13,26 (4d10+4),"10 ft., fly 80 ft.",1,200,16,+3,17,+3,13,+1,8,-1,14,+2,10,+0,,Perception +4,14,,"Giant Eagle, Understands Common And Auran But Can't Speak",,,,,,,,,Keen Sight: The eagle has advantage on Wisdom (Perception) checks that rely on sight.,Multiattack: The eagle makes two attacks: one with its beak and one with its talons. | Beak:  | Talons: ,,,,,,Free Basic Rules (2014),https://files.d20.io/images/390063562/maH8u8qlXJcE8vGOKIqjmg/original.png
Giant Elk,Huge,beast,Unaligned,14 (Natural Armor),42 (5d12+10),60 ft.,2,450,19,+4,16,+3,14,+2,7,-2,14,+2,10,+0,,Perception +4,14,,"Giant Elk, Understands Common, Elvish, And Sylvan But Can't Speak",,,,,,,,,"Charge: If the elk moves at least 20 ft. straight toward a target and then hits it with a ram attack on the same turn, the target takes an extra 7 (2d6) damage. If the target is a creature, it must succeed on a DC 14 Strength saving throw or be knocked prone.",Ram:  | Hooves: ,,,,,,Free Basic Rules (2014),https://files.d20.io/images/390062726/BdkZMtL1vNA-E1JB0-Di8A/original.png
Giant Fire Beetle,Small,beast,Unaligned,13 (Natural Armor),4 (1d6+1),30 ft.,0,10,8,-1,10,+0,12,+1,1,-5,7,-2,3,-4,,,8,Blindsight 30 Ft.,,,,,,,,,,Illumination: The beetle sheds bright light in a 10-foot radius and dim light for an additional 10 ft..,Bite: ,,,,,,Free Basic Rules (2014),https://files.d20.io/images/390063702/mnz3jAedGWoXrIe_P9RPPg/original.png
Giant Frog,Medium,beast,Unaligned,11,18 (4d8),"30 ft., swim 30 ft.",1/4,50,12,+1,13,+1,11,+0,2,-4,10,+0,3,-4,,"Perception +2, Stealth +3",12,Darkvision 30 Ft.,,,,,,,,,,"Amphibious: The frog can breathe air and water | Standing Leap: The frog's long jump is up to 20 ft. and its high jump is up to 10 ft., with or without a running start.","Bite: The target is grappled (escape dc 11) Until this grapple ends, the target is restrained, and the frog can't bite another target | Swallow: The frog makes one bite attack against a Small or smaller target it is grappling. If the attack hits, the target is swallowed, and the grapple ends. The swallowed target is blinded and restrained, it has total cover against attacks and other effects outside the frog, and it takes 5 (2d4) acid damage at the start of each of the frog's turns. The frog can have only one target swallowed at a time. If the frog dies, a swallowed creature is no longer restrained by it and can escape from the corpse using 5 ft. of movement, exiting prone.",,,,,,Free Basic Rules (2014),https://files.d20.io/images/390063093/G6BPqvOCR7tpEeYOUlwKYg/original.png
Giant Goat,Large,beast,Unaligned,11 (Natural Armor),19 (3d10+3),40 ft.,1/2,100,17,+3,11,+0,12,+1,3,-4,12,+1,6,-2,,,11,,,,,,,,,,,"Charge: If the goat moves at least 20 ft. straight toward a target and then hits it with a ram attack on the same turn, the target takes an extra 5 (2d4) bludgeoning damage. If the target is a creature, it must succeed on a DC 13 Strength saving throw or be knocked prone. | Sure-Footed: The goat has advantage on Strength and Dexterity saving throws made against effects that would knock it prone.",Ram: ,,,,,,Free Basic Rules (2014),https://files.d20.io/images/390064278/X8p5UYkSmJoSjU7R_q8ncA/original.png
Giant Hyena,Large,beast,Unaligned,12,45 (6d10+12),50 ft.,1,200,16,+3,14,+2,14,+2,2,-4,12,+1,7,-2,,Perception +3,13,,,,,,,,,,,"Rampage: When the hyena reduces a creature to 0 hit points with a melee attack on its turn, the hyena can take a bonus action to move up to half its speed and make a bite attack.",Bite: ,,,,,,Free Basic Rules (2014),https://files.d20.io/images/390065043/IIod_jlKxe9VLzk81pGgnw/original.png
Giant Lizard,Large,beast,Unaligned,12 (Natural Armor),19 (3d10+3),"30 ft., climb 30 ft.",1/4,50,15,+2,12,+1,13,+1,2,-4,10,+0,5,-3,,,10,Darkvision 30 Ft.,,,,,,,,,,,Bite: ,,,,,,Free Basic Rules (2014),https://files.d20.io/images/390063748/wvBnJticLoJmnmntqc0G3g/original.png
Giant Octopus,Large,beast,Unaligned,11,52 (8d10+8),"10 ft., swim 60 ft.",1,200,17,+3,13,+1,13,+1,4,-3,10,+0,4,-3,,"Perception +4, Stealth +5",14,Darkvision 60 Ft.,,,,,,,,,,"Hold Breath: While out of water, the octopus can hold its breath for 1 hour. | Underwater Camouflage: The octopus has advantage on Dexterity (Stealth) checks made while underwater. | Water Breathing: The octopus can breathe only underwater.","Tentacles: If the target is a creature, it is grappled (escape DC 16). Until this grapple ends, the target is restrained, and the octopus can't use its tentacles on another target | Ink Cloud (Recharges after a Short or Long Rest): A 20-foot-radius cloud of ink extends all around the octopus if it is underwater. The area is heavily obscured for 1 minute, although a significant current can disperse the ink. After releasing the ink, the octopus can use the Dash action as a bonus action.",,,,,,Free Basic Rules (2014),https://files.d20.io/images/390066202/_rXpIz3XsNCuouGbt0k9aQ/original.png
Giant Owl,Large,beast,Neutral,12,19 (3d10+3),"5 ft., fly 60 ft.",1/4,50,13,+1,15,+2,12,+1,8,-1,13,+1,10,+0,,"Perception +5, Stealth +4",15,Darkvision 120 Ft.,"Giant Owl, Understands Common, Elvish, And Sylvan But Can't Speak",,,,,,,,,Flyby: The owl doesn't provoke opportunity attacks when it flies out of an enemy's reach. | Keen Hearing and Sight: The owl has advantage on Wisdom (Perception) checks that rely on hearing or sight.,Talons: ,,,,,,Free Basic Rules (2014),https://files.d20.io/images/390063757/wGGEbU60wzinTMIQclvhEw/original.png
Giant Poisonous Snake,Medium,beast,Unaligned,14,11 (2d8+2),"30 ft., swim 30 ft.",1/4,50,10,+0,18,+4,13,+1,2,-4,10,+0,3,-4,,Perception +2,12,Blindsight 10 Ft.,,,,,,,,,,,"Bite: The target must make a DC 11 Constitution saving throw, taking the poison damage on a failed save, or half as much damage on a successful one.",,,,,,Free Basic Rules (2014),https://files.d20.io/images/390067306/kLJlVEMHYcBHhBif7lUYgA/original.png
Giant Rat,Small,beast,Unaligned,12,7 (2d6),30 ft.,1/8,25,7,-2,15,+2,11,+0,2,-4,10,+0,4,-3,,,10,Darkvision 60 Ft.,,,,,,,,,,Keen Smell: The rat has advantage on Wisdom (Perception) checks that rely on smell. | Pack Tactics: The rat has advantage on an attack roll against a creature if at least one of the rat's allies is within 5 ft. of the creature and the ally isn't incapacitated.,Bite: ,,,,,,Free Basic Rules (2014),https://files.d20.io/images/390067696/JQxTNtTVTg65OOX3War7uQ/original.png
Giant Scorpion,Large,beast,Unaligned,15 (Natural Armor),52 (7d10+14),40 ft.,3,700,15,+2,13,+1,15,+2,1,-5,9,-1,3,-4,,,9,Blindsight 60 Ft.,,,,,,,,,,,"Claw: The target is grappled (Escape DC 12) The scorpion has two claws, each of which can grapple only one target | Multiattack: The scorpion makes three attacks: two with its claws and one with its sting. | Sting: The target must make a DC 12 Constitution saving throw, taking 22 (4d10) poison damage on a failed save, or half as much damage on a successful one.",,,,,,Free Basic Rules (2014),https://files.d20.io/images/390068488/vLzV3kZSNYBrgIx9KJpdFw/original.png
Giant Sea Horse,Large,beast,Unaligned,13 (Natural Armor),16 (3d10),"0 ft., swim 40 ft.",1/2,100,12,+1,15,+2,11,+0,2,-4,12,+1,5,-3,,,11,,,,,,,,,,,"Charge: If the sea horse moves at least 20 ft. straight toward a target and then hits it with a ram attack on the same turn, the target takes an extra 7 (2d6) bludgeoning damage. If the target is a creature, it must succeed on a DC 11 Strength saving throw or be knocked prone. | Water Breathing: The sea horse can breathe only underwater.",Ram: ,,,,,,Free Basic Rules (2014),https://files.d20.io/images/390068520/lC3eFJ6dsKKNJm8617scJg/original.png
Giant Shark,Huge,beast,Unaligned,13 (Natural Armor),126 (11d12+55),Swim 50 ft.,5,"1,800",23,+6,11,+0,21,+5,1,-5,10,+0,5,-3,,Perception +3,13,Blindsight 60 Ft.,,,,,,,,,,Blood Frenzy: The shark has advantage on melee attack rolls against any creature that doesn't have all its hit points. | Water Breathing: The shark can breathe only underwater.,Bite: ,,,,,,Free Basic Rules (2014),https://files.d20.io/images/390063763/oL-yrISML4g6ifBF5r2E2w/original.png
Giant Spider,Large,beast,Unaligned,14 (Natural Armor),26 (4d10+4),"30 ft., climb 30 ft.",1,200,14,+2,16,+3,12,+1,2,-4,11,+0,4,-3,,Stealth +7,10,"Blindsight 10 Ft., Darkvision 60 Ft.",,,,,,,,,,"Spider Climb: The spider can climb difficult surfaces, including upside down on ceilings, without needing to make an ability check. | Web Sense: While in contact with a web, the spider knows the exact location of any other creature in contact with the same web. | Web Walker: The spider ignores movement restrictions caused by webbing.","Bite: The target must make a DC 11 Constitution saving throw, taking the poison damage on a failed save, or half as much damage on a successful one. If the poison damage reduces the target to 0 hit points, the target is stable but poisoned for 1 hour, even after regaining hit points, and is paralyzed while poisoned in this way. | Web (Recharge 5-6): The target is restrained by webbing As an action, the restrained target can make a DC 12 Strength check, bursting the webbing on a success. The webbing can also be attacked and destroyed (AC 10; hp 5; vulnerability to fire damage; immunity to bludgeoning, poison, and psychic damage).",,,,,,Free Basic Rules (2014),https://files.d20.io/images/390063781/Ahu35xxQMN-1_haFQAPusQ/original.png
Giant Toad,Large,beast,Unaligned,11,39 (6d10+6),"20 ft., swim 40 ft.",1,200,15,+2,13,+1,13,+1,2,-4,10,+0,3,-4,,,10,Darkvision 30 Ft.,,,,,,,,,,"Amphibious: The toad can breathe air and water | Standing Leap: The toad's long jump is up to 20 ft. and its high jump is up to 10 ft., with or without a running start.","Bite: The target is grappled (escape dc 13) Until this grapple ends, the target is restrained, and the toad can't bite another target | Swallow: The toad makes one bite attack against a Medium or smaller target it is grappling. If the attack hits, the target is swallowed, and the grapple ends. The swallowed target is blinded and restrained, it has total cover against attacks and other effects outside the toad, and it takes 10 (3d6) acid damage at the start of each of the toad's turns. The toad can have only one target swallowed at a time. If the toad dies, a swallowed creature is no longer restrained by it and can escape from the corpse using 5 feet of movement, exiting prone.",,,,,,Free Basic Rules (2014),https://files.d20.io/images/390063789/m6PKl1FXc3JmOUytY6UKng/original.png
Giant Vulture,Large,beast,Neutral Evil,10,22 (3d10+6),"10 ft., fly 60 ft.",1,200,15,+2,10,+0,15,+2,6,-2,12,+1,7,-2,,Perception +3,13,,Understands Common But Can't Speak,,,,,,,,,Keen Sight and Smell: The vulture has advantage on Wisdom (Perception) checks that rely on sight or smell. | Pack Tactics: The vulture has advantage on an attack roll against a creature if at least one of the vulture's allies is within 5 ft. of the creature and the ally isn't incapacitated.,Multiattack: The vulture makes two attacks: one with its beak and one with its talons. | Beak:  | Talons: ,,,,,,Free Basic Rules (2014),https://files.d20.io/images/390116562/NbsuSA-wDhQfJs7LxL_Yjg/original.png
Giant Wasp,Medium,beast,Unaligned,12,13 (3d8),"10 ft., fly 50 ft.",1/2,100,10,+0,14,+2,10,+0,1,-5,10,+0,3,-4,,,10,,,,,,,,,,,,"Sting: The target must make a DC 11 Constitution saving throw, taking the poison damage on a failed save, or half as much damage on a successful one. If the poison damage reduces the target to 0 hit points, the target is stable but poisoned for 1 hour, even after regaining hit points, and is paralyzed while poisoned in this way.",,,,,,Free Basic Rules (2014),https://files.d20.io/images/390063798/GbgfbSrRH8QOznO80zDYGQ/original.png
Giant Weasel,Medium,beast,Unaligned,13,9 (2d8),40 ft.,1/8,25,11,+0,16,+3,10,+0,4,-3,12,+1,5,-3,,"Perception +3, Stealth +5",13,Darkvision 60 Ft.,,,,,,,,,,Keen Hearing and Smell: The weasel has advantage on Wisdom (Perception) checks that rely on hearing or smell.,Bite: ,,,,,,Free Basic Rules (2014),https://files.d20.io/images/390063814/39737b85dGTVMdmtSruz_Q/original.png
Giant Wolf Spider,Medium,beast,Unaligned,13,11 (2d8+2),"40 ft., climb 40 ft.",1/4,50,12,+1,16,+3,13,+1,3,-4,12,+1,4,-3,,"Perception +3, Stealth +7",13,"Blindsight 10 Ft., Darkvision 60 Ft.",,,,,,,,,,"Spider Climb: The spider can climb difficult surfaces, including upside down on ceilings, without needing to make an ability check. | Web Sense: While in contact with a web, the spider knows the exact location of any other creature in contact with the same web. | Web Walker: The spider ignores movement restrictions caused by webbing.","Bite: The target must make a DC 11 Constitution saving throw, taking the poison damage on a failed save, or half as much damage on a successful one. If the poison damage reduces the target to 0 hit points, the target is stable but poisoned for 1 hour, even after regaining hit points, and is paralyzed while poisoned in this way.",,,,,,Free Basic Rules (2014),https://files.d20.io/images/390063830/laP07Umy8VOW46CFzCTnlA/original.png
Gibbering Mouther,Medium,aberration,Neutral,9,67 (9d8+27),"10 ft., swim 10 ft.",2,450,10,+0,8,-1,16,+3,3,-4,10,+0,6,-2,,,10,Darkvision 60 Ft.,,,,,,Prone,,,,"Aberrant Ground: The ground in a 10-foot radius around the mouther is doughlike difficult terrain. Each creature that starts its turn in that area must succeed on a DC 10 Strength saving throw or have its speed reduced to 0 until the start of its next turn. | Gibbering: The mouther babbles incoherently while it can see any creature and isn't incapacitated. Each creature that starts its turn within 20 feet of the mouther and can hear the gibbering must succeed on a DC 10 Wisdom saving throw. On a failure, the creature can't take reactions until the start of its next turn and rolls a d8 to determine what it does during its turn. On a 1 to 4, the creature does nothing. On a 5 or 6, the creature takes no action or bonus action and uses all its movement to move in a randomly determined direction. On a 7 or 8, the creature makes a melee attack against a randomly determined creature within its reach or does nothing if it can't make such an attack.","Multiattack: The gibbering mouther makes one bite attack and, if it can, uses its Blinding Spittle. | Bites: If the target is Medium or smaller, it must succeed on a DC 10 Strength saving throw or be knocked prone. If the target is killed by this damage, it is absorbed into the mouther | Blinding Spittle (Recharge 5-6): The mouther spits a chemical glob at a point it can see within 15 feet of it. The glob explodes in a blinding flash of light on impact. Each creature within 5 feet of the flash must succeed on a DC 13 Dexterity saving throw or be blinded until the end of the mouther's next turn.",,,,,,Free Basic Rules (2014),https://files.d20.io/images/390064220/mdqitq-Kix3UpB5uOqj02Q/original.png
Glabrezu,Large,fiend (demon),Chaotic Evil,17 (Natural Armor),157 (15d10+75),40 ft.,9,"5,000",20,+5,15,+2,21,+5,19,+4,17,+3,16,+3,"Str +9, Con +9, Wis +7, Cha +7",,13,Truesight 120 Ft.,"Abyssal, Telepathy 120 Ft.",,,"Cold, Fire, Lightning; Bludgeoning, Piercing, and Slashing From Nonmagical Attacks",Poison,Poisoned,,,,"Innate Spellcasting: The glabrezu's spellcasting ability is Intelligence (spell save DC 16). The glabrezu can innately cast the following spells, requiring no material components:  At will: darkness, detect magic, dispel magic 1/day each: confusion, fly, power word stun | Magic Resistance: The glabrezu has advantage on saving throws against spells and other magical effects.","Multiattack: The glabrezu makes four attacks: two with its pincers and two with its fists. Alternatively, it makes two attacks with its pincers and casts one spell. | Pincer: If the target is a Medium or smaller creature, it is grappled (escape DC 15). The glabrezu has two pincers, each of which can grapple only one target | Fist: ",,,,,,Free Basic Rules (2014),https://files.d20.io/images/390064231/IT67FCfAa3b8TxkfkFmAww/original.png
Gladiator,Medium,humanoid (any race),Any Alignment,"16 (Studded Leather, Shield)",112 (15d8+45),30 ft.,5,"1,800",18,+4,15,+2,16,+3,10,+0,12,+1,15,+2,"Str +7, Dex +5, Con +6","Athletics +10, Intimidation +5",11,,Any One Language (Usually Common),,,,,,,,,Brave: The gladiator has advantage on saving throws against being frightened. | Brute: A melee weapon deals one extra die of its damage when the gladiator hits with it (included in the attack).,"Multiattack: The gladiator makes three melee attacks or two ranged attacks. | Spear (One-Handed):  | Spear (Two-Handed):  | Spear (Ranged):  | Shield Bash: If the target is a Medium or smaller creature, it must succeed on a DC 15 Strength saving throw or be knocked prone","Parry: The gladiator adds 3 to its AC against one melee attack that would hit it. To do so, the gladiator must see the attacker and be wielding a melee weapon.",,,,,Free Basic Rules (2014),https://files.d20.io/images/390064236/jfGrITQgIBSE9mH4CQNWug/original.png
Gnoll,Medium,humanoid (gnoll),Chaotic Evil,"15 (Hide Armor, Shield)",22 (5d8),30 ft.,1/2,100,14,+2,12,+1,11,+0,6,-2,10,+0,7,-2,,,10,Darkvision 60 Ft.,Gnoll,,,,,,,,,"Rampage: When the gnoll reduces a creature to 0 hit points with a melee attack on its turn, the gnoll can take a bonus action to move up to half its speed and make a bite attack.",Bite:  | Spear: two handed | Spear:  | Spear:  | Longbow: ,,,,,,Free Basic Rules (2014),https://files.d20.io/images/390064257/2V1VJKCdVoE1F6OD4Loz3w/original.png
Goat,Medium,beast,Unaligned,10,4 (1d8),40 ft.,0,10,12,+1,10,+0,11,+0,2,-4,10,+0,5,-3,,,10,,,,,,,,,,,"Charge: If the goat moves at least 20 ft. straight toward a target and then hits it with a ram attack on the same turn, the target takes an extra 2 (1d4) bludgeoning damage. If the target is a creature, it must succeed on a DC 10 Strength saving throw or be knocked prone. | Sure-Footed: The goat has advantage on Strength and Dexterity saving throws made against effects that would knock it prone.",Ram: ,,,,,,Free Basic Rules (2014),https://files.d20.io/images/390064325/2MrLj0DD4EEjQ-75vFe8VQ/original.png
Goblin,Small,humanoid (goblinoid),Neutral Evil,"15 (Leather Armor, Shield)",7 (2d6),30 ft.,1/4,50,8,-1,14,+2,10,+0,10,+0,8,-1,8,-1,,Stealth +6,9,Darkvision 60 Ft.,"Common, Goblin",,,,,,,,,Nimble Escape: The goblin can take the Disengage or Hide action as a bonus action on each of its turns.,Scimitar:  | Shortbow: ,,,,,,Free Basic Rules (2014),https://files.d20.io/images/390064346/r02-1vRP1XQSg3iWbV3fjQ/original.png
Gold Dragon Wyrmling,Medium,dragon,Lawful Good,17 (Natural Armor),60 (8d8+24),"30 ft., fly 60 ft., swim 30 ft.",3,700,19,+4,14,+2,17,+3,14,+2,11,+0,16,+3,"Dex +4, Con +5, Wis +2, Cha +5","Perception +4, Stealth +4",14,"Blindsight 10 Ft., Darkvision 60 Ft.",Draconic,,,,Fire,,,,,Amphibious: The dragon can breathe air and water.,"Bite:  | Breath Weapons (Recharge 5-6): The dragon uses one of the following breath weapons. Fire Breath. The dragon exhales fire in a 15-foot cone. Each creature in that area must make a DC 13 Dexterity saving throw, taking 22 (4d10) fire damage on a failed save, or half as much damage on a successful one. Weakening Breath. The dragon exhales gas in a 15-foot cone. Each creature in that area must succeed on a DC 13 Strength saving throw or have disadvantage on Strength-based attack rolls, Strength checks, and Strength saving throws for 1 minute. A creature can repeat the saving throw at the end of each of its turns, ending the effect on itself on a success.",,,,,,Free Basic Rules (2014),https://files.d20.io/images/390064360/ZfvgLpIWoMg9gFhK5_aPqg/original.png
Gorgon,Large,monstrosity,Unaligned,19 (Natural Armor),114 (12d10+48),40 ft.,5,"1,800",20,+5,11,+0,18,+4,2,-4,12,+1,7,-2,,Perception +4,14,Darkvision 60 Ft.,,,,,,petrified,,,,"Trampling Charge: If the gorgon moves at least 20 feet straight toward a creature and then hits it with a gore attack on the same turn, that target must succeed on a DC 16 Strength saving throw or be knocked prone. If the target is prone, the gorgon can make one attack with its hooves against it as a bonus action.","Gore:  | Hooves:  | Petrifying Breath (Recharge 5-6): The gorgon exhales petrifying gas in a 30-foot cone. Each creature in that area must succeed on a DC 13 Constitution saving throw. On a failed save, a target begins to turn to stone and is restrained. The restrained target must repeat the saving throw at the end of its next turn. On a success, the effect ends on the target. On a failure, the target is petrified until freed by the greater restoration spell or other magic.",,,,,,Free Basic Rules (2014),https://files.d20.io/images/390064376/fZTHGX18j2eR_qb10DiBXw/original.png
Gray Ooze,Medium,ooze,Unaligned,8,22 (3d8+9),"10 ft., climb 10 ft.",1/2,100,12,+1,6,-2,16,+3,1,-5,6,-2,2,-4,,Stealth +2,8,Blindsight 60 Ft. (Blind Beyond This Radius),,,,"Acid, Cold, Fire",,"Blinded, Charmed, Deafened, Exhaustion, Frightened, Prone",,,,"Amorphous: The ooze can move through a space as narrow as 1 inch wide without squeezing. | Corrode Metal: Any nonmagical weapon made of metal that hits the ooze corrodes. After dealing damage, the weapon takes a permanent and cumulative -1 penalty to damage rolls. If its penalty drops to -5, the weapon is destroyed. Nonmagical ammunition made of metal that hits the ooze is destroyed after dealing damage. The ooze can eat through 2-inch-thick, nonmagical metal in 1 round. | False Appearance: While the ooze remains motionless, it is indistinguishable from an oily pool or wet rock.","Pseudopod: If the target is wearing nonmagical metal armor, its armor is partly corroded and takes a permanent and cumulative -1 penalty to the ac it offers The armor is destroyed if the penalty reduces its AC to 10",,,,,,Free Basic Rules (2014),https://files.d20.io/images/390064428/ZL45q8iQkhWGp8IJ6kp4qg/original.png
Green Dragon Wyrmling,Medium,dragon,Lawful Evil,17 (Natural Armor),38 (7d8+7),"30 ft., fly 60 ft., swim 30 ft.",2,450,15,+2,12,+1,13,+1,14,+2,11,+0,13,+1,"Dex +3, Con +3, Wis +2, Cha +3","Perception +4, Stealth +3",14,"Blindsight 10 Ft., Darkvision 60 Ft.",Draconic,,,,Poison,Poisoned,,,,Amphibious: The dragon can breathe air and water.,"Bite:  | Poison Breath (Recharge 5-6): The dragon exhales poisonous gas in a 15-foot cone. Each creature in that area must make a DC 11 Constitution saving throw, taking 21 (6d6) poison damage on a failed save, or half as much damage on a successful one.",,,,,,Free Basic Rules (2014),https://files.d20.io/images/390064615/2-cZ8nLHd_qBgQEBUlkOaA/original.png
Green Hag,Medium,fey,Neutral Evil,17 (Natural Armor),82 (11d8+33),30 ft.,3,700,18,+4,12,+1,16,+3,13,+1,14,+2,14,+2,,"Arcana +3, Deception +4, Perception +4, Stealth +3",14,Darkvision 60 Ft.,"Common, Draconic, Sylvan",,,,,,,,,"Amphibious: The hag can breathe air and water. | Innate Spellcasting: The hag's innate spellcasting ability is Charisma (spell save DC 12). She can innately cast the following spells, requiring no material components:   At will: dancing lights, minor illusion, vicious mockery | Mimicry: The hag can mimic animal sounds and humanoid voices. A creature that hears the sounds can tell they are imitations with a successful DC 14 Wisdom (Insight) check.","Claws:  | Illusory Appearance: The hag covers herself and anything she is wearing or carrying with a magical illusion that makes her look like another creature of her general size and humanoid shape. The illusion ends if the hag takes a bonus action to end it or if she dies. The changes wrought by this effect fail to hold up to physical inspection. For example, the hag could appear to have smooth skin, but someone touching her would feel her rough flesh. Otherwise, a creature must take an action to visually inspect the illusion and succeed on a DC 20 Intelligence (Investigation) check to discern that the hag is disguised. | Invisible Passage: The hag magically turns invisible until she attacks or casts a spell, or until her concentration ends (as if concentrating on a spell). While invisible, she leaves no physical evidence of her passage, so she can be tracked only by magic. Any equipment she wears or carries is invisible with her.",,,,,,Free Basic Rules (2014),https://files.d20.io/images/390064633/-0P2LOVCU2EGSGom7rutAw/original.png
Grick,Medium,monstrosity,Neutral,14 (Natural Armor),27 (6d8),"30 ft., climb 30 ft.",2,450,14,+2,14,+2,11,+0,3,-4,14,+2,5,-3,,,12,Darkvision 60 Ft.,,,,"Bludgeoning, Piercing, and Slashing From Nonmagical Attacks",,,,,,Stone Camouflage: The grick has advantage on Dexterity (Stealth) checks made to hide in rocky terrain.,"Multiattack: The grick makes one attack with its tentacles. If that attack hits, the grick can make one beak attack against the same target. | Tentacles:  | Beak: ",,,,,,Free Basic Rules (2014),https://files.d20.io/images/390064650/5__7yiIEYMvDNnmUB5s2Aw/original.png
Griffon,Large,monstrosity,Unaligned,12,59 (7d10+21),"30 ft., fly 80 ft.",2,450,18,+4,15,+2,16,+3,2,-4,13,+1,8,-1,,Perception +5,15,Darkvision 60 Ft.,,,,,,,,,,Keen Sight: The griffon has advantage on Wisdom (Perception) checks that rely on sight.,Multiattack: The griffon makes two attacks: one with its beak and one with its claws. | Beak:  | Claws: ,,,,,,Free Basic Rules (2014),https://files.d20.io/images/390064663/M-FJ-OxCXOpKasDkgl0_vg/original.png
Grimlock,Medium,humanoid (grimlock),Neutral Evil,11,11 (2d8+2),30 ft.,1/4,50,16,+3,12,+1,12,+1,9,-1,8,-1,6,-2,,"Athletics +5, Perception +3, Stealth +3",13,Blindsight 30 Ft. Or 10 Ft. While Deafened (Blind Beyond This Radius),Undercommon,,,,Blinded,,,,,Blind Senses: The grimlock can't use its blindsight while deafened and unable to smell. | Keen Hearing and Smell: The grimlock has advantage on Wisdom (Perception) checks that rely on hearing or smell. | Stone Camouflage: The grimlock has advantage on Dexterity (Stealth) checks made to hide in rocky terrain.,Spiked Bone Club: ,,,,,,Free Basic Rules (2014),https://files.d20.io/images/390064671/wKLxXlqxh7HiCZS0iwOvJA/original.png
Guard,Medium,humanoid (any race),Any Alignment,"16 (Chain Shirt, Shield)",11 (2d8+2),30 ft.,1/8,25,13,+1,12,+1,12,+1,10,+0,11,+0,10,+0,,Perception +2,12,,Any One Language (Usually Common),,,,,,,,,,Spear (One-Handed):  | Spear (Two-Handed):  | Spear (Ranged): ,,,,,,Free Basic Rules (2014),https://files.d20.io/images/390064685/6mgHMCwIyrWaA6POauhoBA/original.png
Guardian Naga,Large,monstrosity,Lawful Good,18 (Natural Armor),127 (15d10+45),40 ft.,10,"5,900",19,+4,18,+4,16,+3,16,+3,19,+4,18,+4,"Dex +8, Con +7, Int +7, Wis +8, Cha +8",,14,Darkvision 60 Ft.,"Celestial, Common",,,,Poison,"Charmed, Poisoned",,,,"Rejuvenation: If it dies, the naga returns to life in 1d6 days and regains all its hit points. Only a wish spell can prevent this trait from functioning. | Spellcasting: The naga is an 11th-level spellcaster. Its spellcasting ability is Wisdom (spell save DC 16, +8 to hit with spell attacks), and it needs only verbal components to cast its spells. It has the following cleric spells prepared:   • Cantrips (at will): mending, sacred flame, thaumaturgy • 1st level (4 slots): command, cure wounds, shield of faith • 2nd level (3 slots): calm emotions, hold person • 3rd level (3 slots): bestow curse, clairvoyance • 4th level (3 slots): banishment, freedom of movement • 5th level (2 slots): flame strike, geas • 6th level (1 slot): true seeing","Bite: The target must make a DC 15 Constitution saving throw, taking the poison damage on a failed save, or half as much damage on a successful one. | Spit Poison: The target must make a DC 15 Constitution saving throw, taking the poison damage on a failed save, or half as much damage on a successful one.",,,,,,Free Basic Rules (2014),https://files.d20.io/images/391961341/wdKo5a35_bDPRAuHyVgO2g/original.png
Gynosphinx,Large,monstrosity,Lawful Neutral,17 (Natural Armor),136 (16d10+48),"40 ft., fly 60 ft.",11,"7,200",18,+4,15,+2,16,+3,18,+4,18,+4,18,+4,,"Arcana +12, History +12, Perception +8, Religion +8",18,Truesight 120 Ft.,"Common, Sphinx",,,"Bludgeoning, Piercing, and Slashing From Nonmagical Attacks",Psychic,"Charmed, Frightened",,,,"Inscrutable: The sphinx is immune to any effect that would sense its emotions or read its thoughts, as well as any divination spell that it refuses. Wisdom (Insight) checks made to ascertain the sphinx's intentions or sincerity have disadvantage. | Magic Weapons: The sphinx's weapon attacks are magical. | Spellcasting: The sphinx is a 9th-level spellcaster. Its spellcasting ability is Intelligence (spell save DC 16, +8 to hit with spell attacks). It requires no material components to cast its spells. The sphinx has the following wizard spells prepared:   • Cantrips (at will): mage hand, minor illusion, prestidigitation • 1st level (4 slots): detect magic, identify, shield • 2nd level (3 slots): darkness, locate object, suggestion • 3rd level (3 slots): dispel magic, remove curse, tongues • 4th level (3 slots): banishment, greater invisibility • 5th level (1 slot): legend lore",Multiattack: The sphinx makes two claw attacks. | Claw: ,,,"Claw Attack: The sphinx makes one claw attack. | Teleport (Costs 2 Actions): The sphinx magically teleports, along with any equipment it is wearing or carrying, up to 120 feet to an unoccupied space it can see. | Cast a Spell (Costs 3 Actions): The sphinx casts a spell from its list of prepared spells, using a spell slot as normal.",3,,Free Basic Rules (2014),https://files.d20.io/images/391835817/UIOGltZJIMfEHhNb8J11oQ/original.png
Half-Red Dragon Veteran,Medium,humanoid (human),Any,18 (plate),65 (10d8+20),30 ft.,5,"1,800",16,+3,13,+1,14,+2,10,+0,11,+0,10,+0,,"Athletics +5, Perception +2",12,"Blindsight 10 ft., Darkvision 60 ft.","Common, Draconic",,,Fire,,,,,,,"Multiattack: The veteran makes two longsword attacks. If it has a shortsword drawn, it can also make a shortsword attack. | Longsword: two handed | Longsword: one handed | Shortsword:  | Heavy Crossbow:  | Fire Breath (Recharge 5–6): The veteran exhales fire in a 15-foot cone. Each creature in that area must make a DC 15 Dexterity saving throw, taking 24 (7d6) fire damage on a failed save, or half as much damage on a successful one.",,,,,,Free Basic Rules (2014),https://files.d20.io/images/391961341/wdKo5a35_bDPRAuHyVgO2g/original.png
Harpy,Medium,monstrosity,Chaotic Evil,11,38 (7d8+7),"20 ft., fly 40 ft.",1,200,12,+1,13,+1,12,+1,7,-2,10,+0,13,+1,,,10,,Common,,,,,,,,,,"Multiattack: The harpy makes two attacks: one with its claws and one with its club. | Claws:  | Club:  | Luring Song: The harpy sings a magical melody. Every humanoid and giant within 300 ft. of the harpy that can hear the song must succeed on a DC 11 Wisdom saving throw or be charmed until the song ends. The harpy must take a bonus action on its subsequent turns to continue singing. It can stop singing at any time. The song ends if the harpy is incapacitated.  While charmed by the harpy, a target is incapacitated and ignores the songs of other harpies. If the charmed target is more than 5 ft. away from the harpy, the must move on its turn toward the harpy by the most direct route. It doesn't avoid opportunity attacks, but before moving into damaging terrain, such as lava or a pit, and whenever it takes damage from a source other than the harpy, a target can repeat the saving throw. A creature can also repeat the saving throw at the end of each of its turns. If a creature's saving throw is successful, the effect ends on it.  A target that successfully saves is immune to this harpy's song for the next 24 hours.",,,,,,Free Basic Rules (2014),https://files.d20.io/images/390064697/VzVhSg6HGs9cL4DbbvrvUA/original.png
Hawk,Tiny,beast,Unaligned,13,1 (1d4-1),"10 ft., fly 60 ft.",0,10,5,-3,16,+3,8,-1,2,-4,14,+2,6,-2,,Perception +4,14,,,,,,,,,,,Keen Sight: The hawk has advantage on Wisdom (Perception) checks that rely on sight.,Talons: ,,,,,,Free Basic Rules (2014),https://files.d20.io/images/390064705/r48SIRgrpImsdMMMzp0ARQ/original.png
Hell Hound,Medium,fiend,Lawful Evil,15 (Natural Armor),45 (7d8+14),50 ft.,3,700,17,+3,12,+1,14,+2,6,-2,13,+1,6,-2,,Perception +5,15,Darkvision 60 Ft.,Understands Infernal But Can't Speak It,,,,Fire,,,,,Keen Hearing and Smell: The hound has advantage on Wisdom (Perception) checks that rely on hearing or smell. | Pack Tactics: The hound has advantage on an attack roll against a creature if at least one of the hound's allies is within 5 ft. of the creature and the ally isn't incapacitated.,"Bite:  | Fire Breath (Recharge 5-6): The hound exhales fire in a 15-foot cone. Each creature in that area must make a DC 12 Dexterity saving throw, taking 21 (6d6) fire damage on a failed save, or half as much damage on a successful one.",,,,,,Free Basic Rules (2014),https://files.d20.io/images/390064711/KkawDmu90qrzDOcqb76imQ/original.png
Hezrou,Large,fiend (demon),Chaotic Evil,16 (Natural Armor),136 (13d10+65),30 ft.,8,"3,900",19,+4,17,+3,20,+5,5,-3,12,+1,13,+1,"Str +7, Con +8, Wis +4",,11,Darkvision 120 Ft.,"Abyssal, Telepathy 120 Ft.",,,"Cold, Fire, Lightning; Bludgeoning, Piercing, and Slashing From Nonmagical Attacks",Poison,Poisoned,,,,"Magic Resistance: The hezrou has advantage on saving throws against spells and other magical effects. | Stench: Any creature that starts its turn within 10 feet of the hezrou must succeed on a DC 14 Constitution saving throw or be poisoned until the start of its next turn. On a successful saving throw, the creature is immune to the hezrou's stench for 24 hours.",Multiattack: The hezrou makes three attacks: one with its bite and two with its claws. | Bite:  | Claws: ,,,,,,Free Basic Rules (2014),https://files.d20.io/images/391961341/wdKo5a35_bDPRAuHyVgO2g/original.png
Hill Giant,Huge,giant,Chaotic Evil,13 (Natural Armor),105 (10d12+40),40 ft.,5,"1,800",21,+5,8,-1,19,+4,5,-3,9,-1,6,-2,,Perception +2,12,,Giant,,,,,,,,,,Multiattack: The giant makes two greatclub attacks. | Greatclub:  | Rock: ,,,,,,Free Basic Rules (2014),https://files.d20.io/images/390063721/l3WiAwqPG-l0WNxbZkC6Rg/original.png
Hippogriff,Large,monstrosity,Unaligned,11,19 (3d10+3),"40 ft, fly 60 ft.",1,200,17,+3,13,+1,13,+1,2,-4,12,+1,8,-1,,Perception +5,15,,,,,,,,,,,Keen Sight: The hippogriff has advantage on Wisdom (Perception) checks that rely on sight.,Multiattack: The hippogriff makes two attacks: one with its beak and one with its claws. | Beak:  | Claws: ,,,,,,Free Basic Rules (2014),https://files.d20.io/images/390064720/RKkrGiBQ4pzEuylu02bKDA/original.png
Hobgoblin,Medium,humanoid (goblinoid),Lawful Evil,"18 (Chain Mail, Shield)",11 (2d8+2),30 ft.,1/2,100,13,+1,12,+1,12,+1,10,+0,10,+0,9,-1,,,10,Darkvision 60 Ft.,"Common, Goblin",,,,,,,,,"Martial Advantage: Once per turn, the hobgoblin can deal an extra 7 (2d6) damage to a creature it hits with a weapon attack if that creature is within 5 ft. of an ally of the hobgoblin that isn't incapacitated.",Longsword: two handed | Longsword: one handed | Longbow: ,,,,,,Free Basic Rules (2014),https://files.d20.io/images/390064971/afqV5h856QT6gwPRznKZDg/original.png
Homunculus,Tiny,construct,Neutral,13 (Natural Armor),5 (2d4),"20 ft., fly 40 ft.",0,10,4,-3,15,+2,11,+0,10,+0,10,+0,7,-2,,,10,Darkvision 60 Ft.,Understands The Languages Of Its Creator But Can't Speak,,,,Poison,"Charmed, Poisoned",,,,"Telepathic Bond: While the homunculus is on the same plane of existence as its master, it can magically convey what it senses to its master, and the two can communicate telepathically.","Bite: The target must succeed on a dc 10 constitution saving throw or be poisoned for 1 minute If the saving throw fails by 5 or more, the target is instead poisoned for 5 (1d10) minutes and unconscious while poisoned in this way",,,,,,Free Basic Rules (2014),https://files.d20.io/images/390064989/bWYFc-70G3leoCYRAwKAQQ/original.png
Horned Devil,Large,fiend (devil),Lawful Evil,18 (Natural Armor),178 (17d10+85),"20 ft., fly 60 ft.",11,"7,200",22,+6,17,+3,21,+5,12,+1,16,+3,17,+3,"Str +10, Dex +7, Wis +7, Cha +7",,13,Darkvision 120 Ft.,"Infernal, Telepathy 120 Ft.",,,"Cold; Bludgeoning, Piercing, And Slashing From Nonmagical Attacks That Aren't Silvered","Fire, Poison",Poisoned,,,,Devil's Sight: Magical darkness doesn't impede the devil's darkvision. | Magic Resistance: The devil has advantage on saving throws against spells and other magical effects.,"Multiattack: The devil makes three melee attacks: two with its fork and one with its tail. It can use Hurl Flame in place of any melee attack. | Fork:  | Tail: If the target is a creature other than an undead or a construct, it must succeed on a DC 17 Constitution saving throw or lose 10 (3d6) hit points at the start of each of its turns due to an infernal wound. Each time the devil hits the wounded target with this attack, the damage dealt by the wound increases by 10 (3d6). Any creature can take an action to stanch the wound with a successful DC 12 Wisdom (Medicine) check. The wound also closes if the target receives magical healing | Hurl Flame: If the target is a flammable object that isn't being worn or carried, it also catches fire",,,,,,Free Basic Rules (2014),https://files.d20.io/images/391961341/wdKo5a35_bDPRAuHyVgO2g/original.png
Hunter Shark,Large,beast,Unaligned,12 (Natural Armor),45 (6d10+12),Swim 40 ft.,2,450,18,+4,13,+1,15,+2,1,-5,10,+0,4,-3,,Perception +2,12,Blindsight 30 Ft.,,,,,,,,,,Blood Frenzy: The shark has advantage on melee attack rolls against any creature that doesn't have all its hit points. | Water Breathing: The shark can breathe only underwater.,Bite: ,,,,,,Free Basic Rules (2014),https://files.d20.io/images/390065002/umSIG0q1vlEl1OxwPj9neg/original.png
Hydra,Huge,monstrosity,Unaligned,15 (Natural Armor),172 (15d12+75),"30 ft., swim 30 ft.",8,"3,900",20,+5,12,+1,20,+5,2,-4,10,+0,7,-2,,Perception +6,16,Darkvision 60 Ft.,,,,,,,,,,"Hold Breath: The hydra can hold its breath for 1 hour. | Multiple Heads: The hydra has five heads. While it has more than one head, the hydra has advantage on saving throws against being blinded, charmed, deafened, frightened, stunned, and knocked unconscious. Whenever the hydra takes 25 or more damage in a single turn, one of its heads dies. If all its heads die, the hydra dies. At the end of its turn, it grows two heads for each of its heads that died since its last turn, unless it has taken fire damage since its last turn. The hydra regains 10 hit points for each head regrown in this way. | Reactive Heads: For each head the hydra has beyond one, it gets an extra reaction that can be used only for opportunity attacks. | Wakeful: While the hydra sleeps, at least one of its heads is awake.",Multiattack: The hydra makes as many bite attacks as it has heads. | Bite: ,,,,,,Free Basic Rules (2014),https://files.d20.io/images/390065027/MSTizSPC1hfC_N4AWqlJxQ/original.png
Hyena,Medium,beast,Unaligned,11,5 (1d8+1),50 ft.,0,10,11,+0,13,+1,12,+1,2,-4,12,+1,5,-3,,Perception +3,13,,,,,,,,,,,Pack Tactics: The hyena has advantage on an attack roll against a creature if at least one of the hyena's allies is within 5 ft. of the creature and the ally isn't incapacitated.,Bite: ,,,,,,Free Basic Rules (2014),https://files.d20.io/images/390065059/9c5OD-5GsNj9o31SUosAJg/original.png
Ice Devil,Large,fiend (devil),Lawful Evil,18 (Natural Armor),180 (19d10+76),40 ft.,14,"11,500",21,+5,14,+2,18,+4,18,+4,15,+2,18,+4,"Dex +7, Con +9, Wis +7, Cha +9",,12,"Blindsight 60 Ft., Darkvision 120 Ft.","Infernal, Telepathy 120 Ft.",,,"Bludgeoning, Piercing, And Slashing From Nonmagical Attacks That Aren't Silvered","Cold, Fire, Poison",Poisoned,,,,Devil's Sight: Magical darkness doesn't impede the devil's darkvision. | Magic Resistance: The devil has advantage on saving throws against spells and other magical effects.,"Multiattack: The devil makes three attacks: one with its bite, one with its claws, and one with its tail. | Bite:  | Claws:  | Tail:  | Wall of Ice (Recharge 6): The devil magically forms an opaque wall of ice on a solid surface it can see within 60 feet of it. The wall is 1 foot thick and up to 30 feet long and 10 feet high, or it's a hemispherical dome up to 20 feet in diameter. When the wall appears, each creature in its space is pushed out of it by the shortest route. The creature chooses which side of the wall to end up on, unless the creature is incapacitated. The creature then makes a DC 17 Dexterity saving throw, taking 35 (10d6) cold damage on a failed save, or half as much damage on a successful one. The wall lasts for 1 minute or until the devil is incapacitated or dies. The wall can be damaged and breached; each 10-foot section has AC 5, 30 hit points, vulnerability to fire damage, and immunity to acid, cold, necrotic, poison, and psychic damage. If a section is destroyed, it leaves behind a sheet of frigid air in the space the wall occupied. Whenever a creature finishes moving through the frigid air on a turn, willingly or otherwise, the creature must make a DC 17 Constitution saving throw, taking 17 (5d6) cold damage on a failed save, or half as much damage on a successful one. The frigid air dissipates when the rest of the wall vanishes.",,,,,,Free Basic Rules (2014),https://files.d20.io/images/391961341/wdKo5a35_bDPRAuHyVgO2g/original.png
Ice Mephit,Small,elemental,Neutral Evil,11,21 (6d6),"30 ft., fly 30 ft.",1/2,100,7,-2,13,+1,10,+0,9,-1,11,+0,12,+1,,"Perception +2, Stealth +3",12,Darkvision 60 Ft.,"Aquan, Auran","Bludgeoning, Fire",,,"Cold, Poison",Poisoned,,,,"Death Burst: When the mephit dies, it explodes in a burst of jagged ice. Each creature within 5 ft. of it must make a DC 10 Dexterity saving throw, taking 4 (1d8) slashing damage on a failed save, or half as much damage on a successful one. | False Appearance: While the mephit remains motionless, it is indistinguishable from an ordinary shard of ice. | Innate Spellcasting (1/Day): The mephit can innately cast fog cloud, requiring no material components. Its innate spellcasting ability is Charisma.","Claws:  | Frost Breath (Recharge 6): The mephit exhales a 15-foot cone of cold air. Each creature in that area must succeed on a DC 10 Dexterity saving throw, taking 5 (2d4) cold damage on a failed save, or half as much damage on a successful one.",,,,,,Free Basic Rules (2014),https://files.d20.io/images/390065078/7oE-XbjGFH3nvbsXWxtYJQ/original.png
Imp,Tiny,"fiend (devil, shapechanger)",Lawful Evil,13,10 (3d4+3),"20 ft., fly 40 ft.",1,200,6,-2,17,+3,13,+1,11,+0,12,+1,14,+2,,"Deception +4, Insight +3, Persuasion +4, Stealth +5",11,Darkvision 120 Ft.,"Infernal, Common",,,"Cold; Bludgeoning, Piercing, and Slashing From Nonmagical Attacks That Aren't Silvered","Fire, Poison",Poisoned,,,,"Shapechanger: The imp can use its action to polymorph into a beast form that resembles a rat (speed 20 ft.), a raven (20 ft., fly 60 ft.), or a spider (20 ft., climb 20 ft.), or back into its true form. Its statistics are the same in each form, except for the speed changes noted. Any equipment it is wearing or carrying isn't transformed. It reverts to its true form if it dies. | Devil's Sight: Magical darkness doesn't impede the imp's darkvision. | Magic Resistance: The imp has advantage on saving throws against spells and other magical effects.","Sting (Bite in Beast Form): The target must make a DC 11 Constitution saving throw, taking the poison damage on a failed save, or half as much damage on a successful one. | Invisibility: The imp magically turns invisible until it attacks, or until its concentration ends (as if concentrating on a spell). Any equipment the imp wears or carries is invisible with it.",,,,,,Free Basic Rules (2014),https://files.d20.io/images/390067664/LEMy3y-6APXGexx01XrKow/original.png
Incubus,Medium,Fiend (Shapechanger),Neutral Evil,15 (Natural Armor),66 (12d8 + 12),"30 ft., fly 60 ft.",4,"1,100",8,-1,17,+3,13,+1,15,+2,12,+1,20,+5,,"Deception +9, Insight +5, Perception +5, Persuasion +9, Stealth +7",15,Darkvision 60 ft.,"Abyssal, Common, Infernal, Telepathy 60 ft.",,,"Cold, Fire, Lightning, Poison; Bludgeoning, Piercing, and Slashing from Nonmagical Attacks",,,,,,"Telepathic Bond: The fiend ignores the range restriction on its telepathy when communicating with a creature it has charmed. The two don’t even need to be on the same plane of existence. | Shapechanger: The fiend can use its action to polymorph into a Small or Medium humanoid, or back into its true form. Without wings, the fiend loses its flying speed. Other than its size and speed, its statistics are the same in each form. Any equipment it is wearing or carrying isn’t transformed. It reverts to its true form if it dies.","Claw (Fiend Form Only):  | Charm: One humanoid the fiend can see within 30 feet of it must succeed on a DC 15 Wisdom saving throw or be magically charmed for 1 day. The charmed target obeys the fiend’s verbal or telepathic commands. If the target suffers any harm or receives a suicidal command, it can repeat the saving throw, ending the effect on a success. If the target successfully saves against the effect, or if the effect on it ends, the target is immune to this fiend’s Charm for the next 24 hours.  
	The fiend can have only one target charmed at a time. If it charms another, the effect on the previous target ends. | Draining Kiss: The fiend kisses a creature charmed by it or a willing creature. The target must make a DC 15 Constitution saving throw against this magic, taking 32 (5d10 + 5) psychic damage on a failed save, or half as much damage on a successful one. The target’s hit point maximum is reduced by an amount equal to the damage taken. This reduction lasts until the target finishes a long rest. The target dies if this effect reduces its hit point maximum to 0. | Etherealness: The fiend magically enters the Ethereal Plane from the Material Plane, or vice versa.",,,,,,Free Basic Rules (2014),https://files.d20.io/images/390065100/RHoMB8HWrrWD4mEVKx6SzQ/original.png
Invisible Stalker,Medium,elemental,Neutral,14,104 (16d8+32),"50 ft., fly 50 ft. (hover)",6,"2,300",16,+3,19,+4,14,+2,10,+0,15,+2,11,+0,,"Perception +8, Stealth +10",18,Darkvision 60 Ft.,"Auran, Understands Common But Doesn't Speak It",,,"Bludgeoning, Piercing, and Slashing From Nonmagical Attacks",Poison,"Exhaustion, Grappled, Paralyzed, Petrified, Poisoned, Prone, Restrained, Unconscious",,,,Invisibility: The stalker is invisible. | Faultless Tracker: The stalker is given a quarry by its summoner. The stalker knows the direction and distance to its quarry as long as the two of them are on the same plane of existence. The stalker also knows the location of its summoner.,Multiattack: The stalker makes two slam attacks. | Slam: ,,,,,,Free Basic Rules (2014),https://files.d20.io/images/390065114/RhYFjpJUpcuLu8K7bHU44w/original.png
Iron Golem,Large,construct,Unaligned,20 (Natural Armor),210 (20d10+100),30 ft.,16,"15,000",24,+7,9,-1,20,+5,3,-4,11,+0,1,-5,,,10,Darkvision 120 Ft.,Understands The Languages Of Its Creator But Can't Speak,,,,"Fire, Poison, Psychic; Bludgeoning, Piercing, and Slashing From Nonmagical Attacks That Aren't Adamantine","Charmed, Exhaustion, Frightened, Paralyzed, Petrified, Poisoned",,,,"Fire Absorption: Whenever the golem is subjected to fire damage, it takes no damage and instead regains a number of hit points equal to the fire damage dealt. | Immutable Form: The golem is immune to any spell or effect that would alter its form. | Magic Resistance: The golem has advantage on saving throws against spells and other magical effects. | Magic Weapons: The golem's weapon attacks are magical.","Multiattack: The golem makes two melee attacks. | Slam:  | Sword:  | Poison Breath (Recharge 6): The golem exhales poisonous gas in a 15-foot cone. Each creature in that area must make a DC 19 Constitution saving throw, taking 45 (10d8) poison damage on a failed save, or half as much damage on a successful one.",,,,,,Free Basic Rules (2014),https://files.d20.io/images/390065132/cP4ztgWnnbPiuuJjPnlwyA/original.png
Jackal,Small,beast,Unaligned,12,3 (1d6),40 ft.,0,10,8,-1,15,+2,11,+0,3,-4,12,+1,6,-2,,Perception +3,13,,,,,,,,,,,Keen Hearing and Smell: The jackal has advantage on Wisdom (Perception) checks that rely on hearing or smell. | Pack Tactics: The jackal has advantage on an attack roll against a creature if at least one of the jackal's allies is within 5 ft. of the creature and the ally isn't incapacitated.,Bite: ,,,,,,Free Basic Rules (2014),https://files.d20.io/images/390065359/NS9Vj8haRc3UorUtZOU89Q/original.png
Killer Whale,Huge,beast,Unaligned,12 (Natural Armor),90 (12d12+12),Swim 60 ft.,3,700,19,+4,10,+0,13,+1,3,-4,12,+1,7,-2,,Perception +3,13,Blindsight 120 Ft.,,,,,,,,,,Echolocation: The whale can't use its blindsight while deafened. | Hold Breath: The whale can hold its breath for 30 minutes | Keen Hearing: The whale has advantage on Wisdom (Perception) checks that rely on hearing.,Bite: ,,,,,,Free Basic Rules (2014),https://files.d20.io/images/390065365/S20Yljnu8-gr6-XVv5LtGg/original.png
Knight,Medium,humanoid (any race),Any Alignment,18 (Plate),52 (8d8+16),30 ft.,3,700,16,+3,11,+0,14,+2,11,+0,11,+0,15,+2,"Con +4, Wis +2",,10,,Any One Language (Usually Common),,,,,,,,,Brave: The knight has advantage on saving throws against being frightened.,"Multiattack: The knight makes two melee attacks. | Greatsword:  | Heavy Crossbow:  | Leadership (Recharges after a Short or Long Rest): For 1 minute, the knight can utter a special command or warning whenever a nonhostile creature that it can see within 30 ft. of it makes an attack roll or a saving throw. The creature can add a d4 to its roll provided it can hear and understand the knight. A creature can benefit from only one Leadership die at a time. This effect ends if the knight is incapacitated.","Parry: The knight adds 2 to its AC against one melee attack that would hit it. To do so, the knight must see the attacker and be wielding a melee weapon.",,,,,Free Basic Rules (2014),https://files.d20.io/images/390065374/Cn79Uy5uU1znIa-d9r_dDQ/original.png
Kobold,Small,humanoid (kobold),Lawful Evil,12,5 (2d6-2),30 ft.,1/8,25,7,-2,15,+2,9,-1,8,-1,7,-2,8,-1,,,8,Darkvision 60 Ft.,"Common, Draconic",,,,,,,,,"Sunlight Sensitivity: While in sunlight, the kobold has disadvantage on attack rolls, as well as on Wisdom (Perception) checks that rely on sight. | Pack Tactics: The kobold has advantage on an attack roll against a creature if at least one of the kobold's allies is within 5 ft. of the creature and the ally isn't incapacitated.",Dagger:  | Sling: ,,,,,,Free Basic Rules (2014),https://files.d20.io/images/390065390/c9xfEhjuslpK4cAFAw7A7A/original.png
Kraken,Gargantuan,monstrosity (titan),Chaotic Evil,18 (Natural Armor),472 (27d20+189),"20 ft., swim 60 ft.",23,"50,000",30,+10,11,+0,25,+7,22,+6,18,+4,20,+5,"Str +17, Dex +7, Con +14, Int +13, Wis +11",,14,Truesight 120 Ft.,"Understands Abyssal, Celestial, Infernal, And Primordial But Can't Speak, Telepathy 120 Ft.",,,,"Lightning; Bludgeoning, Piercing, and Slashing From Nonmagical Attacks","Frightened, Paralyzed",,,,"Amphibious: The kraken can breathe air and water. | Freedom of Movement: The kraken ignores difficult terrain, and magical effects can't reduce its speed or cause it to be restrained. It can spend 5 feet of movement to escape from nonmagical restraints or being grappled. | Siege Monster: The kraken deals double damage to objects and structures.","Multiattack: The kraken makes three tentacle attacks, each of which it can replace with one use of Fling. | Bite: If the target is a Large or smaller creature grappled by the kraken, that creature is swallowed, and the grapple ends. While swallowed, the creature is blinded and restrained, it has total cover against attacks and other effects outside the kraken, and it takes 42 (12d6) acid damage at the start of each of the kraken's turns. If the kraken takes 50 damage or more on a single turn from a creature inside it, the kraken must succeed on a DC 25 Constitution saving throw at the end of that turn or regurgitate all swallowed creatures, which fall prone in a space within 10 feet of the kraken. If the kraken dies, a swallowed creature is no longer restrained by it and can escape from the corpse using 15 feet of movement, exiting prone | Tentacle: The target is grappled (escape dc 18) Until this grapple ends, the target is restrained. The kraken has ten tentacles, each of which can grapple one target | Fling: One Large or smaller object held or creature grappled by the kraken is thrown up to 60 feet in a random direction and knocked prone. If a thrown target strikes a solid surface, the target takes 3 (1d6) bludgeoning damage for every 10 feet it was thrown. If the target is thrown at another creature, that creature must succeed on a DC 18 Dexterity saving throw or take the same damage and be knocked prone. | Lightning Storm: The kraken magically creates three bolts of lightning, each of which can strike a target the kraken can see within 120 feet of it. A target must make a DC 23 Dexterity saving throw, taking 22 (4d10) lightning damage on a failed save, or half as much damage on a successful one.",,,"Tentacle Attack or Fling: The kraken makes one tentacle attack or uses its Fling. | Lightning Storm (Costs 2 Actions): The kraken uses Lightning Storm. | Ink Cloud (Costs 3 Actions): While underwater, the kraken expels an ink cloud in a 60-foot radius. The cloud spreads around corners, and that area is heavily obscured to creatures other than the kraken. Each creature other than the kraken that ends its turn there must succeed on a DC 23 Constitution saving throw, taking 16 (3d10) poison damage on a failed save, or half as much damage on a successful one. A strong current disperses the cloud, which otherwise disappears at the end of the kraken's next turn.",3,,Free Basic Rules (2014),https://files.d20.io/images/390065401/Afk3JICNy_u60IBk4mzTiQ/original.png
Lamia,Large,monstrosity,Chaotic Evil,13 (Natural Armor),97 (13d10+26),30 ft.,4,"1,100",16,+3,13,+1,15,+2,14,+2,15,+2,16,+3,,"Deception +7, Insight +4, Stealth +3",12,Darkvision 60 Ft.,"Abyssal, Common",,,,,,,,,"Innate Spellcasting: The lamia's innate spellcasting ability is Charisma (spell save DC 13). It can innately cast the following spells, requiring no material components. At will: disguise self (any humanoid form), major image 3/day each: charm person, mirror image, scrying, suggestion 1/day: geas","Multiattack: The lamia makes two attacks: one with its claws and one with its dagger or Intoxicating Touch. | Claws:  | Dagger:  | Intoxicating Touch: The target is magically cursed for 1 hour Until the curse ends, the target has disadvantage on Wisdom saving throws and all ability checks",,,,,,Free Basic Rules (2014),https://files.d20.io/images/390065411/32ZMznq1nTPXjGjvbLOojQ/original.png
Lemure,Medium,fiend (devil),Lawful Evil,7,13 (3d8),15 ft.,0,10,10,+0,5,-3,11,+0,1,-5,11,+0,3,-4,,,10,Darkvision 120 Ft.,Understands Infernal But Can't Speak,,,Cold,"Fire, Poison","Charmed, Frightened, Poisoned",,,,Devil's Sight: Magical darkness doesn't impede the lemure's darkvision. | Hellish Rejuvenation: A lemure that dies in the Nine Hells comes back to life with all its hit points in 1d10 days unless it is killed by a good-aligned creature with a bless spell cast on that creature or its remains are sprinkled with holy water.,Fist: ,,,,,,Free Basic Rules (2014),https://files.d20.io/images/390065434/ZNqUmgq5IqS9OsHgU5ggvg/original.png
Lich,Medium,undead,Any Evil Alignment,17 (Natural Armor),135 (18d8+54),30 ft.,21,"33,000",11,+0,16,+3,16,+3,20,+5,14,+2,16,+3,"Con +10, Int +12, Wis +9","Arcana +18, History +12, Insight +9, Perception +9",19,Truesight 120 Ft.,Common Plus Up To Five Other Languages,,,"Cold, Lightning, Necrotic","Poison; Bludgeoning, Piercing, and Slashing From Nonmagical Attacks","Charmed, Exhaustion, Frightened, Paralyzed, Poisoned",,,,"Legendary Resistance (3/Day): If the lich fails a saving throw, it can choose to succeed instead. | Rejuvenation: If it has a phylactery, a destroyed lich gains a new body in 1d10 days, regaining all its hit points and becoming active again. The new body appears within 5 feet of the phylactery. | Spellcasting: The lich is an 18th-level spellcaster. Its spellcasting ability is Intelligence (spell save DC 20, +12 to hit with spell attacks). The lich has the following wizard spells prepared:   • Cantrips (at will): mage hand, prestidigitation, ray of frost • 1st level (4 slots): detect magic, magic missile, shield, thunderwave • 2nd level (3 slots): detect thoughts, invisibility, acid arrow, mirror image • 3rd level (3 slots): animate dead, counterspell, dispel magic, fireball • 4th level (3 slots): blight, dimension door • 5th level (3 slots): cloudkill, scrying • 6th level (1 slot): disintegrate, globe of invulnerability • 7th level (1 slot): finger of death, plane shift • 8th level (1 slot): dominate monster, power word stun • 9th level (1 slot): power word kill | Turn Resistance: The lich has advantage on saving throws against any effect that turns undead.","Paralyzing Touch: The target must succeed on a DC 18 Constitution saving throw or be paralyzed for 1 minute. The target can repeat the saving throw at the end of each of its turns, ending the effect on itself on a success",,,"Cantrip: The lich casts a cantrip. | Paralyzing Touch (Costs 2 Actions): The lich uses its Paralyzing Touch. | Frightening Gaze (Costs 2 Actions): The lich fixes its gaze on one creature it can see within 10 feet of it. The target must succeed on a DC 18 Wisdom saving throw against this magic or become frightened for 1 minute. The frightened target can repeat the saving throw at the end of each of its turns, ending the effect on itself on a success. If a target's saving throw is successful or the effect ends for it, the target is immune to the lich's gaze for the next 24 hours. | Disrupt Life (Costs 3 Actions): Each non-undead creature within 20 feet of the lich must make a DC 18 Constitution saving throw against this magic, taking 21 (6d6) necrotic damage on a failed save, or half as much damage on a successful one.",3,,Free Basic Rules (2014),https://files.d20.io/images/391836295/efe2LIo1yPQD5WUM71SlRg/original.png
Lion,Large,beast,Unaligned,12,26 (4d10+4),50 ft.,1,200,17,+3,15,+2,13,+1,3,-4,12,+1,8,-1,,"Perception +3, Stealth +6",13,,,,,,,,,,,"Keen Smell: The lion has advantage on Wisdom (Perception) checks that rely on smell. | Pack Tactics: The lion has advantage on an attack roll against a creature if at least one of the lion's allies is within 5 ft. of the creature and the ally isn't incapacitated. | Pounce: If the lion moves at least 20 ft. straight toward a creature and then hits it with a claw attack on the same turn, that target must succeed on a DC 13 Strength saving throw or be knocked prone. If the target is prone, the lion can make one bite attack against it as a bonus action. | Running Leap: With a 10-foot running start, the lion can long jump up to 25 ft..",Bite:  | Claw: ,,,,,,Free Basic Rules (2014),https://files.d20.io/images/390065444/umoUKKvEmEtbNbCgVPalVQ/original.png
Lizard,Tiny,beast,Unaligned,10,2 (1d4),"20 ft., climb 20 ft.",0,10,2,-4,11,+0,10,+0,1,-5,8,-1,3,-4,,,9,Darkvision 30 Ft.,,,,,,,,,,,Bite: ,,,,,,Free Basic Rules (2014),https://files.d20.io/images/390065452/MjQ_na3-K97DpNEP8BdAQA/original.png
Lizardfolk,Medium,humanoid (lizardfolk),Neutral,"15 (Natural Armor, Shield)",22 (4d8+4),"30 ft., swim 30 ft.",1/2,100,15,+2,10,+0,13,+1,7,-2,12,+1,7,-2,,"Perception +3, Stealth +4, Survival +5",13,,Draconic,,,,,,,,,Hold Breath: The lizardfolk can hold its breath for 15 minutes.,"Multiattack: The lizardfolk makes two melee attacks, each one with a different weapon. | Bite:  | Heavy Club:  | Javelin:  | Javelin:  | Spiked Shield: ",,,,,,Free Basic Rules (2014),https://files.d20.io/images/391961341/wdKo5a35_bDPRAuHyVgO2g/original.png
Mage,Medium,humanoid (any race),Any Alignment,12 (15 With Mage Armor),40 (9d8),30 ft.,6,"2,300",9,-1,14,+2,11,+0,17,+3,12,+1,11,+0,"Int +6, Wis +4","Arcana +6, History +6",11,,Any Four Languages,,,,,,,,,"Spellcasting: The mage is a 9th-level spellcaster. Its spellcasting ability is Intelligence (spell save DC 14, +6 to hit with spell attacks). The mage has the following wizard spells prepared:   

• Cantrips (at will): fire bolt, light, mage hand, prestidigitation 
• 1st level (4 slots): detect magic, mage armor, magic missile, shield 
• 2nd level (3 slots): misty step, suggestion 
• 3rd level (3 slots): counterspell, fireball, fly 
• 4th level (3 slots): greater invisibility, ice storm 
• 5th level (1 slot): cone of cold",Dagger (Melee):  | Dagger (Ranged): ,,,,,,Free Basic Rules (2014),https://files.d20.io/images/390065469/lyXNHaGEWPK8EjUPSdwmZw/original.png
Magma Mephit,Small,elemental,Neutral Evil,11,22 (5d6+5),"30 ft., fly 30 ft.",1/2,100,8,-1,12,+1,12,+1,7,-2,10,+0,10,+0,,Stealth +3,10,Darkvision 60 Ft.,"Ignan, Terran",Cold,,,"Fire, Poison",Poisoned,,,,"Death Burst: When the mephit dies, it explodes in a burst of lava. Each creature within 5 ft. of it must make a DC 11 Dexterity saving throw, taking 7 (2d6) fire damage on a failed save, or half as much damage on a successful one. | False Appearance: While the mephit remains motionless, it is indistinguishable from an ordinary mound of magma. | Innate Spellcasting (1/Day): The mephit can innately cast heat metal (spell save DC 10), requiring no material components. Its innate spellcasting ability is Charisma.","Claws:  | Fire Breath (Recharge 6): The mephit exhales a 15-foot cone of fire. Each creature in that area must make a DC 11 Dexterity saving throw, taking 7 (2d6) fire damage on a failed save, or half as much damage on a successful one. | Variant: Summon Mephits (1/Day): The mephit has a 25 percent chance of summoning 1d4 mephits of its kind. A summoned mephit appears in an unoccupied space within 60 feet of its summoner, acts as an ally of its summoner, and can't summon other mephits. It remains for 1 minute, until it or its summoner dies, or until its summoner dismisses it as an action.",,,,,,Free Basic Rules (2014),https://files.d20.io/images/390065482/0vtEV_4G6vP3xXS6-QDzLA/original.png
Magmin,Small,elemental,Chaotic Neutral,14 (Natural Armor),9 (2d6+2),30 ft.,1/2,100,7,-2,15,+2,12,+1,8,-1,11,+0,10,+0,,,10,Darkvision 60 Ft.,Ignan,,,"Bludgeoning, Piercing, and Slashing From Nonmagical Attacks",Fire,,,,,"Death Burst: When the magmin dies, it explodes in a burst of fire and magma. Each creature within 10 ft. of it must make a DC 11 Dexterity saving throw, taking 7 (2d6) fire damage on a failed save, or half as much damage on a successful one. Flammable objects that aren't being worn or carried in that area are ignited. | Ignited Illumination: As a bonus action, the magmin can set itself ablaze or extinguish its flames. While ablaze, the magmin sheds bright light in a 10-foot radius and dim light for an additional 10 ft.","Touch: If the target is a creature or a flammable object, it ignites. Until a creature takes an action to douse the fire, the creature takes 3 (1d6) fire damage at the end of each of its turns",,,,,,Free Basic Rules (2014),https://files.d20.io/images/390065495/pXv7B_z1XqINj9q4nL7WTA/original.png
Mammoth,Huge,beast,Unaligned,13 (Natural Armor),126 (11d12+55),40 ft.,6,"2,300",24,+7,9,-1,21,+5,3,-4,11,+0,6,-2,,,10,,,,,,,,,,,"Trampling Charge: If the mammoth moves at least 20 ft. straight toward a creature and then hits it with a gore attack on the same turn, that target must succeed on a DC 18 Strength saving throw or be knocked prone. If the target is prone, the mammoth can make one stomp attack against it as a bonus action.",Gore:  | Stomp: ,,,,,,Free Basic Rules (2014),https://files.d20.io/images/390065511/fd1hk415L4s6U2of5SoI7g/original.png
Manticore,Large,monstrosity,Lawful Evil,14 (Natural Armor),68 (8d10+24),"30 ft., fly 50 ft.",3,700,17,+3,16,+3,17,+3,7,-2,12,+1,8,-1,,,11,Darkvision 60 Ft.,Common,,,,,,,,,Tail Spike Regrowth: The manticore has twenty-four tail spikes. Used spikes regrow when the manticore finishes a long rest.,Multiattack: The manticore makes three attacks: one with its bite and two with its claws or three with its tail spikes. | Bite:  | Claw:  | Tail Spike: ,,,,,,Free Basic Rules (2014),https://files.d20.io/images/390065733/dxDM6so_oPXPynt8T0kNHQ/original.png
Marilith,Large,fiend (demon),Chaotic Evil,18 (Natural Armor),189 (18d10+90),40 ft.,16,"15,000",18,+4,20,+5,20,+5,18,+4,16,+3,20,+5,"Str +9, Con +10, Wis +8, Cha +10",,13,Truesight 120 Ft.,"Abyssal, Telepathy 120 Ft.",,,"Cold, Fire, Lightning; Bludgeoning, Piercing, and Slashing From Nonmagical Attacks",Poison,Poisoned,,,,Magic Resistance: The marilith has advantage on saving throws against spells and other magical effects. | Magic Weapons: The marilith's weapon attacks are magical. | Reactive: The marilith can take one reaction on every turn in combat.,"Multiattack: The marilith can make seven attacks: six with its longswords and one with its tail. | Longsword:  | Tail: If the target is Medium or smaller, it is grappled (escape DC 19). Until this grapple ends, the target is restrained, the marilith can automatically hit the target with its tail, and the marilith can't make tail attacks against other targets | Teleport: The marilith magically teleports, along with any equipment it is wearing or carrying, up to 120 feet to an unoccupied space it can see.","Parry: The marilith adds 5 to its AC against one melee attack that would hit it. To do so, the marilith must see the attacker and be wielding a melee weapon.",,,,,Free Basic Rules (2014),https://files.d20.io/images/390065740/9JqBQZdqlxzTC5R2GLonmA/original.png
Mastiff,Medium,beast,Unaligned,12,5 (1d8+1),40 ft.,1/8,25,13,+1,14,+2,12,+1,3,-4,12,+1,7,-2,,Perception +3,13,,,,,,,,,,,Keen Hearing and Smell: The mastiff has advantage on Wisdom (Perception) checks that rely on hearing or smell.,"Bite: If the target is a creature, it must succeed on a DC 11 Strength saving throw or be knocked prone",,,,,,Free Basic Rules (2014),https://files.d20.io/images/390065772/qE_Tj_VIiwAyjWlKJdfGjw/original.png
Medusa,Medium,monstrosity,Lawful Evil,15 (Natural Armor),127 (17d8+51),30 ft.,6,"2,300",10,+0,15,+2,16,+3,12,+1,13,+1,15,+2,,"Deception +5, Insight +4, Perception +4, Stealth +5",14,Darkvision 60 Ft.,Common,,,,,,,,,"Petrifying Gaze: When a creature that can see the medusa's eyes starts its turn within 30 ft. of the medusa, the medusa can force it to make a DC 14 Constitution saving throw if the medusa isn't incapacitated and can see the creature. If the saving throw fails by 5 or more, the creature is instantly petrified. Otherwise, a creature that fails the save begins to turn to stone and is restrained. The restrained creature must repeat the saving throw at the end of its next turn, becoming petrified on a failure or ending the effect on a success. The petrification lasts until the creature is freed by the greater restoration spell or other magic. Unless surprised, a creature can avert its eyes to avoid the saving throw at the start of its turn. If the creature does so, it can't see the medusa until the start of its next turn, when it can avert its eyes again. If the creature looks at the medusa in the meantime, it must immediately make the save. If the medusa sees itself reflected on a polished surface within 30 ft. of it and in an area of bright light, the medusa is, due to its curse, affected by its own gaze.",Multiattack: The medusa makes either three melee attacks — one with its snake hair and two with its shortsword — or two ranged attacks with its longbow. | Snake Hair:  | Shortsword:  | Longbow: ,,,,,,Free Basic Rules (2014),https://files.d20.io/images/390065783/UZYFUCA3xNCgNn1iUE4nWA/original.png
Merfolk,Medium,humanoid (merfolk),Neutral,11,11 (2d8+2),"10 ft., swim 40 ft.",1/8,25,10,+0,13,+1,12,+1,11,+0,11,+0,12,+1,,Perception +2,12,,"Aquan, Common",,,,,,,,,Amphibious: The merfolk can breathe air and water.,Spear: two handed | Spear:  | Spear: ,,,,,,Free Basic Rules (2014),https://files.d20.io/images/390065797/5b0qhHIcOOLsY1yM8acB3A/original.png
Merrow,Large,monstrosity,Chaotic Evil,13 (Natural Armor),45 (6d10+12),"10 ft., swim 40 ft.",2,450,18,+4,10,+0,15,+2,8,-1,10,+0,9,-1,,,10,Darkvision 60 Ft.,"Abyssal, Aquan",,,,,,,,,Amphibious: The merrow can breathe air and water.,Multiattack: The merrow makes two attacks: one with its bite and one with its claws or harpoon. | Bite:  | Claws:  | Harpoon:  | Harpoon: ,,,,,,Free Basic Rules (2014),https://files.d20.io/images/390065812/TPEQ7RVJaP7AsCX2imKHvQ/original.png
Mimic,Medium,monstrosity (shapechanger),Neutral,12 (Natural Armor),58 (9d8+18),15 ft.,2,450,17,+3,12,+1,15,+2,5,-3,13,+1,8,-1,,Stealth +5,11,Darkvision 60 Ft.,,,,,Acid,Prone,,,,"Shapechanger: The mimic can use its action to polymorph into an object or back into its true, amorphous form. Its statistics are the same in each form. Any equipment it is wearing or carrying isn 't transformed. It reverts to its true form if it dies. | Adhesive (Object Form Only): The mimic adheres to anything that touches it. A Huge or smaller creature adhered to the mimic is also grappled by it (escape DC 13). Ability checks made to escape this grapple have disadvantage. | False Appearance (Object Form Only): While the mimic remains motionless, it is indistinguishable from an ordinary object. | Grappler: The mimic has advantage on attack rolls against any creature grappled by it.","Pseudopod: If the mimic is in object form, the target is subjected to its Adhesive trait | Bite: ",,,,,,Free Basic Rules (2014),https://files.d20.io/images/390065860/kd6HHYgfi0U9XOGSYdlZmA/original.png
Minotaur,Large,monstrosity,Chaotic Evil,14 (Natural Armor),76 (9d10+27),40 ft.,3,700,18,+4,11,+0,16,+3,6,-2,16,+3,9,-1,,Perception +7,17,Darkvision 60 Ft.,Abyssal,,,,,,,,,"Charge: If the minotaur moves at least 10 ft. straight toward a target and then hits it with a gore attack on the same turn, the target takes an extra 9 (2d8) piercing damage. If the target is a creature, it must succeed on a DC 14 Strength saving throw or be pushed up to 10 ft. away and knocked prone. | Labyrinthine Recall: The minotaur can perfectly recall any path it has traveled. | Reckless: At the start of its turn, the minotaur can gain advantage on all melee weapon attack rolls it makes during that turn, but attack rolls against it have advantage until the start of its next turn.",Greataxe:  | Gore: ,,,,,,Free Basic Rules (2014),https://files.d20.io/images/390066079/dNDmYzjSxPRKw353gBSjiQ/original.png
Minotaur Skeleton,Large,undead,Lawful Evil,12 (Natural Armor),67 (9d10+18),40 ft.,2,450,18,+4,11,+0,15,+2,6,-2,8,-1,5,-3,,,9,Darkvision 60 Ft.,Understands Abyssal But Can't Speak,Bludgeoning,,,Poison,"Exhaustion, Poisoned",,,,"Charge: If the skeleton moves at least 10 feet straight toward a target and then hits it with a gore attack on the same turn, the target takes an extra 9 (2d8) piercing damage. If the target is a creature, it must succeed on a DC 14 Strength saving throw or be pushed up to 10 feet away and knocked prone.",Greataxe:  | Gore: ,,,,,,Free Basic Rules (2014),https://files.d20.io/images/390066088/GK80O4D8ZPdAIOBNpShUsg/original.png
Mule,Medium,beast,Unaligned,10,11 (2d8+2),40 ft.,1/8,25,14,+2,10,+0,13,+1,2,-4,10,+0,5,-3,,,10,,,,,,,,,,,Beast of Burden: The mule is considered to be a Large animal for the purpose of determining its carrying capacity. | Sure-Footed: The mule has advantage on Strength and Dexterity saving throws made against effects that would knock it prone.,Hooves: ,,,,,,Free Basic Rules (2014),https://files.d20.io/images/390066109/7YNZklphjbnVmKih5DSgdQ/original.png
Mummy,Medium,undead,Lawful Evil,11 (Natural Armor),58 (9d8+18),20 ft.,3,700,16,+3,8,-1,15,+2,6,-2,10,+0,12,+1,Wis +2,,10,Darkvision 60 Ft.,The Languages It Knew In Life,Fire,,"bludgeoning, piercing, and slashing from nonmagical attacks","Necrotic, Poisoned","Charmed, Exhaustion, Frightened, Paralyzed, Poisoned",,,,,"Multiattack: The mummy can use its Dreadful Glare and makes one attack with its rotting fist. | Rotting Fist: If the target is a creature, it must succeed on a DC 12 Constitution saving throw or be cursed with mummy rot. The cursed target can't regain hit points, and its hit point maximum decreases by 10 (3d6) for every 24 hours that elapse. If the curse reduces the target's hit point maximum to 0, the target dies, and its body turns to dust. The curse lasts until removed by the remove curse spell or other magic | Dreadful Glare: The mummy targets one creature it can see within 60 ft. of it. If the target can see the mummy, it must succeed on a DC 11 Wisdom saving throw against this magic or become frightened until the end of the mummy's next turn. If the target fails the saving throw by 5 or more, it is also paralyzed for the same duration. A target that succeeds on the saving throw is immune to the Dreadful Glare of all mummies (but not mummy lords) for the next 24 hours.",,,,,,Free Basic Rules (2014),https://files.d20.io/images/390066118/4d5DapirfzxGqG1Ckb7Yfw/original.png
Mummy Lord,Medium,undead,Lawful Evil,17 (Natural Armor),97 (13d8+39),20 ft.,15,"13,000",18,+4,10,+0,17,+3,11,+0,18,+4,16,+3,"Con +8, Int +5, Wis +9, Cha +8","History +5, Religion +5",14,Darkvision 60 Ft.,The Languages It Knew In Life,Fire,,,"Necrotic, Poison; Bludgeoning, Piercing, And Slashing From Nonmagical Attacks","Charmed, Exhaustion, Frightened, Paralyzed, Poisoned",,,,"Magic Resistance: The mummy lord has advantage on saving throws against spells and other magical effects. | Rejuvenation: A destroyed mummy lord gains a new body in 24 hours if its heart is intact, regaining all its hit points and becoming active again. The new body appears within 5 feet of the mummy lord's heart. | Spellcasting: The mummy lord is a 10th-level spellcaster. Its spellcasting ability is Wisdom (spell save DC 17, +9 to hit with spell attacks). The mummy lord has the following cleric spells prepared:   • Cantrips (at will): sacred flame, thaumaturgy • 1st level (4 slots): command, guiding bolt, shield of faith • 2nd level (3 slots): hold person, silence, spiritual weapon • 3rd level (3 slots): animate dead, dispel magic • 4th level (3 slots): divination, guardian of faith • 5th level (2 slots): contagion, insect plague • 6th level (1 slot): harm","Multiattack: The mummy can use its Dreadful Glare and makes one attack with its rotting fist. | Rotting Fist: If the target is a creature, it must succeed on a DC 16 Constitution saving throw or be cursed with mummy rot. The cursed target can't regain hit points, and its hit point maximum decreases by 10 (3d6) for every 24 hours that elapse. If the curse reduces the target's hit point maximum to 0, the target dies, and its body turns to dust. The curse lasts until removed by the remove curse spell or other magic | Dreadful Glare: The mummy lord targets one creature it can see within 60 feet of it. If the target can see the mummy lord, it must succeed on a DC 16 Wisdom saving throw against this magic or become frightened until the end of the mummy's next turn. If the target fails the saving throw by 5 or more, it is also paralyzed for the same duration. A target that succeeds on the saving throw is immune to the Dreadful Glare of all mummies and mummy lords for the next 24 hours.",,,"Attack: The mummy lord makes one attack with its rotting fist or uses its Dreadful Glare. | Blinding Dust: Blinding dust and sand swirls magically around the mummy lord. Each creature within 5 feet of the mummy lord must succeed on a DC 16 Constitution saving throw or be blinded until the end of the creature's next turn. | Blasphemous Word (Costs 2 Actions): The mummy lord utters a blasphemous word. Each non-undead creature within 10 feet of the mummy lord that can hear the magical utterance must succeed on a DC 16 Constitution saving throw or be stunned until the end of the mummy lord's next turn. | Channel Negative Energy (Costs 2 Actions): The mummy lord magically unleashes negative energy. Creatures within 60 feet of the mummy lord, including ones behind barriers and around corners, can't regain hit points until the end of the mummy lord's next turn. | Whirlwind of Sand (Costs 2 Actions): The mummy lord magically transforms into a whirlwind of sand, moves up to 60 feet, and reverts to its normal form. While in whirlwind form, the mummy lord is immune to all damage, and it can't be grappled, petrified, knocked prone, restrained, or stunned. Equipment worn or carried by the mummy lord remain in its possession.",3,,Free Basic Rules (2014),https://files.d20.io/images/391961341/wdKo5a35_bDPRAuHyVgO2g/original.png
Nalfeshnee,Large,fiend (demon),Chaotic Evil,18 (Natural Armor),184 (16d10+96),"20 ft., fly 30 ft.",13,"10,000",21,+5,10,+0,22,+6,19,+4,12,+1,15,+2,"Con +11, Int +9, Wis +6, Cha +7",,11,Truesight 120 Ft.,"Abyssal, Telepathy 120 Ft.",,,"Cold, Fire, Lightning; Bludgeoning, Piercing, and Slashing From Nonmagical Attacks",Poison,Poisoned,,,,Magic Resistance: The nalfeshnee has advantage on saving throws against spells and other magical effects.,"Multiattack: The nalfeshnee uses Horror Nimbus if it can. It then makes three attacks: one with its bite and two with its claws. | Bite:  | Claw:  | Horror Nimbus (Recharge 5-6): The nalfeshnee magically emits scintillating, multicolored light. Each creature within 15 feet of the nalfeshnee that can see the light must succeed on a DC 15 Wisdom saving throw or be frightened for 1 minute. A creature can repeat the saving throw at the end of each of its turns, ending the effect on itself on a success. If a creature's saving throw is successful or the effect ends for it, the creature is immune to the nalfeshnee's Horror Nimbus for the next 24 hours. | Teleport: The nalfeshnee magically teleports, along with any equipment it is wearing or carrying, up to 120 feet to an unoccupied space it can see.",,,,,,Free Basic Rules (2014),https://files.d20.io/images/390066135/v2qeWaq7dzhoI5spDHmAMA/original.png
Night Hag,Medium,fiend,Neutral Evil,17 (Natural Armor),112 (15d8+45),30 ft.,5,"1,800",18,+4,15,+2,16,+3,16,+3,14,+2,16,+3,,"Deception +7, Insight +6, Perception +6, Stealth +6",16,Darkvision 120 Ft.,"Abyssal, Common, Infernal, Primordial",,,"Cold, Fire; Bludgeoning, Piercing, and Slashing From Nonmagical Attacks Not Made With Silvered Weapons",,Charmed,,,,"Innate Spellcasting: The hag's innate spellcasting ability is Charisma (spell save DC 14, +6 to hit with spell attacks). She can innately cast the following spells, requiring no material components:   At will: detect magic, magic missile 2/day each: plane shift (self only), ray of enfeeblement, sleep | Magic Resistance: The hag has advantage on saving throws against spells and other magical effects. | Night Hag Items: A night hag carries two very rare magic items that she must craft for herself If either object is lost, the night hag will go to great lengths to retrieve it, as creating a new tool takes time and effort. Heartstone: This lustrous black gem allows a night hag to become ethereal while it is in her possession. The touch of a heartstone also cures any disease. Crafting a heartstone takes 30 days. Soul Bag: When an evil humanoid dies as a result of a night hag's Nightmare Haunting, the hag catches the soul in this black sack made of stitched flesh. A soul bag can hold only one evil soul at a time, and only the night hag who crafted the bag can catch a soul with it. Crafting a soul bag takes 7 days and a humanoid sacrifice (whose flesh is used to make the bag).","Claws (Hag Form Only):  | Change Shape: The hag magically polymorphs into a Small or Medium female humanoid, or back into her true form. Her statistics are the same in each form. Any equipment she is wearing or carrying isn't transformed. She reverts to her true form if she dies. | Etherealness: The hag magically enters the Ethereal Plane from the Material Plane, or vice versa. To do so, the hag must have a heartstone in her possession. | Nightmare Haunting (1/Day): While on the Ethereal Plane, the hag magically touches a sleeping humanoid on the Material Plane. A protection from evil and good spell cast on the target prevents this contact, as does a magic circle. As long as the contact persists, the target has dreadful visions. If these visions last for at least 1 hour, the target gains no benefit from its rest, and its hit point maximum is reduced by 5 (1d10). If this effect reduces the target's hit point maximum to 0, the target dies, and if the target was evil, its soul is trapped in the hag's soul bag. The reduction to the target's hit point maximum lasts until removed by the greater restoration spell or similar magic.",,,,,,Free Basic Rules (2014),https://files.d20.io/images/390066143/CbWULfWXWvhAs5-tJzVfKw/original.png
Nightmare,Large,fiend,Neutral Evil,13 (Natural Armor),68 (8d10+24),"60 ft., fly 90 ft.",3,700,18,+4,15,+2,16,+3,10,+0,13,+1,15,+2,,,11,,"Understands Abyssal, Common, And Infernal But Can't Speak",,,,Fire,,,,,Confer Fire Resistance: The nightmare can grant resistance to fire damage to anyone riding it. | Illumination: The nightmare sheds bright light in a 10-foot radius and dim light for an additional 10 feet.,"Hooves:  | Ethereal Stride: The nightmare and up to three willing creatures within 5 feet of it magically enter the Ethereal Plane from the Material Plane, or vice versa.",,,,,,Free Basic Rules (2014),https://files.d20.io/images/390066157/jkx2Onr40CPIXTJ5J2Pf2A/original.png
Noble,Medium,humanoid (any race),Any Alignment,15 (Breastplate),9 (2d8),30 ft.,1/8,25,11,+0,12,+1,11,+0,12,+1,14,+2,16,+3,,"Deception +5, Insight +4, Persuasion +5",12,,Any Two Languages,,,,,,,,,,Rapier: ,"Parry: The noble adds 2 to its AC against one melee attack that would hit it. To do so, the noble must see the attacker and be wielding a melee weapon.",,,,,Free Basic Rules (2014),https://files.d20.io/images/390066176/7RcMpTox2fz2vGLBcLCgqg/original.png
Ochre Jelly,Large,ooze,Unaligned,8,45 (6d10+12),"10 ft., climb 10 ft.",2,450,15,+2,6,-2,14,+2,2,-4,6,-2,1,-5,,,8,Blindsight 60 Ft. (Blind Beyond This Radius),,,,Acid,"Lightning, Slashing","Blinded, Charmed, Deafened, Exhaustion, Frightened, Prone",,,,"Amorphous: The jelly can move through a space as narrow as 1 inch wide without squeezing. | Spider Climb: The jelly can climb difficult surfaces, including upside down on ceilings, without needing to make an ability check.",Pseudopod: ,"Split: When a jelly that is Medium or larger is subjected to lightning or slashing damage, it splits into two new jellies if it has at least 10 hit points. Each new jelly has hit points equal to half the original jelly's, rounded down. New jellies are one size smaller than the original jelly.",,,,,Free Basic Rules (2014),https://files.d20.io/images/390066189/-zoiMticIKQv0OLN2iVHWQ/original.png
Octopus,Small,beast,Unaligned,12,3 (1d6),"5 ft., swim 30 ft.",0,10,4,-3,15,+2,11,+0,3,-4,10,+0,4,-3,,"Perception +2, Stealth +4",12,Darkvision 30 Ft.,,,,,,,,,,"Hold Breath: While out of water, the octopus can hold its breath for 30 minutes. | Underwater Camouflage: The octopus has advantage on Dexterity (Stealth) checks made while underwater. | Water Breathing: The octopus can breathe only underwater.","Tentacles: The target is grappled (escape dc 10) Until this grapple ends, the octopus can't use its tentacles on another target | Ink Cloud (Recharges after a Short or Long Rest): A 5-foot-radius cloud of ink extends all around the octopus if it is underwater. The area is heavily obscured for 1 minute, although a significant current can disperse the ink. After releasing the ink, the octopus can use the Dash action as a bonus action.",,,,,,Free Basic Rules (2014),https://files.d20.io/images/390066385/PRba3Fh3yc-T9YyPPocJ6w/original.png
Ogre,Large,giant,Chaotic Evil,11 (Hide Armor),59 (7d10+21),40 ft.,2,450,19,+4,8,-1,16,+3,5,-3,7,-2,7,-2,,,8,Darkvision 60 Ft.,"Common, Giant",,,,,,,,,,Greatclub:  | Javelin (Melee):  | Javelin (Ranged): ,,,,,,Free Basic Rules (2014),https://files.d20.io/images/390066397/blTLLKTO7PcODGKdOnvCsA/original.png
Ogre Zombie,Large,undead,Neutral Evil,8,85 (9d10+36),30 ft.,2,450,19,+4,6,-2,18,+4,3,-4,6,-2,5,-3,Wis +0,,8,Darkvision 60 Ft.,Understands Common And Giant But Can't Speak,,,,Poison,Poisoned,,,,"Undead Fortitude: If damage reduces the zombie to 0 hit points, it must make a Constitution saving throw with a DC of 5+the damage taken, unless the damage is radiant or from a critical hit. On a success, the zombie drops to 1 hit point instead.",Morningstar: ,,,,,,Free Basic Rules (2014),https://files.d20.io/images/390066408/PER98xAnYDVDp0ugHbqMPw/original.png
Oni,Large,giant,Lawful Evil,16 (Chain Mail),110 (13d10+39),"30 ft., fly 30 ft.",7,"2,900",19,+4,11,+0,16,+3,14,+2,12,+1,15,+2,"Dex +3, Con +6, Wis +4, Cha +5","Arcana +5, Deception +8, Perception +4",14,Darkvision 60 Ft.,"Common, Giant",,,,,,,,,"Innate Spellcasting: The oni's innate spellcasting ability is Charisma (spell save DC 13). The oni can innately cast the following spells, requiring no material components:   At will: darkness, invisibility 1/day each: charm person, cone of cold, gaseous form, sleep | Magic Weapons: The oni's weapon attacks are magical. | Regeneration: The oni regains 10 hit points at the start of its turn if it has at least 1 hit point.","Multiattack: The oni makes two attacks, either with its claws or its glaive. | Claw (Oni Form Only):  | Glaive (Large Form):  | Glaive (Small or Medium Form):  | Change Shape: The oni magically polymorphs into a Small or Medium humanoid, into a Large giant, or back into its true form. Other than its size, its statistics are the same in each form. The only equipment that is transformed is its glaive, which shrinks so that it can be wielded in humanoid form. If the oni dies, it reverts to its true form, and its glaive reverts to its normal size.",,,,,,Free Basic Rules (2014),https://files.d20.io/images/390066424/VBgT8Xgw6fm7rmXC5I0jDg/original.png
Orc,Medium,humanoid (orc),Chaotic Evil,13 (Hide Armor),15 (2d8+6),30 ft.,1/2,100,16,+3,12,+1,16,+3,7,-2,11,+0,10,+0,,Intimidation +2,10,Darkvision 60 Ft.,"Common, Orc",,,,,,,,,"Aggressive: As a bonus action, the orc can move up to its speed toward a hostile creature that it can see.",Greataxe:  | Javelin:  | Javelin: ,,,,,,Free Basic Rules (2014),https://files.d20.io/images/390066452/1IwHCbAipkd0cZ8boEp25A/original.png
Otyugh,Large,aberration,Neutral,14 (Natural Armor),114 (12d10+48),30 ft.,5,"1,800",16,+3,11,+0,19,+4,6,-2,13,+1,6,-2,Con +7,,11,Darkvision 120 Ft.,Otyugh,,,,,,,,,Limited Telepathy: The otyugh can magically transmit simple messages and images to any creature within 120 ft. of it that can understand a language. This form of telepathy doesn't allow the receiving creature to telepathically respond.,"Multiattack: The otyugh makes three attacks: one with its bite and two with its tentacles. | Bite: If the target is a creature, it must succeed on a DC 15 Constitution saving throw against disease or become poisoned until the disease is cured. Every 24 hours that elapse, the target must repeat the saving throw, reducing its hit point maximum by 5 (1d10) on a failure. The disease is cured on a success. The target dies if the disease reduces its hit point maximum to 0. This reduction to the target's hit point maximum lasts until the disease is cured | Tentacle: If the target is Medium or smaller, it is grappled (escape DC 13) and restrained until the grapple ends. The otyugh has two tentacles, each of which can grapple one target | Tentacle Slam: The otyugh slams creatures grappled by it into each other or a solid surface. Each creature must succeed on a DC 14 Constitution saving throw or take 10 (2d6 + 3) bludgeoning damage and be stunned until the end of the otyugh's next turn. On a successful save, the target takes half the bludgeoning damage and isn't stunned.",,,,,,Free Basic Rules (2014),https://files.d20.io/images/390066463/t4uRWpfSKTUPD98w4oCz1A/original.png
Owl,Tiny,beast,Unaligned,11,1 (1d4-1),"5 ft., fly 60 ft.",0,10,3,-4,13,+1,8,-1,2,-4,12,+1,7,-2,,"Perception +3, Stealth +3",13,Darkvision 120 Ft.,,,,,,,,,,Flyby: The owl doesn't provoke opportunity attacks when it flies out of an enemy's reach. | Keen Hearing and Sight: The owl has advantage on Wisdom (Perception) checks that rely on hearing or sight.,Talons: ,,,,,,Free Basic Rules (2014),https://files.d20.io/images/390066475/arPjyRhOO-WC0tPzMmGzxQ/original.png
Owlbear,Large,monstrosity,Unaligned,13 (Natural Armor),59 (7d10+21),40 ft.,3,700,20,+5,12,+1,17,+3,3,-4,12,+1,7,-2,,Perception +3,13,Darkvision 60 Ft.,,,,,,,,,,Keen Sight and Smell: The owlbear has advantage on Wisdom (Perception) checks that rely on sight or smell.,Multiattack: The owlbear makes two attacks: one with its beak and one with its claws. | Beak:  | Claws: ,,,,,,Free Basic Rules (2014),https://files.d20.io/images/390066493/9dTiCr5IkqEIGU2VbuDnMw/original.png
Panther,Medium,beast,Unaligned,12,13 (3d8),"50 ft., climb 40 ft.",1/4,50,14,+2,15,+2,10,+0,3,-4,14,+2,7,-2,,"Perception +4, Stealth +6",14,,,,,,,,,,,"Keen Smell: The panther has advantage on Wisdom (Perception) checks that rely on smell. | Pounce: If the panther moves at least 20 ft. straight toward a creature and then hits it with a claw attack on the same turn, that target must succeed on a DC 12 Strength saving throw or be knocked prone. If the target is prone, the panther can make one bite attack against it as a bonus action.",Bite:  | Claw: ,,,,,,Free Basic Rules (2014),https://files.d20.io/images/390066507/oE5uqYMRRGFuYrN936GGGw/original.png
Pegasus,Large,celestial,Chaotic Good,12,59 (7d10+21),"60 ft., fly 90 ft.",2,450,18,+4,15,+2,16,+3,10,+0,15,+2,13,+1,"Dex +4, Wis +4, Cha +3",Perception +6,16,,"Understands Celestial, Common, Elvish, And Sylvan But Can't Speak",,,,,,,,,,Hooves: ,,,,,,Free Basic Rules (2014),https://files.d20.io/images/390066523/BasYiqdiZGI1Et0wRcvdYA/original.png
Phase Spider,Large,monstrosity,Unaligned,13 (Natural Armor),32 (5d10+5),"30 ft., climb 30 ft.",3,700,15,+2,15,+2,12,+1,6,-2,10,+0,6,-2,,Stealth +6,10,Darkvision 60 Ft.,,,,,,,,,,"Ethereal Jaunt: As a bonus action, the spider can magically shift from the Material Plane to the Ethereal Plane, or vice versa. | Spider Climb: The spider can climb difficult surfaces, including upside down on ceilings, without needing to make an ability check. | Web Walker: The spider ignores movement restrictions caused by webbing.","Bite: The target must make a DC 11 Constitution saving throw. On a failed save the target takes the poison damage, or half as much damage on a successful one. If the poison damage reduces the target to 0 hit points, the target is stable but poisoned for 1 hour, even after regaining hit points, and is paralyzed while poisoned in this way.",,,,,,Free Basic Rules (2014),https://files.d20.io/images/390067273/3HhgD6-SWgHHs9JHY-kufQ/original.png
Pit Fiend,Large,fiend (devil),Lawful Evil,19 (Natural Armor),300 (24d10+168),"30 ft., fly 60 ft.",20,"25,000",26,+8,14,+2,24,+7,22,+6,18,+4,24,+7,"Dex +8, Con +13, Wis +10",,14,Truesight 120 Ft.,"Infernal, Telepathy 120 Ft.",,,"Cold; Bludgeoning, Piercing, and Slashing From Nonmagical Attacks That Aren't Silvered","Fire, Poison",Poisoned,,,,"Fear Aura: Any creature hostile to the pit fiend that starts its turn within 20 feet of the pit fiend must make a DC 21 Wisdom saving throw, unless the pit fiend is incapacitated. On a failed save, the creature is frightened until the start of its next turn. If a creature's saving throw is successful, the creature is immune to the pit fiend's Fear Aura for the next 24 hours. | Magic Resistance: The pit fiend has advantage on saving throws against spells and other magical effects. | Magic Weapons: The pit fiend's weapon attacks are magical. | Innate Spellcasting: The pit fiend's spellcasting ability is Charisma (spell save DC 21). The pit fiend can innately cast the following spells, requiring no material components:  At will: detect magic, fireball 3/day each: hold monster, wall of fire","Multiattack: The pit fiend makes four attacks: one with its bite, one with its claw, one with its mace, and one with its tail. | Bite: The target must succeed on a DC 21 Constitution saving throw or become poisoned. While poisoned in this way, the target can’t regain hit points, and it takes 21 (6d6) poison damage at the start of each of its turns. The poisoned target can repeat the saving throw at the end of each of its turns, ending the effect on itself on a success | Claw:  | Mace:  | Tail: ",,,,,,Free Basic Rules (2014),https://files.d20.io/images/391961341/wdKo5a35_bDPRAuHyVgO2g/original.png
Planetar,Large,celestial,Lawful Good,19 (Natural Armor),200 (16d10+112),"40 ft., fly 120 ft.",16,"15,000",24,+7,20,+5,24,+7,19,+4,22,+6,25,+7,"Con +12, Wis +11, Cha +12",Perception +11,21,Truesight 120 Ft.,"All, Telepathy 120 Ft.",,,"Radiant; Bludgeoning, Piercing, and Slashing From Nonmagical Attacks",,"Charmed, Exhaustion, Frightened",,,,"Angelic Weapons: The planetar's weapon attacks are magical. When the planetar hits with any weapon, the weapon deals an extra 5d8 radiant damage (included in the attack). | Divine Awareness: The planetar knows if it hears a lie. | Innate Spellcasting: The planetar's spellcasting ability is Charisma (spell save DC 20). The planetar can innately cast the following spells, requiring no material components:  At will: detect evil and good, invisibility (self only) 3/day each: blade barrier, dispel evil and good, flame strike, raise dead 1/day each: commune, control weather, insect plague | Magic Resistance: The planetar has advantage on saving throws against spells and other magical effects.","Multiattack: The planetar makes two melee attacks. | Greatsword:  | Healing Touch (4/Day): The planetar touches another creature. The target magically regains 30 (6d8 + 3) hit points and is freed from any curse, disease, poison, blindness, or deafness.",,,,,,Free Basic Rules (2014),https://files.d20.io/images/390067300/fmVIKgW5AgoWPmUWKozysg/original.png
Plesiosaurus,Large,beast,Unaligned,13 (Natural Armor),68 (8d10+24),"20 ft., swim 40 ft.",2,450,18,+4,15,+2,16,+3,2,-4,12,+1,5,-3,,"Perception +3, Stealth +4",13,,,,,,,,,,,Hold Breath: The plesiosaurus can hold its breath for 1 hour.,Bite: ,,,,,,Free Basic Rules (2014),https://files.d20.io/images/391961341/wdKo5a35_bDPRAuHyVgO2g/original.png
Poisonous Snake,Tiny,beast,Unaligned,13,2 (1d4),"30 ft., swim 30 ft.",1/8,25,2,-4,16,+3,11,+0,1,-5,10,+0,3,-4,,,10,Blindsight 10 Ft.,,,,,,,,,,,"Bite: The target must make a DC 10 Constitution saving throw, taking the poison damage on a failed save, or half as much damage on a successful one.",,,,,,Free Basic Rules (2014),https://files.d20.io/images/390067320/nKiFbJdjZc7ZE8htzogMIg/original.png
Polar Bear,Large,beast,Unaligned,12 (Natural Armor),42 (5d10+15),"40 ft., swim 30 ft.",2,450,20,+5,10,+0,16,+3,2,-4,13,+1,7,-2,,Perception +3,13,,,,,,,,,,,Keen Smell: The bear has advantage on Wisdom (Perception) checks that rely on smell.,Multiattack: The bear makes two attacks: one with its bite and one with its claws. | Bite:  | Claws: ,,,,,,Free Basic Rules (2014),https://files.d20.io/images/390067339/NGxjlsD3q5xhTKNZy3l7nA/original.png
Pony,Medium,beast,Unaligned,10,11 (2d8+2),40 ft.,1/8,25,15,+2,10,+0,13,+1,2,-4,11,+0,7,-2,,,10,,,,,,,,,,,,Hooves: ,,,,,,Free Basic Rules (2014),https://files.d20.io/images/390067353/jrEtLLBChrBuSwFZ-8BxYA/original.png
Priest,Medium,humanoid (any race),Any Alignment,13 (Chain Shirt),27 (5d8+5),25 ft.,2,450,10,+0,10,+0,12,+1,13,+1,16,+3,13,+1,,"Medicine +7, Persuasion +3, Religion +4",13,,Any Two Languages,,,,,,,,,"Divine Eminence: As a bonus action, the priest can expend a spell slot to cause its melee weapon attacks to magically deal an extra 10 (3d6) radiant damage to a target on a hit. This benefit lasts until the end of the turn. If the priest expends a spell slot of 2nd level or higher, the extra damage increases by 1d6 for each level above 1st. | Spellcasting: The priest is a 5th-level spellcaster. Its spellcasting ability is Wisdom (spell save DC 13, +5 to hit with spell attacks). The priest has the following cleric spells prepared:   • Cantrips (at will): light, sacred flame, thaumaturgy • 1st level (4 slots): cure wounds, guiding bolt, sanctuary • 2nd level (3 slots): lesser restoration, spiritual weapon • 3rd level (2 slots): dispel magic, spirit guardians",Mace: ,,,,,,Free Basic Rules (2014),https://files.d20.io/images/390067362/gPYKolLaaDkvJ_dFBIFFJw/original.png
Pseudodragon,Tiny,dragon,Neutral Good,13,7 (2d4+2),"15 ft., fly 60 ft.",1/4,50,6,-2,15,+2,13,+1,10,+0,12,+1,10,+0,,"Perception +3, Stealth +4",13,"Blindsight 10 Ft., Darkvision 60 Ft.",Understands Common And Draconic But Can't Speak,,,,,,,,,"Keen Senses: The pseudodragon has advantage on Wisdom (Perception) checks that rely on sight, hearing, or smell. | Magic Resistance: The pseudodragon has advantage on saving throws against spells and other magical effects. | Limited Telepathy: The pseudodragon can magically communicate simple ideas, emotions, and images telepathically with any creature within 100 ft. of it that can understand a language.","Bite:  | Sting: The target must succeed on a dc 11 constitution saving throw or become poisoned for 1 hour If the saving throw fails by 5 or more, the target falls unconscious for the same duration, or until it takes damage or another creature uses an action to shake it awake",,,,,,Free Basic Rules (2014),https://files.d20.io/images/390067374/DszBDbydpqPKzXEWYkzfTA/original.png
Purple Worm,Gargantuan,monstrosity,Unaligned,18 (Natural Armor),247 (15d20+90),"50 ft., burrow 30 ft.",15,"13,000",28,+9,7,-2,22,+6,1,-5,8,-1,4,-3,"Con +11, Wis +4",,9,"Blindsight 30 Ft., Tremorsense 60 Ft.",,,,,,,,,,Tunneler: The worm can burrow through solid rock at half its burrow speed and leaves a 10-foot-diameter tunnel in its wake.,"Multiattack: The worm makes two attacks: one with its bite and one with its stinger. | Bite: If the target is a Large or smaller creature, it must succeed on a DC 19 Dexterity saving throw or be swallowed by the worm. A swallowed creature is blinded and restrained, it has total cover against attacks and other effects outside the worm, and it takes 21 (6d6) acid damage at the start of each of the worm's turns. If the worm takes 30 damage or more on a single turn from a creature inside it, the worm must succeed on a DC 21 Constitution saving throw at the end of that turn or regurgitate all swallowed creatures, which fall prone in a space within 10 feet of the worm. If the worm dies, a swallowed creature is no longer restrained by it and can escape from the corpse by using 20 feet of movement, exiting prone. | Tail Stinger: The target must make a DC 19 Constitution saving throw, taking the poison damage on a failed save, or half as much damage on a successful one.",,,,,,Free Basic Rules (2014),https://files.d20.io/images/390067425/_vieXwes7AzK-gc_vA_mHw/original.png
Quasit,Tiny,fiend (demon),Chaotic Evil,13,7 (3d4),40 ft.,1,200,5,-3,17,+3,10,+0,7,-2,10,+0,10,+0,,Stealth +5,10,Darkvision 120 Ft.,"Abyssal, Common",,,"Cold; Fire; Lightning; Bludgeoning, Piercing, and Slashing From Nonmagical Attacks",Poison,Poisoned,,,,"Shapechanger: The quasit can use its action to polymorph into a beast form that resembles a bat (speed 10 ft. fly 40 ft.), a centipede (40 ft., climb 40 ft.), or a toad (40 ft., swim 40 ft.), or back into its true form. Its statistics are the same in each form, except for the speed changes noted. Any equipment it is wearing or carrying isn't transformed. It reverts to its true form if it dies. | Magic Resistance: The quasit has advantage on saving throws against spells and other magical effects.","Claw (Bite in Beast Form): The target must succeed on a DC 10 Constitution saving throw, or take the poison damage and become poisoned for 1 minute. The target can repeat the saving throw at the end of each of its turns, ending the effect on itself on a success. | Scare (1/day): One creature of the quasit's choice within 20 ft. of it must succeed on a DC 10 Wisdom saving throw or be frightened for 1 minute. The target can repeat the saving throw at the end of each of its turns, with disadvantage if the quasit is within line of sight, ending the effect on itself on a success. | Invisibility: The quasit magically turns invisible until it attacks or uses Scare, or until its concentration ends (as if concentrating on a spell). Any equipment the quasit wears or carries is invisible with it.",,,,,,Free Basic Rules (2014),https://files.d20.io/images/390067663/Bw-WTSCpi3wnZOzCPVcB8Q/original.png
Quipper,Tiny,beast,Unaligned,13,1 (1d4-1),Swim 40 ft.,0,10,2,-4,16,+3,9,-1,1,-5,7,-2,2,-4,,,8,Darkvision 60 Ft.,,,,,,,,,,Blood Frenzy: The quipper has advantage on melee attack rolls against any creature that doesn't have all its hit points. | Water Breathing: The quipper can breathe only underwater.,Bite: ,,,,,,Free Basic Rules (2014),https://files.d20.io/images/390067681/sqnmCq7Tkp-do3qd-RFyow/original.png
Rakshasa,Medium,fiend,Lawful Evil,16 (Natural Armor),110 (13d8+52),40 ft.,13,"10,000",14,+2,17,+3,18,+4,13,+1,16,+3,20,+5,,"Deception +10, Insight +8",13,Darkvision 60 Ft.,"Common, Infernal",Piercing From Magic Weapons Wielded By Good Creatures,,,"Bludgeoning, Piercing, and Slashing From Nonmagical Attacks",,,,,"Limited Magic Immunity: The rakshasa can't be affected or detected by spells of 6th level or lower unless it wishes to be. It has advantage on saving throws against all other spells and magical effects. | Innate Spellcasting: The rakshasa's innate spellcasting ability is Charisma (spell save DC 18, +10 to hit with spell attacks). The rakshasa can innately cast the following spells, requiring no material components:   At will: detect thoughts, disguise self, mage hand, minor illusion 3/day each: charm person, detect magic, invisibility, major image, suggestion 1/day each: dominate person, fly, plane shift, true seeing","Multiattack: The rakshasa makes two claw attacks | Claw: The target is cursed if it is a creature The magical curse takes effect whenever the target takes a short or long rest, filling the target's thoughts with horrible images and dreams. The cursed target gains no benefit from finishing a short or long rest. The curse lasts until it is lifted by a remove curse spell or similar magic",,,,,,Free Basic Rules (2014),https://files.d20.io/images/390067690/vbMLQ51_8bMSTaNi_Zlb-Q/original.png
Rat,Tiny,beast,Unaligned,10,1 (1d4-1),20 ft.,0,10,2,-4,11,+0,9,-1,2,-4,10,+0,4,-3,,,10,Darkvision 30 Ft.,,,,,,,,,,Keen Smell: The rat has advantage on Wisdom (Perception) checks that rely on smell.,Bite: ,,,,,,Free Basic Rules (2014),https://files.d20.io/images/390067728/5KEpWJ0iYg95apSHqQLWWA/original.png
Raven,Tiny,beast,Unaligned,12,1 (1d4-1),"10 ft., fly 50 ft.",0,10,2,-4,14,+2,8,-1,2,-4,12,+1,6,-2,,Perception +3,13,,,,,,,,,,,"Mimicry: The raven can mimic simple sounds it has heard, such as a person whispering, a baby crying, or an animal chittering. A creature that hears the sounds can tell they are imitations with a successful DC 10 Wisdom (Insight) check.",Beak: ,,,,,,Free Basic Rules (2014),https://files.d20.io/images/390067767/PlTIVKnZFtyrWyDZyvHtXQ/original.png
Red Dragon Wyrmling,Medium,dragon,Chaotic Evil,17 (Natural Armor),75 (10d8+30),"30 ft., climb 30 ft., fly 60 ft.",4,"1,100",19,+4,10,+0,17,+3,12,+1,11,+0,15,+2,"Dex +2, Con +5, Wis +2, Cha +4","Perception +4, Stealth +2",14,"Blindsight 10 Ft., Darkvision 60 Ft.",Draconic,,,,Fire,,,,,,"Bite:  | Fire Breath (Recharge 5-6): The dragon exhales fire in a 15-foot cone. Each creature in that area must make a DC l3 Dexterity saving throw, taking 24 (7d6) fire damage on a failed save, or half as much damage on a successful one.",,,,,,Free Basic Rules (2014),https://files.d20.io/images/390067779/P9ttra2UZg9dlJnbPXUQiA/original.png
Reef Shark,Medium,beast,Unaligned,12 (Natural Armor),22 (4d8+4),Swim 40 ft.,1/2,100,14,+2,13,+1,13,+1,1,-5,10,+0,4,-3,,Perception +2,12,Blindsight 30 Ft.,,,,,,,,,,Pack Tactics: The shark has advantage on an attack roll against a creature if at least one of the shark's allies is within 5 ft. of the creature and the ally isn't incapacitated. | Water Breathing: The shark can breathe only underwater.,Bite: ,,,,,,Free Basic Rules (2014),https://files.d20.io/images/390067801/b2ma9wshNJ7DRMi-QIxXNw/original.png
Remorhaz,Huge,monstrosity,Unaligned,17 (Natural Armor),195 (17d12+85),"30 ft., burrow 20 ft.",11,"7,200",24,+7,13,+1,21,+5,4,-3,10,+0,5,-3,,,10,"Darkvision 60 Ft., Tremorsense 60 Ft.",,,,,"Cold, Fire",,,,,Heated Body: A creature that touches the remorhaz or hits it with a melee attack while within 5 feet of it takes 10 (3d6) fire damage.,"Bite: If the target is a creature, it is grappled (escape DC 17). Until this grapple ends, the target is restrained, and the remorhaz can't bite another target | Swallow: The remorhaz makes one bite attack against a Medium or smaller creature it is grappling. If the attack hits, that creature takes the bite's damage and is swallowed, and the grapple ends. While swallowed, the creature is blinded and restrained, it has total cover against attacks and other effects outside the remorhaz, and it takes 21 (6d6) acid damage at the start of each of the remorhaz's turns. If the remorhaz takes 30 damage or more on a single turn from a creature inside it, the remorhaz must succeed on a DC 15 Constitution saving throw at the end of that turn or regurgitate all swallowed creatures, which fall prone in a space within 10 feet of the remorhaz. If the remorhaz dies, a swallowed creature is no longer restrained by it and can escape from the corpse using 15 feet of movement, exiting prone.",,,,,,Free Basic Rules (2014),https://files.d20.io/images/390067814/3GdTWPuezdsgv1BrCx36RQ/original.png
Rhinoceros,Large,beast,Unaligned,11 (Natural Armor),45 (6d10+12),40 ft.,2,450,21,+5,8,-1,15,+2,2,-4,12,+1,6,-2,,,11,,,,,,,,,,,"Charge: If the rhinoceros moves at least 20 ft. straight toward a target and then hits it with a gore attack on the same turn, the target takes an extra 9 (2d8) bludgeoning damage. If the target is a creature, it must succeed on a DC 15 Strength saving throw or be knocked prone.",Gore: ,,,,,,Free Basic Rules (2014),https://files.d20.io/images/390068043/KDD1NJyWrQEJwZbl4BxJDw/original.png
Riding Horse,Large,beast,Unaligned,10,13 (2d10+2),60 ft.,1/4,50,16,+3,10,+0,12,+1,2,-4,11,+0,7,-2,,,10,,,,,,,,,,,,Hooves: ,,,,,,Free Basic Rules (2014),https://files.d20.io/images/390068056/qJPbTyH7-rXPJ3OGT7QAzQ/original.png
Roc,Gargantuan,monstrosity,Unaligned,15 (Natural Armor),248 (16d20+80),"20 ft., fly 120 ft.",11,"7,200",28,+9,10,+0,20,+5,3,-4,10,+0,9,-1,"Dex +4, Con +9, Wis +4, Cha +3",Perception +4,14,,,,,,,,,,,Keen Sight: The roc has advantage on Wisdom (Perception) checks that rely on sight.,"Multiattack: The roc makes two attacks: one with its beak and one with its talons. | Beak:  | Talons: The target is grappled (escape dc 19) Until this grapple ends, the target is restrained, and the roc can't use its talons on another target",,,,,,Free Basic Rules (2014),https://files.d20.io/images/390068072/PE-MQ6jb7czjmImYyBv1jg/original.png
Roper,Large,monstrosity,Neutral Evil,20 (Natural Armor),93 (11d10+33),"10 ft., climb 10 ft.",5,"1,800",18,+4,8,-1,17,+3,7,-2,16,+3,6,-2,,"Perception +6, Stealth +5",16,Darkvision 60 Ft.,,,,,,,,,,"False Appearance: While the roper remains motionless, it is indistinguishable from a normal cave formation, such as a stalagmite. | Grasping Tendrils: The roper can have up to six tendrils at a time. Each tendril can be attacked (AC 20; 10 hit points; immunity to poison and psychic damage). Destroying a tendril deals no damage to the roper, which can extrude a replacement tendril on its next turn. A tendril can also be broken if a creature takes an action and succeeds on a DC 15 Strength check against it. | Spider Climb: The roper can climb difficult surfaces, including upside down on ceilings, without needing to make an ability check.","Multiattack: The roper makes four attacks with its tendrils, uses Reel, and makes one attack with its bite. | Bite:  | Tendril: The target is grappled (escape dc 15) Until the grapple ends, the target is restrained and has disadvantage on Strength checks and Strength saving throws, and the roper can't use the same tendril on another target | Reel: The roper pulls each creature grappled by it up to 25 ft. straight toward it.",,,,,,Free Basic Rules (2014),https://files.d20.io/images/390068084/MBqlAt96w9b2iEuZR5PQgw/original.png
Rug of Smothering,Large,construct,Unaligned,12,33 (6d10),10 ft.,2,450,17,+3,14,+2,10,+0,1,-5,3,-4,1,-5,,,6,Blindsight 60 Ft. (Blind Beyond This Radius),,,,,"Poison, Psychic","Blinded, Charmed, Deafened, Frightened, Paralyzed, Petrified, Poisoned",,,,"Antimagic Susceptibility: The rug is incapacitated while in the area of an antimagic field. If targeted by dispel magic, the rug must succeed on a Constitution saving throw against the caster's spell save DC or fall unconscious for 1 minute. | Damage Transfer: While it is grappling a creature, the rug takes only half the damage dealt to it, and the creature grappled by the rug takes the other half. | False Appearance: While the rug remains motionless, it is indistinguishable from a normal rug.","Smother: On Hit: The creature is grappled escape DC 13. Until this grapple ends, the target is restrained, blinded, and at risk of suffocating, and the rug can't smother another target. In addition, at the start of each of the target's turns, the target takes 10 (2d6 + 3) bludgeoning damage.",,,,,,Free Basic Rules (2014),https://files.d20.io/images/390068095/lDYVcOiCiYseegdyAtFm_A/original.png
Rust Monster,Medium,monstrosity,Unaligned,14 (Natural Armor),27 (5d8+5),40 ft.,1/2,100,13,+1,12,+1,13,+1,2,-4,13,+1,6,-2,,,11,Darkvision 60 Ft.,,,,,,,,,,"Iron Scent: The rust monster can pinpoint, by scent, the location of ferrous metal within 30 feet of it. | Rust Metal: Any nonmagical weapon made of metal that hits the rust monster corrodes. After dealing damage, the weapon takes a permanent and cumulative -1 penalty to damage rolls. If its penalty drops to -5, the weapon is destroyed. Non magical ammunition made of metal that hits the rust monster is destroyed after dealing damage.","Bite:  | Antennae: The rust monster corrodes a nonmagical ferrous metal object it can see within 5 feet of it. If the object isn't being worn or carried, the touch destroys a 1-foot cube of it. If the object is being worn or carried by a creature, the creature can make a DC 11 Dexterity saving throw to avoid the rust monster's touch. If the object touched is either metal armor or a metal shield being worn or carried, its takes a permanent and cumulative -1 penalty to the AC it offers. Armor reduced to an AC of 10 or a shield that drops to a +0 bonus is destroyed. If the object touched is a held metal weapon, it rusts as described in the Rust Metal trait.",,,,,,Free Basic Rules (2014),https://files.d20.io/images/390068104/RLQ2wSm9gwsswiid3PuE8w/original.png
Saber-Toothed Tiger,Large,beast,Unaligned,12,52 (7d10 + 14),40 ft.,2,450,18,+4,14,+2,15,+2,3,-4,12,+1,8,-1,,"Perception +3, Stealth +6",13,,,,,,,,,,,"Keen Smell: The tiger has advantage on Wisdom (Perception) checks that rely on smell. | Pounce: If the tiger moves at least 20 feet straight toward a creature and then hits it with a claw attack on the same turn, that target must succeed on a DC 14 Strength saving throw or be knocked prone. If the target is prone, the tiger can make one bite attack against it as a bonus action.",Bite:  | Claw: ,,,,,,Free Basic Rules (2014),https://files.d20.io/images/390068117/sgjZ7SZlNSmUOCa1JkEmqg/original.png
Sahuagin,Medium,humanoid (sahuagin),Lawful Evil,12 (Natural Armor),22 (4d8+4),"30 ft., swim 40 ft.",1/2,100,13,+1,11,+0,12,+1,12,+1,13,+1,9,-1,,Perception +5,15,Darkvision 120 Ft.,Sahuagin,,,,,,,,,"Blood Frenzy: The sahuagin has advantage on melee attack rolls against any creature that doesn't have all its hit points. | Limited Amphibiousness: The sahuagin can breathe air and water, but it needs to be submerged at least once every 4 hours to avoid suffocating. | Shark Telepathy: The sahuagin can magically command any shark within 120 feet of it, using a limited telepathy.",Multiattack: The sahuagin makes two melee attacks: one with its bite and one with its claws or spear. | Bite:  | Claws:  | Spear: two handed | Spear:  | Spear: ,,,,,,Free Basic Rules (2014),https://files.d20.io/images/390068123/GrfLlaX82Mf4Ph8_1e1jXw/original.png
Salamander,Large,elemental,Neutral Evil,15 (Natural Armor),90 (12d10+24),30 ft.,5,"1,800",18,+4,14,+2,15,+2,11,+0,10,+0,12,+1,,,10,Darkvision 60 Ft.,Ignan,Cold,,"Bludgeoning, Piercing, and Slashing From Nonmagical Attacks",Fire,,,,,Heated Body: A creature that touches the salamander or hits it with a melee attack while within 5 ft. of it takes 7 (2d6) fire damage. | Heated Weapons: Any metal melee weapon the salamander wields deals an extra 3 (1d6) fire damage on a hit (included in the attack).,"Multiattack: The salamander makes two attacks: one with its spear and one with its tail. | Spear: two handed | Spear:  | Spear:  | Tail: The target is grappled (escape dc 14) Until this grapple ends, the target is restrained, the salamander can automatically hit the target with its tail, and the salamander can't make tail attacks against other targets",,,,,,Free Basic Rules (2014),https://files.d20.io/images/390068150/h67X9DFD5-6jeOx6wZAvYg/original.png
Satyr,Medium,fey,Chaotic Neutral,14 (Leather Armor),31 (7d8),40 ft.,1/2,100,12,+1,16,+3,11,+0,12,+1,10,+0,14,+2,,"Perception +2, Performance +6, Stealth +5",12,,"Common, Elvish, Sylvan",,,,,,,,,Magic Resistance: The satyr has advantage on saving throws against spells and other magical effects.,Ram:  | Shortsword:  | Shortbow: ,,,,,,Free Basic Rules (2014),https://files.d20.io/images/390068180/6LVrH-2U-bQDjQ-nhD47bw/original.png
Scorpion,Tiny,beast,Unaligned,11 (Natural Armor),1 (1d4-1),10 ft.,0,10,2,-4,11,+0,8,-1,1,-5,8,-1,2,-4,,,9,Blindsight 10 Ft.,,,,,,,,,,,"Sting: The target must make a DC 9 Constitution saving throw, taking the poison damage on a failed save, or half as much damage on a successful one.",,,,,,Free Basic Rules (2014),https://files.d20.io/images/390068499/-Vjf8m1Gn6mpTTQCFnqLdA/original.png
Scout,Medium,humanoid (any race),Any Alignment,13 (Leather Armor),16 (3d8+3),30 ft.,1/2,100,11,+0,14,+2,12,+1,11,+0,13,+1,11,+0,,"Nature +4, Perception +5, Stealth +6, Survival +5",15,,Any One Language (Usually Common),,,,,,,,,Keen Hearing and Sight: The scout has advantage on Wisdom (Perception) checks that rely on hearing or sight.,Multiattack: The scout makes two melee attacks or two ranged attacks. | Shortsword:  | Longbow: ,,,,,,Free Basic Rules (2014),https://files.d20.io/images/390068510/tTkfbiQd-uReIoZ-mq1pPQ/original.png
Sea Hag,Medium,fey,Chaotic Evil,14 (Natural Armor),52 (7d8+21),"30 ft., swim 40 ft.",2,450,16,+3,13,+1,16,+3,12,+1,12,+1,13,+1,,,11,Darkvision 60 Ft.,"Aquan, Common, Giant",,,,,,,,,"Amphibious: The hag can breathe air and water. | Horrific Appearance: Any humanoid that starts its turn within 30 feet of the hag and can see the hag's true form must make a DC 11 Wisdom saving throw. On a failed save, the creature is frightened for 1 minute. A creature can repeat the saving throw at the end of each of its turns, with disadvantage if the hag is within line of sight, ending the effect on itself on a success. If a creature's saving throw is successful or the effect ends for it, the creature is immune to the hag's Horrific Appearance for the next 24 hours. Unless the target is surprised or the revelation of the hag's true form is sudden, the target can avert its eyes and avoid making the initial saving throw. Until the start of its next turn, a creature that averts its eyes has disadvantage on attack rolls against the hag.","Claws:  | Death Glare: The hag targets one frightened creature she can see within 30 ft. of her. If the target can see the hag, it must succeed on a DC 11 Wisdom saving throw against this magic or drop to 0 hit points. | Illusory Appearance: The hag covers herself and anything she is wearing or carrying with a magical illusion that makes her look like an ugly creature of her general size and humanoid shape. The effect ends if the hag takes a bonus action to end it or if she dies. The changes wrought by this effect fail to hold up to physical inspection. For example, the hag could appear to have no claws, but someone touching her hand might feel the claws. Otherwise, a creature must take an action to visually inspect the illusion and succeed on a DC 16 Intelligence (Investigation) check to discern that the hag is disguised.",,,,,,Free Basic Rules (2014),https://files.d20.io/images/390068516/03SFxbAC_fr6seSVQGtKDg/original.png
Sea Horse,Tiny,beast,Unaligned,11,1 (1d4-1),Swim 20 ft.,0,10,1,-5,12,+1,8,-1,1,-5,10,+0,2,-4,,,10,,,,,,,,,,,Water Breathing: The sea horse can breathe only underwater.,,,,,,,Free Basic Rules (2014),https://files.d20.io/images/390068530/IwG11u43QYtFr48uiokYTw/original.png
Shadow,Medium,undead,Chaotic Evil,12,16 (3d8+3),40 ft.,1/2,100,6,-2,14,+2,13,+1,6,-2,10,+0,8,-1,,Stealth +4,10,Darkvision 60 Ft.,,Radiant,,"Acid, Cold, Fire, Lightning, Thunder; Bludgeoning, Piercing, and Slashing From Nonmagical Attacks","Necrotic, Poison","Exhaustion, Frightened, Grappled, Paralyzed, Petrified, Poisoned, Prone, Restrained",,,,"Amorphous: The shadow can move through a space as narrow as 1 inch wide without squeezing. | Shadow Stealth: While in dim light or darkness, the shadow can take the Hide action as a bonus action. Its stealth bonus is also improved to +6. | Sunlight Weakness: While in sunlight, the shadow has disadvantage on attack rolls, ability checks, and saving throws.","Strength Drain: The target's strength score is reduced by 1d4 The target dies if this reduces its Strength to 0. Otherwise, the reduction lasts until the target finishes a short or long rest. If a non-evil humanoid dies from this attack, a new shadow rises from the corpse 1d4 hours later",,,,,,Free Basic Rules (2014),https://files.d20.io/images/390068546/-W57R_wG2xzXY8AnJQE51g/original.png
Shambling Mound,Large,plant,Unaligned,15 (Natural Armor),136 (16d10+48),"20 ft., swim 20 ft.",5,"1,800",18,+4,8,-1,16,+3,5,-3,10,+0,5,-3,,Stealth +2,10,Blindsight 60 Ft. (Blind Beyond This Radius),,,,"Cold, Fire",Lightning,"Blinded, Deafened, Exhaustion",,,,"Lightning Absorption: Whenever the shambling mound is subjected to lightning damage, it takes no damage and regains a number of hit points equal to the lightning damage dealt.","Multiattack: The shambling mound makes two slam attacks. If both attacks hit a Medium or smaller target, the target is grappled (escape DC 14), and the shambling mound uses its Engulf on it. | Slam:  | Engulf: The shambling mound engulfs a Medium or smaller creature grappled by it. The engulfed target is blinded, restrained, and unable to breathe, and it must succeed on a DC 14 Constitution saving throw at the start of each of the mound's turns or take 13 (2d8 + 4) bludgeoning damage. If the mound moves, the engulfed target moves with it. The mound can have only one creature engulfed at a time.",,,,,,Free Basic Rules (2014),https://files.d20.io/images/390068557/6DVbu3Zyq4wR8jxWt64-jQ/original.png
Shield Guardian,Large,construct,Unaligned,17 (Natural Armor),142 (15d10+60),30 ft.,7,"2,900",18,+4,8,-1,18,+4,7,-2,10,+0,3,-4,,,10,"Blindsight 10 Ft., Darkvision 60 Ft.",Understands Commands Given In Any Language But Can't Speak,,,,Poison,"Charmed, Exhaustion, Frightened, Paralyzed, Poisoned",,,,"Bound: The shield guardian is magically bound to an amulet. As long as the guardian and its amulet are on the same plane of existence, the amulet's wearer can telepathically call the guardian to travel to it, and the guardian knows the distance and direction to the amulet. If the guardian is within 60 feet of the amulet's wearer, half of any damage the wearer takes (rounded up) is transferred to the guardian. | Regeneration: The shield guardian regains 10 hit points at the start of its turn if it has at least 1 hit. point. | Spell Storing: A spellcaster who wears the shield guardian's amulet can cause the guardian to store one spell of 4th level or lower. To do so, the wearer must cast the spell on the guardian. The spell has no effect but is stored within the guardian. When commanded to do so by the wearer or when a situation arises that was predefined by the spellcaster, the guardian casts the stored spell with any parameters set by the original caster, requiring no components. When the spell is cast or a new spell is stored, any previously stored spell is lost.",Multiattack: The guardian makes two fist attacks. | Fist: ,"Shield: When a creature makes an attack against the wearer of the guardian's amulet, the guardian grants a +2 bonus to the wearer's AC if the guardian is within 5 feet of the wearer.",,,,,Free Basic Rules (2014),https://files.d20.io/images/390068562/pcRbHttds2Ubj_BBwIxLYQ/original.png
Shrieker,Medium,plant,Unaligned,5,13 (3d8),0 ft.,0,10,1,-5,1,-5,10,+0,1,-5,3,-4,1,-5,,,6,Blindsight 30 Ft. (Blind Beyond This Radius),,,,,,"Blinded, Deafened, Frightened",,,,"False Appearance: While the shrieker remains motionless, it is indistinguishable from an ordinary fungus.","Shriek: When bright light or a creature is within 30 feet of the shrieker, it emits a shriek audible within 300 feet of it. The shrieker continues to shriek until the disturbance moves out of range and for 1d4 of the shrieker's turns afterward",,,,,,Free Basic Rules (2014),https://files.d20.io/images/390068576/3N6NHwYKR0rovy58pZS7aQ/original.png
Silver Dragon Wyrmling,Medium,dragon,Lawful Good,17 (Natural Armor),45 (6d8+18),"30 ft., fly 60 ft.",2,450,19,+4,10,+0,17,+3,12,+1,11,+0,15,+2,"Dex +2, Con +5, Wis +2, Cha +4","Perception +4, Stealth +2",14,"Blindsight 10 Ft., Darkvision 60 Ft.",Draconic,,,,Cold,,,,,,"Bite:  | Breath Weapons (Recharge 5-6): The dragon uses one of the following breath weapons. Cold Breath. The dragon exhales an icy blast in a 15-foot cone. Each creature in that area must make a DC 13 Constitution saving throw, taking 18 (4d8) cold damage on a failed save, or half as much damage on a successful one. Paralyzing Breath. The dragon exhales paralyzing gas in a 15-foot cone. Each creature in that area must succeed on a DC 13 Constitution saving throw or be paralyzed for 1 minute. A creature can repeat the saving throw at the end of each of its turns, ending the effect on itself on a success.",,,,,,Free Basic Rules (2014),https://files.d20.io/images/390068843/dbSQQNilIuMLHpYuxzMVGA/original.png
Skeleton,Medium,undead,Lawful Evil,13 (Armor Scraps),13 (2d8+4),30 ft.,1/4,50,10,+0,14,+2,15,+2,6,-2,8,-1,5,-3,,,9,Darkvision 60 Ft.,Understands All Languages It Spoke In Life But Can't Speak,Bludgeoning,,,Poison,"Exhaustion, Poisoned",,,,,Shortsword:  | Shortbow: ,,,,,,Free Basic Rules (2014),https://files.d20.io/images/390068858/FRFwApRFZNxDqLgbKiBOvg/original.png
Solar,Large,celestial,Lawful Good,21 (Natural Armor),243 (18d10+144),"50 ft., fly 150 ft.",21,"33,000",26,+8,22,+6,26,+8,25,+7,25,+7,30,+10,"Int +14, Wis +14, Cha +17",Perception +14,24,Truesight 120 Ft.,"All, Telepathy 120 Ft.",,,"Radiant; Bludgeoning, Piercing, and Slashing From Nonmagical Attacks","Necrotic, Poison","Charmed, Exhaustion, Frightened, Poisoned",,,,"Angelic Weapons: The solar's weapon attacks are magical. When the solar hits with any weapon, the weapon deals an extra 6d8 radiant damage (included in the attack). | Divine Awareness: The solar knows if it hears a lie. | Innate Spellcasting: The solar's spell casting ability is Charisma (spell save DC 25). It can innately cast the following spells, requiring no material components:  At will: detect evil and good, invisibility (self only) 3/day each: blade barrier, dispel evil and good, resurrection 1/day each: commune, control weather | Magic Resistance: The solar has advantage on saving throws against spells and other magical effects.","Multiattack: The solar makes two greatsword attacks. | Greatsword:  | Slaying Longbow: If the target is a creature that has 100 hit points or fewer, it must succeed on a DC 15 Constitution saving throw or die | Flying Sword: The solar releases its greatsword to hover magically in an unoccupied space within 5 ft. of it. If the solar can see the sword, the solar can mentally command it as a bonus action to fly up to 50 ft. and either make one attack against a target or return to the solar's hands. If the hovering sword is targeted by any effect, the solar is considered to be holding it. The hovering sword falls if the solar dies. | Healing Touch (4/Day): The solar touches another creature. The target magically regains 40 (8d8 + 4) hit points and is freed from any curse, disease, poison, blindness, or deafness.",,,"Teleport: The solar magically teleports, along with any equipment it is wearing or carrying, up to 120 ft. to an unoccupied space it can see. | Searing Burst (Costs 2 Actions): The solar emits magical, divine energy. Each creature of its choice in a 10 -foot radius must make a DC 23 Dexterity saving throw, taking 14 (4d6) fire damage plus 14 (4d6) radiant damage on a failed save, or half as much damage on a successful one. | Blinding Gaze (Costs 3 Actions): The solar targets one creature it can see within 30 ft. of it. If the target can see it, the target must succeed on a DC 15 Constitution saving throw or be blinded until magic such as the lesser restoration spell removes the blindness.",3,,Free Basic Rules (2014),https://files.d20.io/images/391961341/wdKo5a35_bDPRAuHyVgO2g/original.png
Specter,Medium,undead,Chaotic Evil,12,22 (5d8),"0 ft., fly 50 ft. (hover)",1,200,1,-5,14,+2,11,+0,10,+0,10,+0,11,+0,,,10,Darkvision 60 Ft.,Understands All Languages It Knew In Life But Can't Speak,,,"Acid, Cold, Fire, Lightning, Thunder; Bludgeoning, Piercing, and Slashing From Nonmagical Attacks","Necrotic, Poison","Charmed, Exhaustion, Grappled, Paralyzed, Petrified, Poisoned, Prone, Restrained, Unconscious",,,,"Incorporeal Movement: The specter can move through other creatures and objects as if they were difficult terrain. It takes 5 (1d10) force damage if it ends its turn inside an object. | Sunlight Sensitivity: While in sunlight, the specter has disadvantage on attack rolls, as well as on Wisdom (Perception) checks that rely on sight.",Life Drain: The target must succeed on a DC 10 Constitution saving throw or its hit point maximum is reduced by an amount equal to the damage taken. This reduction lasts until the creature finishes a long rest. The target dies if this effect reduces its hit point maximum to 0,,,,,,Free Basic Rules (2014),https://files.d20.io/images/390068880/7H911hA-avXtiN2fb905jw/original.png
Spider,Tiny,beast,Unaligned,12,1 (1d4-1),"20 ft., climb 20 ft.",0,10,2,-4,14,+2,8,-1,1,-5,10,+0,2,-4,,Stealth +4,12,Darkvision 30 Ft.,,,,,,,,,,"Spider Climb: The spider can climb difficult surfaces, including upside down on ceilings, without needing to make an ability check. | Web Sense: While in contact with a web, the spider knows the exact location of any other creature in contact with the same web. | Web Walker: The spider ignores movement restrictions caused by webbing.",Bite: The target must succeed on a DC 9 Constitution saving throw or take the poison damage.,,,,,,Free Basic Rules (2014),https://files.d20.io/images/390068900/GlPrLlr39OpXuvwGfcVZDA/original.png
Spirit Naga,Large,monstrosity,Chaotic Evil,15 (Natural Armor),75 (10d10+20),40 ft.,8,"3,900",18,+4,17,+3,14,+2,16,+3,15,+2,16,+3,"Dex +6, Con +5, Wis +5, Cha +6",,12,Darkvision 60 Ft.,"Abyssal, Common",,,,Poison,"Charmed, Poisoned",,,,"Rejuvenation: If it dies, the naga returns to life in 1d6 days and regains all its hit points. Only a wish spell can prevent this trait from functioning. | Spellcasting: The naga is a 10th-level spellcaster. Its spellcasting ability is Intelligence (spell save DC 14, +6 to hit with spell attacks), and it needs only verbal components to cast its spells. It has the following wizard spells prepared:   • Cantrips (at will): mage hand, minor illusion, ray of frost • 1st level (4 slots): charm person, detect magic, sleep • 2nd level (3 slots): detect thoughts, hold person • 3rd level (3 slots): lightning bolt, water breathing • 4th level (3 slots): blight, dimension door • 5th level (2 slots): dominate person","Bite: The target must make a DC 13 Constitution saving throw, taking the poison damage on a failed save, or half as much damage on a successful one.",,,,,,Free Basic Rules (2014),https://files.d20.io/images/390068919/T038hwl1CQXi-aMRQ0loJQ/original.png
Sprite,Tiny,fey,Neutral Good,15 (Leather Armor),2 (1d4),"10 ft., fly 40 ft.",1/4,50,3,-4,18,+4,10,+0,14,+2,13,+1,11,+0,,"Perception +3, Stealth +8",13,,"Common, Elvish, Sylvan",,,,,,,,,,"Longsword:  | Shortbow: The target must succeed on a dc 10 constitution saving throw or become poisoned for 1 minute If its saving throw result is 5 or lower, the poisoned target falls unconscious for the same duration, or until it takes damage or another creature takes an action to shake it awake | Heart Sight: The sprite touches a creature and magically knows the creature's current emotional state. If the target fails a DC 10 Charisma saving throw, the sprite also knows the creature's alignment. Celestials, fiends, and undead automatically fail the saving throw. | Invisibility: The sprite magically turns invisible until it attacks or casts a spell, or until its concentration ends (as if concentrating on a spell). Any equipment the sprite wears or carries is invisible with it.",,,,,,Free Basic Rules (2014),https://files.d20.io/images/391961341/wdKo5a35_bDPRAuHyVgO2g/original.png
Spy,Medium,humanoid (any race),Any Alignment,12,27 (6d8),30 ft.,1,200,10,+0,15,+2,10,+0,12,+1,14,+2,16,+3,,"Deception +5, Insight +4, Investigation +5, Perception +6, Persuasion +5, Sleight Of Hand +4, Stealth +4",16,,Any Two Languages,,,,,,,,,"Cunning Action: On each of its turns, the spy can use a bonus action to take the Dash, Disengage, or Hide action. | Sneak Attack (1/Turn): The spy deals an extra 7 (2d6) damage when it hits a target with a weapon attack and has advantage on the attack roll, or when the target is within 5 ft. of an ally of the spy that isn't incapacitated and the spy doesn't have disadvantage on the attack roll.",Multiattack: The spy makes two melee attacks. | Shortsword:  | Hand Crossbow: ,,,,,,Free Basic Rules (2014),https://files.d20.io/images/390068928/WrP6pN6_K0VnT5StzZNNpg/original.png
Steam Mephit,Small,elemental,Neutral Evil,10,21 (6d6),"30 ft., fly 30 ft.",1/4,50,5,-3,11,+0,10,+0,11,+0,10,+0,12,+1,,,10,Darkvision 60 Ft.,"Aquan, Ignan",,,,"Fire, Poison",Poisoned,,,,"Death Burst: When the mephit dies, it explodes in a cloud of steam. Each creature within 5 ft. of the mephit must succeed on a DC 10 Dexterity saving throw or take 4 (1d8) fire damage. | Innate Spellcasting (1/Day): The mephit can innately cast blur, requiring no material components. Its innate spellcasting ability is Charisma.","Claws:  | Steam Breath (Recharge 6): The mephit exhales a 15-foot cone of scalding steam. Each creature in that area must succeed on a DC 10 Dexterity saving throw, taking 4 (1d8) fire damage on a failed save, or half as much damage on a successful one.",,,,,,Free Basic Rules (2014),https://files.d20.io/images/390068942/DAPnhZIcQdrde4sdyC96iA/original.png
Stirge,Tiny,beast,Unaligned,14 (Natural Armor),2 (1d4),"10 ft., fly 40 ft.",1/8,25,4,-3,16,+3,11,+0,2,-4,8,-1,6,-2,,,9,Darkvision 60 Ft.,,,,,,,,,,,"Blood Drain: The stirge attaches to the target While attached, the stirge doesn't attack. Instead, at the start of each of the stirge's turns, the target loses 5 (1d4 + 3) hit points due to blood loss. The stirge can detach itself by spending 5 feet of its movement. It does so after it drains 10 hit points of blood from the target or the target dies. A creature, including the target, can use its action to detach the stirge",,,,,,Free Basic Rules (2014),https://files.d20.io/images/390068952/AeYcq4MKNYAoutiA8njvBw/original.png
Stone Giant,Huge,giant,Neutral,17 (Natural Armor),126 (11d12+55),40 ft.,7,"2,900",23,+6,15,+2,20,+5,10,+0,12,+1,9,-1,"Dex +5, Con +8, Wis +4","Athletics +12, Perception +4",14,Darkvision 60 Ft.,Giant,,,,,,,,,Stone Camouflage: The giant has advantage on Dexterity (Stealth) checks made to hide in rocky terrain.,"Multiattack: The giant makes two greatclub attacks. | Greatclub:  | Rock: If the target is a creature, it must succeed on a DC 17 Strength saving throw or be knocked prone","Rock Catching: If a rock or similar object is hurled at the giant, the giant can, with a successful DC 10 Dexterity saving throw, catch the missile and take no bludgeoning damage from it.",,,,,Free Basic Rules (2014),https://files.d20.io/images/391961341/wdKo5a35_bDPRAuHyVgO2g/original.png
Stone Golem,Large,construct,Unaligned,17 (Natural Armor),178 (17d10+85),30 ft.,10,"5,900",22,+6,9,-1,20,+5,3,-4,11,+0,1,-5,,,10,Darkvision 120 Ft.,Understands The Languages Of Its Creator But Can't Speak,,,,"Poison, Psychic; Bludgeoning, Piercing, and Slashing From Nonmagical Attacks That Aren't Adamantine","Charmed, Exhaustion, Frightened, Paralyzed, Petrified, Poisoned",,,,Immutable Form: The golem is immune to any spell or effect that would alter its form. | Magic Resistance: The golem has advantage on saving throws against spells and other magical effects. | Magic Weapons: The golem's weapon attacks are magical.,"Multiattack: The golem makes two slam attacks. | Slam:  | Slow (Recharge 5-6): The golem targets one or more creatures it can see within 10 ft. of it. Each target must make a DC 17 Wisdom saving throw against this magic. On a failed save, a target can't use reactions, its speed is halved, and it can't make more than one attack on its turn. In addition, the target can take either an action or a bonus action on its turn, not both. These effects last for 1 minute. A target can repeat the saving throw at the end of each of its turns, ending the effect on itself on a success.",,,,,,Free Basic Rules (2014),https://files.d20.io/images/390068967/5SchkrhUXM8HUDJe2VitUA/original.png
Storm Giant,Huge,giant,Chaotic Good,16 (Scale Mail),230 (20d12+100),"50 ft., swim 50 ft.",13,"10,000",29,+9,14,+2,20,+5,16,+3,18,+4,18,+4,"Str +14, Con +10, Wis +9, Cha +9","Arcana +8, Athletics +14, History +8, Perception +9",19,,"Common, Giant",,,Cold,"Lightning, Thunder",,,,,"Amphibious: The giant can breathe air and water. | Innate Spellcasting: The giant's innate spellcasting ability is Charisma (spell save DC 17). It can innately cast the following spells, requiring no material components:   At will: detect magic, feather fall, levitate, light 3/day each: control weather, water breathing","Multiattack: The giant makes two greatsword attacks. | Greatsword:  | Rock:  | Lightning Strike (Recharge 5-6): The giant hurls a magical lightning bolt at a point it can see within 500 feet of it. Each creature within 10 feet of that point must make a DC 17 Dexterity saving throw, taking 54 (12d8) lightning damage on a failed save, or half as much damage on a successful one.",,,,,,Free Basic Rules (2014),https://files.d20.io/images/390068999/yChyXK2Dh5uR_zwKMqGbiQ/original.png
Succubus,Medium,Fiend (Shapechanger),Neutral Evil,15 (Natural Armor),66 (12d8 + 12),"30 ft., fly 60 ft.",4,"1,100",8,-1,17,+3,13,+1,15,+2,12,+1,20,+5,,"Deception +9, Insight +5, Perception +5, Persuasion +9, Stealth +7",15,Darkvision 60 ft.,"Abyssal, Common, Infernal, Telepathy 60 ft.",,,"Cold, Fire, Lightning, Poison; Bludgeoning, Piercing, and Slashing from Nonmagical Attacks",,,,,,"Telepathic Bond: The fiend ignores the range restriction on its telepathy when communicating with a creature it has charmed. The two don’t even need to be on the same plane of existence. | Shapechanger: The fiend can use its action to polymorph into a Small or Medium humanoid, or back into its true form. Without wings, the fiend loses its flying speed. Other than its size and speed, its statistics are the same in each form. Any equipment it is wearing or carrying isn’t transformed. It reverts to its true form if it dies.","Claw (Fiend Form Only):  | Charm: One humanoid the fiend can see within 30 feet of it must succeed on a DC 15 Wisdom saving throw or be magically charmed for 1 day. The charmed target obeys the fiend’s verbal or telepathic commands. If the target suffers any harm or receives a suicidal command, it can repeat the saving throw, ending the effect on a success. If the target successfully saves against the effect, or if the effect on it ends, the target is immune to this fiend’s Charm for the next 24 hours.  
	The fiend can have only one target charmed at a time. If it charms another, the effect on the previous target ends. | Draining Kiss: The fiend kisses a creature charmed by it or a willing creature. The target must make a DC 15 Constitution saving throw against this magic, taking 32 (5d10 + 5) psychic damage on a failed save, or half as much damage on a successful one. The target’s hit point maximum is reduced by an amount equal to the damage taken. This reduction lasts until the target finishes a long rest. The target dies if this effect reduces its hit point maximum to 0. | Etherealness: The fiend magically enters the Ethereal Plane from the Material Plane, or vice versa.",,,,,,Free Basic Rules (2014),https://files.d20.io/images/390116029/TIQdEzxKXzuHIJwuFYb9ng/original.png
Succubus (Incubus),Medium,fiend (shapechanger),Neutral Evil,15 (Natural Armor),66 (12d8+12),"30 ft., fly 60 ft.",4,"1,100",8,-1,17,+3,13,+1,15,+2,12,+1,20,+5,,"Deception +9, Insight +5, Perception +5, Persuasion +9, Stealth +7",15,Darkvision 60 Ft.,"Abyssal, Common, Infernal, Telepathy 60 Ft.",,,"Cold, Fire, Lightning, Poison; Bludgeoning, Piercing, And Slashing From Nonmagical Weapons",,,,,,"Telepathic Bond: The fiend ignores the range restriction on its telepathy when communicating with a creature it has charmed. The two don't even need to be on the same plane of existence. | Shapechanger: The fiend can use its action to polymorph into a Small or Medium humanoid, or back into its true form. Without wings, the fiend loses its flying speed. Other than its size and speed, its statistics are the same in each form. Any equipment it is wearing or carrying isn't transformed. It reverts to its true form if it dies.","Claw (Fiend Form Only):  | Charm: One humanoid the fiend can see within 30 feet of it must succeed on a DC 15 Wisdom saving throw or be magically charmed for 1 day. The charmed target obeys the fiend's verbal or telepathic commands. If the target suffers any harm or receives a suicidal command, it can repeat the saving throw, ending the effect on a success. If the target successfully saves against the effect, or if the effect on it ends, the target is immune to this fiend's Charm for the next 24 hours. The fiend can have only one target charmed at a time. If it charms another, the effect on the previous target ends. | Draining Kiss: The fiend kisses a creature charmed by it or a willing creature. The target must make a DC 15 Constitution saving throw against this magic, taking 32 (5d10 + 5) psychic damage on a failed save, or half as much damage on a successful one. The target's hit point maximum is reduced by an amount equal to the damage taken. This reduction lasts until the target finishes a long rest. The target dies if this effect reduces its hit point maximum to 0. | Etherealness: The fiend magically enters the Ethereal Plane from the Material Plane, or vice versa.",,,,,,Free Basic Rules (2014),https://files.d20.io/images/390056088/BcZvjMuc0hTOQOzbegYobw/original.png
Swarm of Bats,Medium,swarm of tiny beasts,Unaligned,12,22 (5d8),"0 ft., fly 30 ft.",1/4,50,5,-3,15,+2,10,+0,2,-4,12,+1,4,-3,,,11,Blindsight 60 Ft.,,,,"Bludgeoning, Piercing, Slashing",,"Charmed, Frightened, Grappled, Paralyzed, Petrified, Prone, Restrained, Stunned",,,,"Echolocation: The swarm can't use its blindsight while deafened. | Keen Hearing: The swarm has advantage on Wisdom (Perception) checks that rely on hearing. | Swarm: The swarm can occupy another creature's space and vice versa, and the swarm can move through any opening large enough for a Tiny bat. The swarm can't regain hit points or gain temporary hit points.",Bites (swarm has more than half HP):  | Bites (swarm has half HP or less): ,,,,,,Free Basic Rules (2014),https://files.d20.io/images/390116052/fo8uvjWunwUK3epZ1c_O4Q/original.png
Swarm of Beetles,Medium,swarm of tiny beasts,Unaligned,12 (Natural Armor),22 (5d8),"20 ft., burrow 5 ft., climb 20 ft.",1/2,100,3,-4,13,+1,10,+0,1,-5,7,-2,1,-5,,,8,Blindsight 10 Ft.,,,,"Bludgeoning, Piercing, Slashing",,"Charmed, Frightened, Grappled, Paralyzed, Petrified, Prone, Restrained, Stunned",,,,"Swarm: The swarm can occupy another creature's space and vice versa, and the swarm can move through any opening large enough for a Tiny insect. The swarm can't regain hit points or gain temporary hit points.",Bites (swarm has more than half HP):  | Bites (swarm has half HP or less): ,,,,,,Free Basic Rules (2014),https://files.d20.io/images/390116058/i445GKrMog0MnRUHGKeXKw/original.png
Swarm of Centipedes,Medium,swarm of tiny beasts,Unaligned,12 (Natural Armor),22 (5d8),"20 ft., climb 20 ft.",1/2,100,3,-4,13,+1,10,+0,1,-5,7,-2,1,-5,,,8,Blindsight 10 Ft.,,,,"Bludgeoning, Piercing, Slashing",,"Charmed, Frightened, Grappled, Paralyzed, Petrified, Prone, Restrained, Stunned",,,,"Swarm: The swarm can occupy another creature's space and vice versa, and the swarm can move through any opening large enough for a Tiny insect. The swarm can't regain hit points or gain temporary hit points.","Bites (swarm has more than half HP): A creature reduced to 0 hit points by a swarm of centipedes is stable but poisoned for 1 hour, even after regaining hit points, and paralyzed while poisoned in this way | Bites (swarm has half HP or less): A creature reduced to 0 hit points by a swarm of centipedes is stable but poisoned for 1 hour, even after regaining hit points, and paralyzed while poisoned in this way",,,,,,Free Basic Rules (2014),https://files.d20.io/images/390116063/PjBfy6ZMpwYurKSkPd0ODg/original.png
Swarm of Insects,Medium,swarm of tiny beasts,Unaligned,12 (Natural Armor),22 (5d8),"20 ft., climb 20 ft.",1/2,100,3,-4,13,+1,10,+0,1,-5,7,-2,1,-5,,,8,Blindsight 10 Ft.,,,,"Bludgeoning, Piercing, Slashing",,"Charmed, Frightened, Grappled, Paralyzed, Petrified, Prone, Restrained, Stunned",,,,"Swarm: The swarm can occupy another creature's space and vice versa, and the swarm can move through any opening large enough for a Tiny insect. The swarm can't regain hit points or gain temporary hit points.",Bites (swarm has more than half HP):  | Bites (swarm has half HP or less): ,,,,,,Free Basic Rules (2014),https://files.d20.io/images/390116069/KfJYcVcUH1zizfLfAL3xQQ/original.png
Swarm of Poisonous Snakes,Medium,swarm of tiny beasts,Unaligned,14,36 (8d8),"30 ft., swim 30 ft.",2,450,8,-1,18,+4,11,+0,1,-5,10,+0,3,-4,,,10,Blindsight 10 Ft.,,,,"Bludgeoning, Piercing, Slashing",,"Charmed, Frightened, Grappled, Paralyzed, Petrified, Prone, Restrained, Stunned",,,,"Swarm: The swarm can occupy another creature's space and vice versa, and the swarm can move through any opening large enough for a Tiny snake. The swarm can't regain hit points or gain temporary hit points.","Bites (swarm has more than half HP): The target must make a DC 10 Constitution saving throw, taking 14 (4d6) poison damage on a failed save, or half as much damage on a successful one. | Bites (swarm has half HP or less): The target must make a DC 10 Constitution saving throw, taking 14 (4d6) poison damage on a failed save, or half as much damage on a successful one.",,,,,,Free Basic Rules (2014),https://files.d20.io/images/390116217/Ucv8wEMmOx97nCeM1aBsgg/original.png
Swarm of Quippers,Medium,swarm of tiny beasts,Unaligned,13,28 (8d8-8),"0 ft., swim 40 ft.",1,200,13,+1,16,+3,9,-1,1,-5,7,-2,2,-4,,,8,Darkvision 60 Ft.,,,,"Bludgeoning, Piercing, Slashing",,"Charmed, Frightened, Grappled, Paralyzed, Petrified, Prone, Restrained, Stunned",,,,"Blood Frenzy: The swarm has advantage on melee attack rolls against any creature that doesn't have all its hit points. | Swarm: The swarm can occupy another creature's space and vice versa, and the swarm can move through any opening large enough for a Tiny quipper. The swarm can't regain hit points or gain temporary hit points. | Water Breathing: The swarm can breathe only underwater.",Bites (swarm has more than half HP):  | Bites (swarm has half HP or less): ,,,,,,Free Basic Rules (2014),https://files.d20.io/images/390116136/TsFjoXbg3VnVpH1Q8imdtg/original.png
Swarm of Rats,Medium,swarm of tiny beasts,Unaligned,10,24 (7d8-7),30 ft.,1/4,50,9,-1,11,+0,9,-1,2,-4,10,+0,3,-4,,,10,Darkvision 30 Ft.,,,,"Bludgeoning, Piercing, Slashing",,"Charmed, Frightened, Grappled, Paralyzed, Petrified, Prone, Restrained, Stunned",,,,"Keen Smell: The swarm has advantage on Wisdom (Perception) checks that rely on smell. | Swarm: The swarm can occupy another creature's space and vice versa, and the swarm can move through any opening large enough for a Tiny rat. The swarm can't regain hit points or gain temporary hit points.",Bites (swarm has more than half HP):  | Bites (swarm has half HP or less): ,,,,,,Free Basic Rules (2014),https://files.d20.io/images/390116144/PmN1NqEQ2iUXF2kGONtHog/original.png
Swarm of Ravens,Medium,swarm of tiny beasts,Unaligned,12,24 (7d8-7),"10 ft., fly 50 ft.",1/4,50,6,-2,14,+2,8,-1,3,-4,12,+1,6,-2,,,15,,,,,"Bludgeoning, Piercing, Slashing",,"Charmed, Frightened, Grappled, Paralyzed, Petrified, Prone, Restrained, Stunned",,,,"Swarm: The swarm can occupy another creature's space and vice versa, and the swarm can move through any opening large enough for a Tiny raven. The swarm can't regain hit points or gain temporary hit points.",Beaks (swarm has more than half HP):  | Beaks (swarm has half HP or less): ,,,,,,Free Basic Rules (2014),https://files.d20.io/images/390116153/FDWfPC0ZZcsrNdKTWZ6MeA/original.png
Swarm of Spiders,Medium,swarm of tiny beasts,Unaligned,12 (Natural Armor),22 (5d8),"20 ft., climb 20 ft.",1/2,100,3,-4,13,+1,10,+0,1,-5,7,-2,1,-5,,,8,Blindsight 10 Ft.,,,,"Bludgeoning, Piercing, Slashing",,"Charmed, Frightened, Paralyzed, Petrified, Prone, Restrained, Stunned",,,,"Swarm: The swarm can occupy another creature's space and vice versa, and the swarm can move through any opening large enough for a Tiny insect. The swarm can't regain hit points or gain temporary hit points. | Spider Climb: The swarm can climb difficult surfaces, including upside down on ceilings, without needing to make an ability check. | Web Sense: While in contact with a web, the swarm knows the exact location of any other creature in contact with the same web. | Web Walker: The swarm ignores movement restrictions caused by webbing.",Bites (swarm has more than half HP):  | Bites (swarm has half HP or less): ,,,,,,Free Basic Rules (2014),https://files.d20.io/images/390116313/Y7R1Cci3hjEN-A7Cc1AhrA/original.png
Swarm of Wasps,Medium,swarm of tiny beasts,Unaligned,12 (Natural Armor),22 (5d8),"5 ft., fly 30 ft.",1/2,100,3,-4,13,+1,10,+0,1,-5,7,-2,1,-5,,,8,Blindsight 10 Ft.,,,,"Bludgeoning, Piercing, Slashing",,"Charmed, Frightened, Grappled, Paralyzed, Petrified, Prone, Restrained, Stunned",,,,"Swarm: The swarm can occupy another creature's space and vice versa, and the swarm can move through any opening large enough for a Tiny insect. The swarm can't regain hit points or gain temporary hit points.",Bites (swarm has more than half HP):  | Bites (swarm has half HP or less): ,,,,,,Free Basic Rules (2014),https://files.d20.io/images/390116320/r1VSVVb6lc7W1oUk5JnlBQ/original.png
Tarrasque,Gargantuan,monstrosity (titan),Unaligned,25 (Natural Armor),676 (33d20+330),40 ft.,30,"155,000",30,+10,11,+0,30,+10,3,-4,11,+0,11,+0,"Int +5, Wis +9, Cha +9",,10,Blindsight 120 Ft.,,,,,"Fire, Poison; Bludgeoning, Piercing, and Slashing From Nonmagical Attacks","Charmed, Frightened, Paralyzed, Poisoned",,,,"Legendary Resistance (3/Day): If the tarrasque fails a saving throw, it can choose to succeed instead. | Magic Resistance: The tarrasque has advantage on saving throws against spells and other magical effects. | Reflective Carapace: Any time the tarrasque is targeted by a magic missile spell, a line spell, or a spell that requires a ranged attack roll, roll a d6. On a 1 to 5, the tarrasque is unaffected. On a 6, the tarrasque is unaffected, and the effect is reflected back at the caster as though it originated from the tarrasque, turning the caster into the target. | Siege Monster: The tarrasque deals double damage to objects and structures.","Multiattack: The tarrasque can use its Frightful Presence. It then makes five attacks: one with its bite, two with its claws, one with its horns, and one with its tai l. It can use its Swallow instead of its bite. | Bite: If the target is a creature, it is grappled (escape DC 20). Until this grapple ends, the target is restrained, and the tarrasque can't bite another target | Claw:  | Horns:  | Tail: If the target is a creature, it must succeed on a DC 20 Strength saving throw or be knocked prone | Frightful Presence: Each creature of the tarrasque's choice within 120 feet of it and aware of it must succeed on a DC 17 Wisdom saving throw or become frightened for 1 minute. A creature can repeat the saving throw at the end of each of its turns, with disadvantage if the tarrasque is within line of sight, ending the effect on itself on a success. If a creature's saving throw is successful or the effect ends for it, the creature is immune to the tarrasque's Frightful Presence for the next 24 hours. | Swallow: The tarrasque makes one bite attack against a Large or smaller creature it is grappling. If the attack hits, the target takes the bite's damage, the target is swallowed, and the grapple ends. While swallowed, the creature is blinded and restrained, it has total cover against attacks and other effects outside the tarrasque, and it takes 56 (16d6) acid damage at the start of each of the tarrasque's turns. If the tarrasque takes 60 damage or more on a single turn from a creature inside it, the tarrasque must succeed on a DC 20 Constitution saving throw at the end of that turn or regurgitate all swallowed creatures, which fall prone in a space within 10 feet of the tarrasque. If the tarrasque dies, a swallowed creature is no longer restrained by it and can escape from the corpse by using 30 feet of movement, exiting prone.",,,Attack: The tarrasque makes one claw attack or tail attack. | Move: The tarrasque moves up to half its speed. | Chomp (Costs 2 Actions): The tarrasque makes one bite attack or uses its Swallow.,3,,Free Basic Rules (2014),https://files.d20.io/images/391961341/wdKo5a35_bDPRAuHyVgO2g/original.png
Thug,Medium,humanoid (any race),Any Non-good Alignment,11 (Leather Armor),32 (5d8+10),30 ft.,1/2,100,15,+2,11,+0,14,+2,10,+0,10,+0,11,+0,,Intimidation +2,10,,Any One Language (Usually Common),,,,,,,,,Pack Tactics: The thug has advantage on an attack roll against a creature if at least one of the thug's allies is within 5 ft. of the creature and the ally isn't incapacitated.,Multiattack: The thug makes two melee attacks. | Mace:  | Heavy Crossbow: ,,,,,,Free Basic Rules (2014),https://files.d20.io/images/390116332/rbAHhU48WK0-FQ5B_mv2Pg/original.png
Tiger,Large,beast,Unaligned,12,37 (5d10+10),40 ft.,1,200,17,+3,15,+2,14,+2,3,-4,12,+1,8,-1,,"Perception +3, Stealth +6",13,Darkvision 60 Ft.,,,,,,,,,,"Keen Smell: The tiger has advantage on Wisdom (Perception) checks that rely on smell. | Pounce: If the tiger moves at least 20 ft. straight toward a creature and then hits it with a claw attack on the same turn, that target must succeed on a DC 13 Strength saving throw or be knocked prone. If the target is prone, the tiger can make one bite attack against it as a bonus action.",Bite:  | Claw: ,,,,,,Free Basic Rules (2014),https://files.d20.io/images/390116341/Kd2d0GfWf4EnMahsIZMzxg/original.png
Treant,Huge,plant,Chaotic Good,16 (Natural Armor),138 (12d12+60),30 ft.,9,"5,000",23,+6,8,-1,21,+5,12,+1,16,+3,12,+1,,,13,,"Common, Druidic, Elvish, Sylvan",Fire,,"Bludgeoning, Piercing",,,,,,"False Appearance: While the treant remains motionless, it is indistinguishable from a normal tree. | Siege Monster: The treant deals double damage to objects and structures.","Multiattack: The treant makes two slam attacks. | Slam:  | Rock:  | Animate Trees (1/Day): The treant magically animates one or two trees it can see within 60 feet of it. These trees have the same statistics as a treant, except they have Intelligence and Charisma scores of 1, they can't speak, and they have only the Slam action option. An animated tree acts as an ally of the treant. The tree remains animate for 1 day or until it dies; until the treant dies or is more than 120 feet from the tree; or until the treant takes a bonus action to turn it back into an inanimate tree. The tree then takes root if possible.",,,,,,Free Basic Rules (2014),https://files.d20.io/images/390116352/QOiKAHhLLsA_kKvL6Fj_ww/original.png
Tribal Warrior,Medium,humanoid (any race),Any Alignment,12 (Hide Armor),11 (2d8+2),30 ft.,1/8,25,13,+1,11,+0,12,+1,8,-1,11,+0,8,-1,,,10,,Any One Language,,,,,,,,,Pack Tactics: The warrior has advantage on an attack roll against a creature if at least one of the warrior's allies is within 5 ft. of the creature and the ally isn't incapacitated.,Spear: two handed | Spear:  | Spear: ,,,,,,Free Basic Rules (2014),https://files.d20.io/images/391961341/wdKo5a35_bDPRAuHyVgO2g/original.png
Triceratops,Huge,beast,Unaligned,13 (Natural Armor),95 (10d12+30),50 ft.,5,"1,800",22,+6,9,-1,17,+3,2,-4,11,+0,5,-3,,,10,,,,,,,,,,,"Trampling Charge: If the triceratops moves at least 20 ft. straight toward a creature and then hits it with a gore attack on the same turn, that target must succeed on a DC 13 Strength saving throw or be knocked prone. If the target is prone, the triceratops can make one stomp attack against it as a bonus action.",Gore:  | Stomp: ,,,,,,Free Basic Rules (2014),https://files.d20.io/images/390116360/mulc4jBUls0_N3i5hooHKg/original.png
Troll,Large,giant,Chaotic Evil,15 (Natural Armor),84 (8d10+40),30 ft.,5,"1,800",18,+4,13,+1,20,+5,7,-2,9,-1,7,-2,,Perception +2,12,Darkvision 60 Ft.,Giant,,,,,,,,,"Keen Smell: The troll has advantage on Wisdom (Perception) checks that rely on smell. | Regeneration: The troll regains 10 hit points at the start of its turn. If the troll takes acid or fire damage, this trait doesn't function at the start of the troll's next turn. The troll dies only if it starts its turn with 0 hit points and doesn't regenerate.",Multiattack: The troll makes three attacks: one with its bite and two with its claws. | Bite:  | Claw: ,,,,,,Free Basic Rules (2014),https://files.d20.io/images/390116370/gNl4cSclpNc3Y-ygxdNuQQ/original.png
Tyrannosaurus Rex,Huge,beast,Unaligned,13 (Natural Armor),136 (13d12+52),50 ft.,8,"3,900",25,+7,10,+0,19,+4,2,-4,12,+1,9,-1,,Perception +4,14,,,,,,,,,,,,"Multiattack: The tyrannosaurus makes two attacks: one with its bite and one with its tail. It can't make both attacks against the same target. | Bite: If the target is a Medium or smaller creature, it is grappled (escape DC 17). Until this grapple ends, the target is restrained, and the tyrannosaurus can't bite another target | Tail: ",,,,,,Free Basic Rules (2014),https://files.d20.io/images/390116380/fXiq8SQfvrWfE04ewhEg3g/original.png
Unicorn,Large,celestial,Lawful Good,12,67 (9d10+18),50 ft.,5,"1,800",18,+4,14,+2,15,+2,11,+0,17,+3,16,+3,,,13,Darkvision 60 Ft.,"Celestial, Elvish, Sylvan, Telepathy 60 Ft.",,,,Poison,"Charmed, Paralyzed, Poisoned",,,,"Charge: If the unicorn moves at least 20 ft. straight toward a target and then hits it with a horn attack on the same turn, the target takes an extra 9 (2d8) piercing damage. If the target is a creature, it must succeed on a DC 15 Strength saving throw or be knocked prone. | Innate Spellcasting: The unicorn's innate spellcasting ability is Charisma (spell save DC 14). The unicorn can innately cast the following spells, requiring no components:   At will: detect evil and good, druidcraft, pass without trace 1/day each: calm emotions, dispel evil and good, entangle | Magic Resistance: The unicorn has advantage on saving throws against spells and other magical effects. | Magic Weapons: The unicorn's weapon attacks are magical.","Multiattack: The unicorn makes two attacks: one with its hooves and one with its horn. | Hooves:  | Horn:  | Healing Touch (3/Day): The unicorn touches another creature with its horn. The target magically regains 11 (2d8 + 2) hit points. In addition, the touch removes all diseases and neutralizes all poisons afflicting the target. | Teleport (1/Day): The unicorn magically teleports itself and up to three willing creatures it can see within 5 ft. of it, along with any equipment they are wearing or carrying, to a location the unicorn is familiar with, up to 1 mile away.",,,"Hooves: The unicorn makes one attack with its hooves. | Shimmering Shield (Costs 2 Actions): The unicorn creates a shimmering, magical field around itself or another creature it can see within 60 ft. of it. The target gains a +2 bonus to AC until the end of the unicorn's next turn. | Heal Self (Costs 3 Actions): The unicorn magically regains 11 (2d8 + 2) hit points.",3,,Free Basic Rules (2014),https://files.d20.io/images/390116392/X-oCxZqxDAz0xdDisKKqhw/original.png
Vampire,Medium,undead (shapechanger),Lawful Evil,16 (Natural Armor),144 (17d8+68),30 ft.,13,"10,000",18,+4,18,+4,18,+4,17,+3,15,+2,18,+4,"Dex +9, Wis +7, Cha +9","Perception +7, Stealth +9",17,Darkvision 120 Ft.,The Languages It Knew In Life,,,"Necrotic; Bludgeoning, Piercing, and Slashing From Nonmagical Attacks",,,,,,"Shapechanger: If the vampire isn't in sun light or running water, it can use its action to polymorph into a Tiny bat or a Medium cloud of mist, or back into its true form. While in bat form, the vampire can't speak, its walking speed is 5 feet, and it has a flying speed of 30 feet. Its statistics, other than its size and speed, are unchanged. Anything it is wearing transforms with it, but nothing it is carrying does. It reverts to its true form if it dies. While in mist form, the vampire can't take any actions, speak, or manipulate objects. It is weightless, has a flying speed of 20 feet, can hover, and can enter a hostile creature's space and stop there. In addition, if air can pass through a space, the mist can do so without squeezing, and it can't pass through water. It has advantage on Strength, Dexterity, and Constitution saving throws, and it is immune to all nonmagical damage, except the damage it takes from sunlight. | Legendary Resistance (3/Day): If the vampire fails a saving throw, it can choose to succeed instead. | Misty Escape: When it drops to 0 hit points outside its resting place, the vampire transforms into a cloud of mist (as in the Shapechanger trait) instead of falling unconscious, provided that it isn't in sunlight or running water. If it can't transform, it is destroyed. While it has 0 hit points in mist form, it can't revert to its vampire form, and it must reach its resting place within 2 hours or be destroyed. Once in its resting place, it reverts to its vampire form. It is then paralyzed until it regains at least 1 hit point. After spending 1 hour in its resting place with 0 hit points, it regains 1 hit point. | Regeneration: The vampire regains 20 hit points at the start of its turn if it has at least 1 hit point and isn't in sunlight or running water. If the vampire takes radiant damage or damage from holy water, this trait doesn't function at the start of the vampire's next turn. | Spider Climb: The vampire can climb difficult surfaces, including upside down on ceilings, without needing to make an ability check. | Vampire Weaknesses: The vampire has the following flaws:  Forbiddance. The vampire can't enter a residence without an invitation from one of the occupants. Harmed by Running Water. The vampire takes 20 acid damage if it ends its turn in running water. Stake to the Heart. If a piercing weapon made of wood is driven into the vampire's heart while the vampire is incapacitated in its resting place, the vampire is paralyzed until the stake is removed. Sunlight Hypersensitivity. The vampire takes 20 radiant damage when it starts its turn in sunlight. While in sunlight, it has disadvantage on attack rolls and ability checks.","Multiattack (Vampire Form Only): The vampire makes two attacks, only one of which can be a bite attack. | Unarmed Strike (Vampire Form Only): Instead of dealing damage, the vampire can grapple the target (escape DC 18) | Bite (Bat or Vampire Form Only): The target's hit point maximum is reduced by an amount equal to the necrotic damage taken, and the vampire regains hit points equal to that amount. The reduction lasts until the target finishes a long rest. The target dies if this effect reduces its hit point maximum to 0. A humanoid slain in this way and then buried in the ground rises the following night as a vampire spawn under the vampire's control | Charm: The vampire targets one humanoid it can see within 30 ft. of it. If the target can see the vampire, the target must succeed on a DC 17 Wisdom saving throw against this magic or be charmed by the vampire. The charmed target regards the vampire as a trusted friend to be heeded and protected. Although the target isn't under the vampire's control, it takes the vampire's requests or actions in the most favorable way it can, and it is a willing target for the vampire's bit attack. Each time the vampire or the vampire's companions do anything harmful to the target, it can repeat the saving throw, ending the effect on itself on a success. Otherwise, the effect lasts 24 hours or until the vampire is destroyed, is on a different plane of existence than the target, or takes a bonus action to end the effect. | Children of the Night (1/Day): The vampire magically calls 2d4 swarms of bats or rats, provided that the sun isn't up. While outdoors, the vampire can call 3d6 wolves instead. The called creatures arrive in 1d4 rounds, acting as allies of the vampire and obeying its spoken commands. The beasts remain for 1 hour, until the vampire dies, or until the vampire dismisses them as a bonus action.",,,Move: The vampire moves up to its speed without provoking opportunity attacks. | Unarmed Strike: The vampire makes one unarmed strike. | Bite (Costs 2 Actions): The vampire makes one bite attack.,3,,Free Basic Rules (2014),https://files.d20.io/images/390116529/DoJAP-8eVBEwF7RWfyKbtQ/original.png
Vampire Spawn,Medium,undead,Neutral Evil,15 (Natural Armor),82 (11d8+33),30 ft.,5,"1,800",16,+3,16,+3,16,+3,11,+0,10,+0,12,+1,"Dex +6, Wis +3","Perception +3, Stealth +6",13,Darkvision 60 Ft.,The Languages It Knew In Life,,,"Necrotic; Bludgeoning, Piercing, and Slashing From Nonmagical Attacks",,,,,,"Regeneration: The vampire regains 10 hit points at the start of its turn if it has at least 1 hit point and isn't in sunlight or running water. If the vampire takes radiant damage or damage from holy water, this trait doesn't function at the start of the vampire's next turn. | Spider Climb: The vampire can climb difficult surfaces, including upside down on ceilings, without needing to make an ability check. | Vampire Weaknesses: The vampire has the following flaws:  Forbiddance. The vampire can't enter a residence without an invitation from one of the occupants. Harmed by Running Water. The vampire takes 20 acid damage when it ends its turn in running water. Stake to the Heart. The vampire is destroyed if a piercing weapon made of wood is driven into its heart while it is incapacitated in its resting place. Sunlight Hypersensitivity. The vampire takes 20 radiant damage when it starts its turn in sunlight. While in sunlight, it has disadvantage on attack rolls and ability checks.","Multiattack: The vampire makes two attacks, only one of which can be a bite attack. | Bite: The target's hit point maximum is reduced by an amount equal to the necrotic damage taken, and the vampire regains hit points equal to that amount. The reduction lasts until the target finishes a long rest. The target dies if this effect reduces its hit point maximum to 0 | Claws: Instead of dealing damage, the vampire can grapple the target (escape DC 13)",,,,,,Free Basic Rules (2014),https://files.d20.io/images/390116534/wJu5QvMozE1EAyHseutxkA/original.png
Veteran,Medium,humanoid (any race),Any Alignment,17 (Splint),58 (9d8+18),30 ft.,3,700,16,+3,13,+1,14,+2,10,+0,11,+0,10,+0,,"Athletics +5, Perception +2",12,,Any One Language (Usually Common),,,,,,,,,,"Multiattack: The veteran makes two longsword attacks. If it has a shortsword drawn, it can also make a shortsword attack. | Longsword (One-Handed):  | Longsword (Two-Handed):  | Shortsword:  | Heavy Crossbow: ",,,,,,Free Basic Rules (2014),https://files.d20.io/images/390116555/7ms4_HZ0ixjzVYo5MHRoAQ/original.png
Violet Fungus,Medium,plant,Unaligned,5,18 (4d8),5 ft.,1/4,50,3,-4,1,-5,10,+0,1,-5,3,-4,1,-5,,,6,Blindsight 30 Ft. (Blind Beyond This Radius),,,,,,"Blinded, Deafened, Frightened",,,,"False Appearance: While the violet fungus remains motionless, it is indistinguishable from an ordinary fungus.",Multiattack: The fungus makes 1d4 Rotting Touch attacks. | Rotting Touch: ,,,,,,Free Basic Rules (2014),https://files.d20.io/images/390067410/yu7oQQCJrINX--wYOxsp-g/original.png
Vrock,Large,fiend (demon),Chaotic Evil,15 (Natural Armor),104 (11d10+44),"40 ft., fly 60 ft.",6,"2,300",17,+3,15,+2,18,+4,8,-1,13,+1,8,-1,"Dex +5, Wis +4, Cha +2",,11,Darkvision 120 Ft.,"Abyssal, Telepathy 120 Ft.",,,"Cold, Fire, Lightning; Bludgeoning, Piercing, and Slashing From Nonmagical Attacks",Poison,Poisoned,,,,Magic Resistance: The vrock has advantage on saving throws against spells and other magical effects.,"Multiattack: The vrock makes two attacks: one with its beak and one with its talons. | Beak:  | Talons:  | Spores (Recharge 6): A 15-foot-radius cloud of toxic spores extends out from the vrock. The spores spread around corners. Each creature in that area must succeed on a DC 14 Constitution saving throw or become poisoned. While poisoned in this way, a target takes 5 (1d10) poison damage at the start of each of its turns. A target can repeat the saving throw at the end of each of its turns, ending the effect on itself on a success. Emptying a vial of holy water on the target also ends the effect on it. | Stunning Screech (1/Day): The vrock emits a horrific screech. Each creature within 20 feet of it that can hear it and that isn't a demon must succeed on a DC 14 Constitution saving throw or be stunned until the end of the vrock's next turn.",,,,,,Free Basic Rules (2014),https://files.d20.io/images/390116558/EbZ8_zUHP19FkxIwyrzCig/original.png
Vulture,Medium,beast,Unaligned,10,5 (1d8+1),"10 ft., fly 50 ft.",0,10,7,-2,10,+0,13,+1,2,-4,12,+1,4,-3,,Perception +3,13,,,,,,,,,,,Keen Sight and Smell: The vulture has advantage on Wisdom (Perception) checks that rely on sight or smell. | Pack Tactics: The vulture has advantage on an attack roll against a creature if at least one of the vulture's allies is within 5 ft. of the creature and the ally isn't incapacitated.,Beak: ,,,,,,Free Basic Rules (2014),https://files.d20.io/images/390116569/mBwSqFvcE1wkroOqoN73LA/original.png
Warhorse,Large,beast,Unaligned,11,19 (3d10+3),60 ft.,1/2,100,18,+4,12,+1,13,+1,2,-4,12,+1,7,-2,,,11,,,,,,,,,,,"Trampling Charge: If the horse moves at least 20 ft. straight toward a creature and then hits it with a hooves attack on the same turn, that target must succeed on a DC 14 Strength saving throw or be knocked prone. If the target is prone, the horse can make another attack with its hooves against it as a bonus action.",Hooves: ,,,,,,Free Basic Rules (2014),https://files.d20.io/images/390116579/_4__Bc05GYIcj4O23JV3rQ/original.png
Warhorse Skeleton,Large,undead,Lawful Evil,13 (Barding Scraps),22 (3d10+6),60 ft.,1/2,100,18,+4,12,+1,15,+2,2,-4,8,-1,5,-3,,,9,Darkvision 60 Ft.,,Bludgeoning,,,Poison,"Exhaustion, Poisoned",,,,,Hooves: ,,,,,,Free Basic Rules (2014),https://files.d20.io/images/390116586/5xt2QfjEWi_cUU3YYDSJ1Q/original.png
Water Elemental,Large,elemental,Neutral,14 (Natural Armor),114 (12d10+48),"30 ft., swim 90 ft.",5,"1,800",18,+4,14,+2,18,+4,5,-3,10,+0,8,-1,,,10,Darkvision 60 Ft.,Aquan,,,"Acid; Bludgeoning, Piercing, and Slashing From Nonmagical Attacks",Poison,"Exhaustion, Grappled, Paralyzed, Petrified, Poisoned, Prone, Restrained, Unconscious",,,,"Water Form: The elemental can enter a hostile creature's space and stop there. It can move through a space as narrow as 1 inch wide without squeezing. | Freeze: If the elemental takes cold damage, it partially freezes; its speed is reduced by 20 ft. until the end of its next turn.","Multiattack: The elemental makes two slam attacks. | Slam:  | Whelm (Recharge 4-6): Each creature in the elemental's space must make a DC 15 Strength saving throw. On a failure, a target takes 13 (2d8 + 4) bludgeoning damage. If it is Large or smaller, it is also grappled (escape DC 14). Until this grapple ends, the target is restrained and unable to breathe unless it can breathe water. If the saving throw is successful, the target is pushed out of the elemental's space. The elemental can grapple one Large creature or up to two Medium or smaller creatures at one time. At the start of each of the elemental's turns, each target grappled by it takes 13 (2d8 + 4) bludgeoning damage. A creature within 5 feet of the elemental can pull a creature or object out of it by taking an action to make a DC 14 Strength and succeeding.",,,,,,Free Basic Rules (2014),https://files.d20.io/images/390116591/xHOkQRtS25nF1a_-Dlqi9Q/original.png
Weasel,Tiny,beast,Unaligned,13,1 (1d4-1),30 ft.,0,10,3,-4,16,+3,8,-1,2,-4,12,+1,3,-4,,"Perception +3, Stealth +5",13,,,,,,,,,,,Keen Hearing and Smell: The weasel has advantage on Wisdom (Perception) checks that rely on hearing or smell.,Bite: ,,,,,,Free Basic Rules (2014),https://files.d20.io/images/390116596/jc0zd9C4FM1gFMkCZdoKkA/original.png
Werebear,Medium,"humanoid (human, shapechanger)",Neutral Good,"10 (In Humanoid Form, 11 In Bear And Hybrid Forms )",135 (18d8+54),"30 ft. (40 ft., climb 30 ft. in bear or hybrid form)",5,"1,800",19,+4,10,+0,17,+3,11,+0,12,+1,12,+1,,Perception +7,17,,Common (Can't Speak In Bear Form),,,,"Bludgeoning, Piercing, and Slashing From Nonmagical Attacks Not Made With Silvered Weapons",,,,,"Shapechanger: The werebear can use its action to polymorph into a Large bear-humanoid hybrid or into a Large bear, or back into its true form, which is humanoid. Its statistics, other than its size and AC, are the same in each form. Any equipment it. is wearing or carrying isn't transformed. It reverts to its true form if it dies. | Keen Smell: The werebear has advantage on WisGlom (Perception) checks that rely on smell.","Multiattack: In bear form, the werebear makes two claw attacks. In humanoid form, it makes two greataxe attacks. In hybrid form, it can attack like a bear or a humanoid. | Bite (Bear or Hybrid Form Only): If the target is a humanoid, it must succeed on a DC 14 Constitution saving throw or be cursed with were bear lycanthropy | Claw (Bear or Hybrid Form Only):  | Greataxe (Humanoid or Hybrid Form Only): ",,,,,,Free Basic Rules (2014),https://files.d20.io/images/390116604/oQlVvrSnzvOV2pj3U8skgA/original.png
Wereboar,Medium,"humanoid (human, shapechanger)",Neutral Evil,"10 (In Humanoid Form, 11 In Boar And Hybrid Forms )",78 (12d8+24),30 ft. (40 ft. in boar form),4,"1,100",17,+3,10,+0,15,+2,10,+0,11,+0,8,-1,,Perception +2,12,,Common (Can't Speak In Boar Form),,,,"Bludgeoning, Piercing, and Slashing From Nonmagical Attacks Not Made With Silvered Weapons",,,,,"Shapechanger: The wereboar can use its action to polymorph into a boar-humanoid hybrid or into a boar, or back into its true form, which is humanoid. Its statistics, other than its AC, are the same in each form. Any equipment it is wearing or carrying isn't transformed. It reverts to its true form if it dies. | Charge (Boar or Hybrid Form Only): If the wereboar moves at least 15 feet straight toward a target and then hits it with its tusks on the same turn, the target takes an extra 7 (2d6) slashing damage. If the target is a creature, it must succeed on a DC 13 Strength saving throw or be knocked prone. | Relentless (Recharges after a Short or Long Rest): If the wereboar takes 14 damage or less that would reduce it to 0 hit points, it is reduced to 1 hit point instead.","Multiattack (Humanoid or Hybrid Form Only): The wereboar makes two attacks, only one of which can be with its tusks. | Maul (Humanoid or Hybrid Form Only):  | Tusks (Boar or Hybrid Form Only): If the target is a humanoid, it must succeed on a DC 12 Constitution saving throw or be cursed with wereboar lycanthropy",,,,,,Free Basic Rules (2014),https://files.d20.io/images/390116867/WfLnKLUDLD3axcftOz_2Rw/original.png
Wererat,Medium,"humanoid (human, shapechanger)",Lawful Evil,12,33 (6d8+6),30 ft.,2,450,10,+0,15,+2,12,+1,11,+0,10,+0,8,-1,,"Perception +2, Stealth +4",12,Darkvision 60 Ft. (Rat Form Only),Common (Can't Speak In Rat Form),,,,"Bludgeoning, Piercing, and Slashing From Nonmagical Attacks Not Made With Silvered Weapons",,,,,"Shapechanger: The wererat can use its action to polymorph into a rat-humanoid hybrid or into a giant rat, or back into its true form, which is humanoid. Its statistics, other than its size, are the same in each form. Any equipment it is wearing or carrying isn't transformed. It reverts to its true form if it dies. | Keen Smell: The wererat has advantage on Wisdom (Perception) checks that rely on smell.","Multiattack (Humanoid or Hybrid Form Only): The wererat makes two attacks, only one of which can be a bite. | Bite (Rat or Hybrid Form Only).: If the target is a humanoid, it must succeed on a DC 11 Constitution saving throw or be cursed with wererat lycanthropy | Shortsword (Humanoid or Hybrid Form Only):  | Hand Crossbow (Humanoid or Hybrid Form Only): ",,,,,,Free Basic Rules (2014),https://files.d20.io/images/390116877/fgfFKNmR0P2C8DyKn5G2_g/original.png
Weretiger,Medium,"humanoid (human, shapechanger)",Neutral,12,120 (16d8+48),30 ft. (40 ft. in tiger form),4,"1,100",17,+3,15,+2,16,+3,10,+0,13,+1,11,+0,,"Perception +5, Stealth +4",15,Darkvision 60 Ft.,Common (Can't Speak In Tiger Form),,,,"Bludgeoning, Piercing, and Slashing From Nonmagical Attacks Not Made With Silvered Weapons",,,,,"Shapechanger: The weretiger can use its action to polymorph into a tiger-humanoid hybrid or into a tiger, or back into its true form, which is humanoid. Its statistics, other than its size, are the same in each form. Any equipment it is wearing or carrying isn't transformed. It reverts to its true form if it dies. | Keen Hearing and Smell: The weretiger has advantage on Wisdom (Perception) checks that rely on hearing or smell. | Pounce (Tiger or Hybrid Form Only): If the weretiger moves at least 15 feet straight toward a creature and then hits it with a claw attack on the same turn, that target must succeed on a DC 14 Strength saving throw or be knocked prone. If the target is prone, the weretiger can make one bite attack against it as a bonus action.","Multiattack (Humanoid or Hybrid Form Only): In humanoid form, the weretiger makes two scimitar attacks or two longbow attacks. In hybrid form, it can attack like a humanoid or make two claw attacks. | Bite (Tiger or Hybrid Form Only): If the target is a humanoid, it must succeed on a DC 13 Constitution saving throw or be cursed with weretiger lycanthropy | Claw (Tiger or Hybrid Form Only):  | Scimitar (Humanoid or Hybrid Form Only):  | Longbow (Humanoid or Hybrid Form Only): ",,,,,,Free Basic Rules (2014),https://files.d20.io/images/390116892/bqTHSsLeo7amJBs1x6ZZww/original.png
Werewolf,Medium,"humanoid (human, shapechanger)",Chaotic Evil,"11 (In Humanoid Form, 12 In Wolf Or Hybrid Form)",58 (9d8+18),30 ft. (40 ft. in wolf form),3,700,15,+2,13,+1,14,+2,10,+0,11,+0,10,+0,,Perception +4,14,,Common (Can't Speak In Wolf Form),,,,"Bludgeoning, Piercing, and Slashing From Nonmagical Attacks Not Made With Silvered Weapons",,,,,"Shapechanger: The werewolf can use its action to polymorph into a wolf-humanoid hybrid or into a wolf, or back into its true form, which is humanoid. Its statistics, other than its AC, are the same in each form. Any equipment it is wearing or carrying isn't transformed. It reverts to its true form if it dies. | Keen Hearing and Smell: The werewolf has advantage on Wisdom (Perception) checks that rely on hearing or smell.","Multiattack (Humanoid or Hybrid Form Only): The werewolf makes two attacks: one with its bite and one with its claws or spear. | Bite (Wolf or Hybrid Form Only): If the target is a humanoid, it must succeed on a DC 12 Constitution saving throw or be cursed with werewolf lycanthropy | Claws (Hybrid Form Only):  | Spear (Humanoid Form Only): two handed | Spear (Humanoid Form Only):  | Spear (Humanoid Form Only): ",,,,,,Free Basic Rules (2014),https://files.d20.io/images/390116904/V1XE3gOTz6-hHEg-_jQt3g/original.png
White Dragon Wyrmling,Medium,dragon,Chaotic Evil,16 (Natural Armor),32 (5d8+10),"30 ft., burrow 15 ft., fly 60 ft., swim 30 ft.",2,450,14,+2,10,+0,14,+2,5,-3,10,+0,11,+0,"Dex +2, Con +4, Wis +2, Cha +2","Perception +4, Stealth +2",14,"Blindsight 10 Ft., Darkvision 60 Ft.",Draconic,,,,Cold,,,,,,"Bite:  | Cold Breath (Recharge 5-6): The dragon exhales an icy blast of hail in a 15-foot cone. Each creature in that area must make a DC 12 Constitution saving throw, taking 22 (5d8) cold damage on a failed save, or half as much damage on a successful one.",,,,,,Free Basic Rules (2014),https://files.d20.io/images/390116907/U9BF6Rnxzh4nr7i8Tg1Qdg/original.png
Wight,Medium,undead,Neutral Evil,14 (Studded Leather),45 (6d8+18),30 ft.,3,700,15,+2,14,+2,16,+3,10,+0,13,+1,15,+2,,"Perception +3, Stealth +4",13,Darkvision 60 Ft.,The Languages It Knew In Life,,,"necrotic; Bludgeoning, Piercing, and Slashing From Nonmagical Attacks That Aren't Silvered",poison,"exhaustion, poisoned",,,,"Sunlight Sensitivity: While in sunlight, the wight has disadvantage on attack rolls, as well as on Wisdom (Perception) checks that rely on sight.","Multiattack: The wight makes two longsword attacks or two longbow attacks. It can use its Life Drain in place of one longsword attack. | Life Drain: The target must succeed on a DC 13 Constitution saving throw or its hit point maximum is reduced by an amount equal to the damage taken. This reduction lasts until the target finishes a long rest. The target dies if this effect reduces its hit point maximum to 0. A humanoid slain by this attack rises 24 hours later as a zombie under the wight's control, unless the humanoid is restored to life or its body is destroyed. The wight can have no more than twelve zombies under its control at one time | Longsword: two handed | Longsword: one handed | Longbow: ",,,,,,Free Basic Rules (2014),https://files.d20.io/images/390116912/KYEPasQyMGxuSjhnhEycWg/original.png
Will-o'-Wisp,Tiny,undead,Chaotic Evil,19,22,"0 ft., fly 50 ft. (hover)",2,450,1,-5,28,+9,10,+0,13,+1,14,+2,11,+0,,,12,Darkvision 120 ft.,the languages it knew in life,,,"Acid, Cold, Fire, Necrotic, Thunder; Bludgeoning, Piercing, and Slashing From Nonmagical Attacks","Lightning, Poison","Exhaustion, Grappled, Paralyzed, Poisoned, Prone, Restrained, Unconscious",,,,"Consume Life: As a bonus action, the will-o’-wisp can target one creature it can see within 5 feet of it that has 0 hit points and is still alive. The target must succeed on a DC 10 Constitution saving throw against this magic or die. If the target dies, the will-o’-wisp regains 10 (3d6) hit points. | Ephemeral: The will-o’-wisp can’t wear or carry anything. | Incorporeal Movement: The will-o’-wisp can move through other creatures and objects as if they were difficult terrain. It takes 5 (1d10) force damage if it ends its turn inside an object. | Variable Illumination: The will-o’-wisp sheds bright light in a 5- to 20-foot radius and dim light for an additional number of feet equal to the chosen radius. The will-o’-wisp can alter the radius as a bonus action.","Shock:  | Invisibility: The will-o’-wisp and its light magically become invisible until it attacks or uses its Consume Life, or until its concentration ends (as if concentrating on a spell).",,,,,,Free Basic Rules (2014),https://files.d20.io/images/390116917/ccqnqbTvEK1stzAwMuyYEw/original.png
Winter Wolf,Large,monstrosity,Neutral Evil,13 (Natural Armor),75 (10d10+20),50 ft.,3,700,18,+4,13,+1,14,+2,7,-2,12,+1,8,-1,,"Perception +5, Stealth +3",15,,"Common, Giant, Winter Wolf",,,,Cold,,,,,Keen Hearing and Smell: The wolf has advantage on Wisdom (Perception) checks that rely on hearing or smell. | Pack Tactics: The wolf has advantage on an attack roll against a creature if at least one of the wolf's allies is within 5 ft. of the creature and the ally isn't incapacitated. | Snow Camouflage: The wolf has advantage on Dexterity (Stealth) checks made to hide in snowy terrain.,"Bite: If the target is a creature, it must succeed on a DC 14 Strength saving throw or be knocked prone | Cold Breath (Recharge 5-6): The wolf exhales a blast of freezing wind in a 15-foot cone. Each creature in that area must make a DC 12 Dexterity saving throw, taking 18 (4d8) cold damage on a failed save, or half as much damage on a successful one.",,,,,,Free Basic Rules (2014),https://files.d20.io/images/390116926/lokIDnT98-C5Pz_TqRsSIQ/original.png
Wolf,Medium,beast,Unaligned,13 (Natural Armor),11 (2d8+2),40 ft.,1/4,50,12,+1,15,+2,12,+1,3,-4,12,+1,6,-2,,"Perception +3, Stealth +4",13,,,,,,,,,,,Keen Hearing and Smell: The wolf has advantage on Wisdom (Perception) checks that rely on hearing or smell. | Pack Tactics: The wolf has advantage on an attack roll against a creature if at least one of the wolf's allies is within 5 ft. of the creature and the ally isn't incapacitated.,"Bite: If the target is a creature, it must succeed on a DC 11 Strength saving throw or be knocked prone",,,,,,Free Basic Rules (2014),https://files.d20.io/images/390116931/NRBle2scKhQmU-q0EHskPw/original.png
Worg,Large,monstrosity,Neutral Evil,13 (Natural Armor),26 (4d10+4),50 ft.,1/2,100,16,+3,13,+1,13,+1,7,-2,11,+0,8,-1,,Perception +4,14,Darkvision 60 Ft.,"Goblin, Worg",,,,,,,,,Keen Hearing and Smell: The worg has advantage on Wisdom (Perception) checks that rely on hearing or smell.,"Bite: If the target is a creature, it must succeed on a DC 13 Strength saving throw or be knocked prone",,,,,,Free Basic Rules (2014),https://files.d20.io/images/390116937/0GPwMixxySUDx9x_28NFHQ/original.png
Wraith,Medium,undead,Neutral Evil,13,67 (9d8+27),"0 ft., fly 60 ft. (hover)",5,"1,800",6,-2,16,+3,16,+3,12,+1,14,+2,15,+2,,,12,Darkvision 60 Ft.,The Languages It Knew In Life,,,"Acid, Cold, Fire, Lightning, Thunder; Bludgeoning, Piercing, and Slashing From Nonmagical Attacks That Aren't Silvered","Necrotic, Poison","Charmed, Exhaustion, Grappled, Paralyzed, Petrified, Poisoned, Prone, Restrained",,,,"Incorporeal Movement: The wraith can move through other creatures and objects as if they were difficult terrain. It takes 5 (1d10) force damage if it ends its turn inside an object. | Sunlight Sensitivity: While in sunlight, the wraith has disadvantage on attack rolls, as well as on Wisdom (Perception) checks that rely on sight.",Life Drain: The target must succeed on a DC 14 Constitution saving throw or its hit point maximum is reduced by an amount equal to the damage taken. This reduction lasts until the target finishes a long rest. The target dies if this effect reduces its hit point maximum to 0 | Create Specter: The wraith targets a humanoid within 10 feet of it that has been dead for no longer than 1 minute and died violently. The target's spirit rises as a specter in the space of its corpse or in the nearest unoccupied space. The specter is under the wraith's control. The wraith can have no more than seven specters under its control at one time.,,,,,,Free Basic Rules (2014),https://files.d20.io/images/390117073/poQgjCUzJkNWotpSIApaWg/original.png
Wyvern,Large,dragon,Unaligned,13 (Natural Armor),110 (13d10+39),"20 ft., fly 80 ft.",6,"2,300",19,+4,10,+0,16,+3,5,-3,12,+1,6,-2,,Perception +4,14,Darkvision 60 Ft.,,,,,,,,,,,"Multiattack: The wyvern makes two attacks: one with its bite and one with its stinger. While flying, it can use its claws in place of one other attack. | Bite:  | Claws:  | Stinger: The target must make a DC 15 Constitution saving throw, taking the poison damage on a failed save, or half as much damage on a successful one.",,,,,,Free Basic Rules (2014),https://files.d20.io/images/390117080/FE001b58oBrqBbMBxXwIOg/original.png
Xorn,Medium,elemental,Neutral,19 (Natural Armor),73 (7d8+42),"20 ft., burrow 20 ft.",5,"1,800",17,+3,10,+0,22,+6,11,+0,10,+0,11,+0,,"Perception +6, Stealth +3",16,"Darkvision 60 Ft., Tremorsense 60 Ft.",Terran,,,Piercing And Slashing From Nonmagical Weapons That Aren't Adamantine,,,,,,"Earth Glide: The xorn can burrow through nonmagical, unworked earth and stone. While doing so, the xorn doesn't disturb the material it moves through. | Stone Camouflage: The xorn has advantage on Dexterity (Stealth) checks made to hide in rocky terrain. | Treasure Sense: The xorn can pinpoint, by scent, the location of precious metals and stones, such as coins and gems, within 60 ft. of it.",Multiattack: The xorn makes three claw attacks and one bite attack. | Bite:  | Claw: ,,,,,,Free Basic Rules (2014),https://files.d20.io/images/390117088/ckkcPG7JdovKIoH9Qdd0Qg/original.png
Young Black Dragon,Large,dragon,Chaotic Evil,18 (Natural Armor),127 (15d10+45),"40 ft., fly 80 ft., swim 40 ft.",7,"2,900",19,+4,14,+2,17,+3,12,+1,11,+0,15,+2,"Dex +5, Con +6, Wis +3, Cha +5","Perception +6, Stealth +5",16,"Blindsight 30 Ft., Darkvision 120 Ft.","Common, Draconic",,,,Acid,,,,,Amphibious: The dragon can breathe air and water.,"Multiattack: The dragon makes three attacks: one with its bite and two with its claws. | Bite:  | Claw:  | Acid Breath (Recharge 5-6): The dragon exhales acid in a 30-foot line that is 5 feet wide. Each creature in that line must make a DC 14 Dexterity saving throw, taking 49 (11d8) acid damage on a failed save, or half as much damage on a successful one.",,,,,,Free Basic Rules (2014),https://files.d20.io/images/390117091/IYolZZ6GvNeki1_--q4Vxg/original.png
Young Blue Dragon,Large,dragon,Lawful Evil,18 (Natural Armor),152 (16d10+64),"40 ft., burrow 20 ft., fly 80 ft.",9,"5,000",21,+5,10,+0,19,+4,14,+2,13,+1,17,+3,"Dex +4, Con +8, Wis +5, Cha +7","Perception +9, Stealth +4",19,"Blindsight 30 Ft., Darkvision 120 Ft.","Common, Draconic",,,,Lightning,,,,,,"Multiattack: The dragon makes three attacks: one with its bite and two with its claws. | Bite:  | Claw:  | Lightning Breath (Recharge 5-6): The dragon exhales lightning in an 60-foot line that is 5 feet wide. Each creature in that line must make a DC 16 Dexterity saving throw, taking 55 (10d10) lightning damage on a failed save, or half as much damage on a successful one.",,,,,,Free Basic Rules (2014),https://files.d20.io/images/390117096/EDWal9Hg57aLNlvg1FL0cw/original.png
Young Brass Dragon,Large,dragon,Chaotic Good,17 (Natural Armor),110 (13d10+39),"40 ft., burrow 20 ft., fly 80 ft.",6,"2,300",19,+4,10,+0,17,+3,12,+1,11,+0,15,+2,"Dex +3, Con +6, Wis +3, Cha +5","Perception +6, Persuasion +5, Stealth +3",16,"Blindsight 30 Ft., Darkvision 120 Ft.","Common, Draconic",,,,Fire,,,,,,"Multiattack: The dragon makes three attacks: one with its bite and two with its claws. | Bite:  | Claw:  | Breath Weapons (Recharge 5-6): The dragon uses one of the following breath weapons. Fire Breath. The dragon exhales fire in a 40-foot line that is 5 feet wide. Each creature in that line must make a DC 14 Dexterity saving throw, taking 42 (12d6) fire damage on a failed save, or half as much damage on a successful one. Sleep Breath. The dragon exhales sleep gas in a 30-foot cone. Each creature in that area must succeed on a DC 14 Constitution saving throw or fall unconscious for 5 minutes. This effect ends for a creature if the creature takes damage or someone uses an action to wake it.",,,,,,Free Basic Rules (2014),https://files.d20.io/images/390117100/xboLyksH7tI-VCtHKZ1fdA/original.png
Young Bronze Dragon,Large,dragon,Lawful Good,18 (Natural Armor),142 (15d10+60),"40 ft., fly 80 ft., swim 40 ft.",8,"3,900",21,+5,10,+0,19,+4,14,+2,13,+1,17,+3,"Dex +3, Con +7, Wis +4, Cha +6","Insight +4, Perception +7, Stealth +3",17,"Blindsight 30 Ft., Darkvision 120 Ft.","Common, Draconic",,,,Lightning,,,,,Amphibious: The dragon can breathe air and water.,"Multiattack: The dragon makes three attacks: one with its bite and two with its claws. | Bite:  | Claw:  | Breath Weapons (Recharge 5-6): The dragon uses one of the following breath weapons. Lightning Breath. The dragon exhales lightning in a 60-foot line that is 5 feet wide. Each creature in that line must make a DC 15 Dexterity saving throw, taking 55 (10d10) lightning damage on a failed save, or half as much damage on a successful one. Repulsion Breath. The dragon exhales repulsion energy in a 30-foot cone. Each creature in that area must succeed on a DC 15 Strength saving throw. On a failed save, the creature is pushed 40 feet away from the dragon.",,,,,,Free Basic Rules (2014),https://files.d20.io/images/390117108/avdgBxYndePX0UQzSSFw8g/original.png
Young Copper Dragon,Large,dragon,Chaotic Good,17 (Natural Armor),119 (14d10+42),"40 ft., climb 40 ft., fly 80 ft.",7,"2,900",19,+4,12,+1,17,+3,16,+3,13,+1,15,+2,"Dex +4, Con +6, Wis +4, Cha +5","Deception +5, Perception +7, Stealth +4",17,"Blindsight 30 Ft., Darkvision 120 Ft.","Common, Draconic",,,,Acid,,,,,,"Multiattack: The dragon makes three attacks: one with its bite and two with its claws. | Bite:  | Claw:  | Breath Weapons (Recharge 5-6): The dragon uses one of the following breath weapons. Acid Breath. The dragon exhales acid in an 40-foot line that is 5 feet wide. Each creature in that line must make a DC 14 Dexterity saving throw, taking 40 (9d8) acid damage on a failed save, or half as much damage on a successful one. Slowing Breath. The dragon exhales gas in a 30-foot cone. Each creature in that area must succeed on a DC 14 Constitution saving throw. On a failed save, the creature can't use reactions, its speed is halved, and it can't make more than one attack on its turn. In addition, the creature can use either an action or a bonus action on its turn, but not both. These effects last for 1 minute. The creature can repeat the saving throw at the end of each of its turns, ending the effect on itself with a successful save.",,,,,,Free Basic Rules (2014),https://files.d20.io/images/390117116/tnNFz4obdNco3CzL_9K1ig/original.png
Young Gold Dragon,Large,dragon,Lawful Good,18 (Natural Armor),178 (17d10+85),"40 ft., fly 80 ft., swim 40 ft.",10,"5,900",23,+6,14,+2,21,+5,16,+3,13,+1,20,+5,"Dex +6, Con +9, Wis +5, Cha +9","Insight +5, Perception +9, Persuasion +9, Stealth +6",19,"Blindsight 30 Ft., Darkvision 120 Ft.","Common, Draconic",,,,Fire,,,,,Amphibious: The dragon can breathe air and water.,"Multiattack: The dragon makes three attacks: one with its bite and two with its claws. | Bite:  | Claw:  | Breath Weapons (Recharge 5-6): The dragon uses one of the following breath weapons. Fire Breath. The dragon exhales fire in a 30-foot cone. Each creature in that area must make a DC 17 Dexterity saving throw, taking 55 (10d10) fire damage on a failed save, or half as much damage on a successful one. Weakening Breath. The dragon exhales gas in a 30-foot cone. Each creature in that area must succeed on a DC 17 Strength saving throw or have disadvantage on Strength-based attack rolls, Strength checks, and Strength saving throws for 1 minute. A creature can repeat the saving throw at the end of each of its turns, ending the effect on itself on a success.",,,,,,Free Basic Rules (2014),https://files.d20.io/images/390117120/lY9E0cXk4DOKQpAUrAfVtg/original.png
Young Green Dragon,Large,dragon,Lawful Evil,18 (Natural Armor),136 (16d10+48),"40 ft., fly 80 ft., swim 40 ft.",8,"3,900",19,+4,12,+1,17,+3,16,+3,13,+1,15,+2,"Dex +4, Con +6, Wis +4, Cha +5","Deception +5, Perception +7, Stealth +4",17,"Blindsight 30 Ft., Darkvision 120 Ft.","Common, Draconic",,,,Poison,Poisoned,,,,Amphibious: The dragon can breathe air and water.,"Multiattack: The dragon makes three attacks: one with its bite and two with its claws. | Bite:  | Claw:  | Poison Breath (Recharge 5-6): The dragon exhales poisonous gas in a 30-foot cone. Each creature in that area must make a DC 14 Constitution saving throw, taking 42 (12d6) poison damage on a failed save, or half as much damage on a successful one.",,,,,,Free Basic Rules (2014),https://files.d20.io/images/390117123/gc9Vomj2rNQxRBmGuPleLg/original.png
Young Red Dragon,Large,dragon,Chaotic Evil,18 (Natural Armor),178 (17d10+85),"40 ft., climb 40 ft., fly 80 ft.",10,"5,900",23,+6,10,+0,21,+5,14,+2,11,+0,19,+4,"Dex +4, Con +9, Wis +4, Cha +8","Perception +8, Stealth +4",18,"Blindsight 30 Ft., Darkvision 120 Ft.","Common, Draconic",,,,Fire,,,,,,"Multiattack: The dragon makes three attacks: one with its bite and two with its claws. | Bite:  | Claw:  | Fire Breath (Recharge 5-6): The dragon exhales fire in a 30-foot cone. Each creature in that area must make a DC 17 Dexterity saving throw, taking 56 (16d6) fire damage on a failed save, or half as much damage on a successful one.",,,,,,Free Basic Rules (2014),https://files.d20.io/images/390117207/8xLJIDTEUUSHOhdv2OlWNw/original.png
Young Silver Dragon,Large,dragon,Lawful Good,18 (Natural Armor),168 (16d10+80),"40 ft., fly 80 ft.",9,"5,000",23,+6,10,+0,21,+5,14,+2,11,+0,19,+4,"Dex +4, Con +9, Wis +4, Cha +8","Arcana +6, History +6, Perception +8, Stealth +4",18,"Blindsight 30 Ft., Darkvision 120 Ft.","Common, Draconic",,,,Cold,,,,,,"Multiattack: The dragon makes three attacks: one with its bite and two with its claws. | Bite:  | Claw:  | Breath Weapons (Recharge 5-6): The dragon uses one of the following breath weapons. Cold Breath. The dragon exhales an icy blast in a 30-foot cone. Each creature in that area must make a DC 17 Constitution saving throw, taking 54 (12d8) cold damage on a failed save, or half as much damage on a successful one. Paralyzing Breath. The dragon exhales paralyzing gas in a 30-foot cone. Each creature in that area must succeed on a DC 17 Constitution saving throw or be paralyzed for 1 minute. A creature can repeat the saving throw at the end of each of its turns, ending the effect on itself on a success.",,,,,,Free Basic Rules (2014),https://files.d20.io/images/390117215/MZ2PSvwW3_W45e3j1NE2Tw/original.png
Young White Dragon,Large,dragon,Chaotic Evil,17 (Natural Armor),133 (14d10+56),"40 ft., burrow 20 ft., fly 80 ft., swim 40 ft.",6,"2,300",18,+4,10,+0,18,+4,6,-2,11,+0,12,+1,"Dex +3, Con +7, Wis +3, Cha +4","Perception +6, Stealth +3",16,"Blindsight 30 Ft., Darkvision 120 Ft.","Common, Draconic",,,,Cold,,,,,"Ice Walk: The dragon can move across and climb icy surfaces without needing to make an ability check. Additionally, difficult terrain composed of ice or snow doesn't cost it extra moment.","Multiattack: The dragon makes three attacks: one with its bite and two with its claws. | Bite:  | Claw:  | Cold Breath (Recharge 5-6): The dragon exhales an icy blast in a 30-foot cone. Each creature in that area must make a DC 15 Constitution saving throw, taking 45 (10d8) cold damage on a failed save, or half as much damage on a successful one.",,,,,,Free Basic Rules (2014),https://files.d20.io/images/390117220/KmYHY4UrqZHIVbENUPnf5g/original.png
Zombie,Medium,undead,Neutral Evil,8,22 (3d8+9),20 ft.,1/4,50,13,+1,6,-2,16,+3,3,-4,6,-2,5,-3,Wis +0,,8,Darkvision 60 Ft.,Understands All Languages It Spoke In Life But Can't Speak,,,,Poison,Poisoned,,,,"Undead Fortitude: If damage reduces the zombie to 0 hit points, it must make a Constitution saving throw with a DC of 5+the damage taken, unless the damage is radiant or from a critical hit. On a success, the zombie drops to 1 hit point instead.",Slam: ,,,,,,Free Basic Rules (2014),https://files.d20.io/images/390117229/hdvSrygFbQ1zdbKB3NbT9A/original.png
