Name,Type,Size,Challenge_Rating,cr_numeric,HP,actual_hp,AC,ac_value,predicted_hp,hp_delta,hp_delta_pct,hp_delta_pct_percentile,hp_baseline,ac_baseline,attack_baseline,dpr_baseline,dc_baseline,highest_attack_bonus,highest_save_dc,estimated_dpr,legendary_dpr,total_dpr,ac_deviation,attack_deviation,dpr_deviation,save_dc_deviation,hp_after_phase1_5,hp_after_phase2,residual_hp,has_legendary_resistance_scaled,has_magic_resistance_scaled,has_regeneration_scaled,speed_ground,speed_fly,speed_swim,speed_burrow,speed_climb,max_speed,movement_types_count,has_flying,save_proficiency_count,skill_proficiency_count,resistance_count,immunity_count,vulnerability_count,condition_immunity_count,has_darkvision,darkvision_deviation,has_blindsight,has_truesight,has_tremorsense,passive_perception,trait_count,action_count,reaction_count,bonus_action_count,legendary_action_count,legendary_actions_per_round,total_ability_count,has_legendary_actions,has_legendary_resistance,has_magic_resistance,has_regeneration,has_spellcasting,spellcaster_level,size_ordinal,has_grapple,inflicts_poisoned,inflicts_blinded,inflicts_charmed,inflicts_deafened,inflicts_frightened,inflicts_incapacitated,inflicts_paralyzed,inflicts_petrified,inflicts_prone,inflicts_restrained,inflicts_stunned
Awakened Shrub,plant,Small,0,0.0,10 (3d6),10,9,9,4.099152543673914,-5.900847456326086,-59.00847456326086,48.67256637168141,4.5,10.0,2.0,2.0,10.0,1,0.0,3.5,0,3.5,-1.0,-1.0,1.5,0.0,2.25,7.0,3.0,0.0,0.0,0.0,20,0,0,0,0,20,1,0,0,0,1,0,1,0,0,0,0,0,0,10,1,1,1,0,0,0,3,0,0,0,0,0,0,1,0,0,0,0,0,0,0,0,0,0,0,0
Deer,beast,Medium,0,0.0,4 (1d8),4,13,13,4.837988009900009,0.837988009900009,20.949700247500225,25.663716814159294,4.5,10.0,2.0,2.0,10.0,2,0.0,2.5,0,2.5,3.0,0.0,0.5,0.0,4.5,-5.25,9.25,-0.0,-0.0,-0.0,50,0,0,0,0,50,1,0,0,0,0,0,0,0,0,0,0,0,0,10,1,1,1,0,0,0,3,0,0,0,0,0,0,2,0,0,0,0,0,0,0,0,0,0,0,0
Eagle,beast,Small,0,0.0,3 (1d6),3,12,12,-2.2513928053178063,-5.251392805317806,-175.0464268439269,82.30088495575221,4.5,10.0,2.0,2.0,10.0,4,0.0,4.5,0,4.5,2.0,2.0,2.5,0.0,4.5,-18.25,21.25,-0.0,-0.0,-0.0,10,60,0,0,0,60,2,1,0,1,0,0,0,0,0,0,0,0,0,10,1,1,1,0,0,0,3,0,0,0,0,0,0,1,0,0,0,0,0,0,0,0,0,0,0,0
Frog,beast,Tiny,0,0.0,1 (1d4-1),1,11,11,15.506803831593084,14.506803831593084,1450.6803831593083,98.23008849557522,4.5,10.0,2.0,2.0,10.0,0,0.0,0.0,0,0.0,1.0,-2.0,-2.0,0.0,4.5,12.5,-11.5,0.0,0.0,0.0,20,0,20,0,0,20,2,0,0,2,0,0,0,0,1,-30,0,0,0,10,1,1,1,0,0,0,3,0,0,0,0,0,0,0,0,0,0,0,0,0,0,0,0,0,0,0
Giant Fire Beetle,beast,Small,0,0.0,4 (1d6+1),4,13 (Natural Armor),13,-0.4569768963263199,-4.45697689632632,-111.424422408158,76.10619469026548,4.5,10.0,2.0,2.0,10.0,1,0.0,4.5,0,4.5,3.0,-1.0,2.5,0.0,4.5,-4.25,8.25,-0.0,-0.0,-0.0,30,0,0,0,0,30,1,0,0,0,0,0,0,0,0,0,1,0,0,10,1,1,1,0,0,0,3,0,0,0,0,0,0,1,0,0,0,0,0,0,0,0,0,0,0,0
Rat,beast,Tiny,0,0.0,1 (1d4-1),1,10,10,15.600722739751768,14.600722739751768,1460.0722739751768,99.11504424778761,4.5,10.0,2.0,2.0,10.0,0,0.0,1.0,0,1.0,0.0,-2.0,-1.0,0.0,4.5,14.0,-13.0,0.0,0.0,0.0,20,0,0,0,0,20,1,0,0,0,0,0,0,0,1,-30,0,0,0,10,1,1,1,0,0,0,3,0,0,0,0,0,0,0,0,0,0,0,0,0,0,0,0,0,0,0
Raven,beast,Tiny,0,0.0,1 (1d4-1),1,12,12,-2.3996278232446766,-3.3996278232446766,-339.96278232446764,87.61061946902655,4.5,10.0,2.0,2.0,10.0,4,10.0,1.0,0,1.0,2.0,2.0,-1.0,0.0,4.5,-13.0,14.0,-0.0,-0.0,-0.0,10,50,0,0,0,50,2,1,0,1,0,0,0,0,0,0,0,0,0,10,1,1,1,0,0,0,3,0,0,0,0,0,0,0,0,0,0,0,0,0,0,0,0,0,0,0
Owl,beast,Tiny,0,0.0,1 (1d4-1),1,11,11,7.32244220229148,6.32244220229148,632.244220229148,95.57522123893806,4.5,10.0,2.0,2.0,10.0,3,0.0,1.0,0,1.0,1.0,1.0,-1.0,0.0,4.5,-6.0,7.0,-0.0,-0.0,-0.0,5,60,0,0,0,60,2,1,0,2,0,0,0,0,1,60,0,0,0,10,1,1,1,0,0,0,3,0,0,0,0,0,0,0,0,0,0,0,0,0,0,0,0,0,0,0
Octopus,beast,Small,0,0.0,3 (1d6),3,12,12,-11.18944812214302,-14.18944812214302,-472.981604071434,90.2654867256637,4.5,10.0,2.0,2.0,10.0,4,10.0,1.0,0,1.0,2.0,2.0,-1.0,0.0,4.5,-8.0,11.0,-0.0,-0.0,-0.0,5,0,30,0,0,30,2,0,0,2,0,0,0,0,1,-30,0,0,0,10,1,1,1,0,0,0,3,0,0,0,0,0,0,1,1,0,0,0,0,0,0,0,0,0,0,0
Homunculus,construct,Tiny,0,0.0,5 (2d4),5,13 (Natural Armor),13,-7.994293178000337,-12.994293178000337,-259.8858635600068,84.95575221238938,4.5,10.0,2.0,2.0,10.0,4,10.0,1.0,0,1.0,3.0,2.0,-1.0,0.0,2.25,-18.25,23.25,-0.0,-0.0,-0.0,20,40,0,0,0,40,2,1,0,0,0,1,0,2,1,0,0,0,0,10,1,1,1,0,0,0,3,0,0,0,0,0,0,0,0,1,0,0,0,0,0,0,0,0,0,0
Jackal,beast,Small,0,0.0,3 (1d6),3,12,12,5.233277505002295,2.2332775050022953,74.44258350007651,61.94690265486725,4.5,10.0,2.0,2.0,10.0,1,0.0,3.5,0,3.5,2.0,-1.0,1.5,0.0,4.5,0.25,2.75,0.0,0.0,0.0,40,0,0,0,0,40,1,0,0,1,0,0,0,0,0,0,0,0,0,10,1,1,1,0,0,0,3,0,0,0,0,0,0,1,0,0,0,0,0,0,1,0,0,0,0,0
Lemure,fiend (devil),Medium,0,0.0,13 (3d8),13,7,7,5.177482193917799,-7.822517806082201,-60.17321389294001,50.442477876106196,4.5,10.0,2.0,2.0,10.0,3,0.0,2.5,0,2.5,-3.0,1.0,0.5,0.0,1.125,5.375,7.625,0.0,0.0,0.0,15,0,0,0,0,15,1,0,0,0,1,2,0,3,1,60,0,0,0,10,1,1,1,0,0,0,3,0,0,0,0,0,0,2,0,0,0,0,0,0,0,0,0,0,0,0
Lizard,beast,Tiny,0,0.0,2 (1d4),2,10,10,13.265391325402726,11.265391325402726,563.2695662701364,92.92035398230088,4.5,10.0,2.0,2.0,10.0,0,0.0,1.0,0,1.0,0.0,-2.0,-1.0,0.0,4.5,14.0,-12.0,0.0,0.0,0.0,20,0,0,0,20,20,2,0,0,0,0,0,0,0,1,-30,0,0,0,10,1,1,1,0,0,0,3,0,0,0,0,0,0,0,0,0,0,0,0,0,0,0,0,0,0,0
Hyena,beast,Medium,0,0.0,5 (1d8+1),5,11,11,6.8181604276765775,1.8181604276765775,36.36320855353155,37.16814159292036,4.5,10.0,2.0,2.0,10.0,2,0.0,3.5,0,3.5,1.0,0.0,1.5,0.0,4.5,-0.75,5.75,-0.0,-0.0,-0.0,50,0,0,0,0,50,1,0,0,1,0,0,0,0,0,0,0,0,0,10,1,1,1,0,0,0,3,0,0,0,0,0,0,2,0,0,0,0,0,0,1,0,0,0,0,0
Hawk,beast,Tiny,0,0.0,1 (1d4-1),1,13,13,-2.8761937444400374,-3.8761937444400374,-387.6193744440037,89.38053097345133,4.5,10.0,2.0,2.0,10.0,5,0.0,1.0,0,1.0,3.0,3.0,-1.0,0.0,4.5,-20.0,21.0,-0.0,-0.0,-0.0,10,60,0,0,0,60,2,1,0,1,0,0,0,0,0,0,0,0,0,10,1,1,1,0,0,0,3,0,0,0,0,0,0,0,0,0,0,0,0,0,0,0,0,0,0,0
Goat,beast,Medium,0,0.0,4 (1d8),4,10,10,-1.9002311317800693,-5.900231131780069,-147.50577829450174,80.53097345132744,4.5,10.0,2.0,2.0,10.0,3,10.0,3.5,0,3.5,0.0,1.0,1.5,0.0,4.5,-1.75,5.75,-0.0,-0.0,-0.0,40,0,0,0,0,40,1,0,0,0,0,0,0,0,0,0,0,0,0,10,1,1,1,0,0,0,3,0,0,0,0,0,0,2,0,0,0,0,0,0,0,0,0,1,0,0
Quipper,beast,Tiny,0,0.0,1 (1d4-1),1,13,13,-19.743627805956045,-20.743627805956045,-2074.3627805956044,100.0,4.5,10.0,2.0,2.0,10.0,5,0.0,1.0,0,1.0,3.0,3.0,-1.0,0.0,4.5,-15.0,16.0,-0.0,-0.0,-0.0,0,0,40,0,0,40,1,0,0,0,0,0,0,0,1,0,0,0,0,10,1,1,1,0,0,0,3,0,0,0,0,0,0,0,0,0,0,0,0,0,0,0,0,0,0,0
Spider,beast,Tiny,0,0.0,1 (1d4-1),1,12,12,-8.62211356939412,-9.62211356939412,-962.211356939412,96.46017699115043,4.5,10.0,2.0,2.0,10.0,4,9.0,3.5,0,3.5,2.0,2.0,1.5,-1.0,4.5,-8.25,9.25,-0.0,-0.0,-0.0,20,0,0,0,20,20,2,0,0,1,0,0,0,0,1,-30,0,0,0,10,1,1,1,0,0,0,3,0,0,0,0,0,0,0,0,0,0,0,0,0,0,0,0,0,0,0
Weasel,beast,Tiny,0,0.0,1 (1d4-1),1,13,13,-9.356787625042246,-10.356787625042246,-1035.6787625042246,97.34513274336283,4.5,10.0,2.0,2.0,10.0,5,0.0,1.0,0,1.0,3.0,3.0,-1.0,0.0,4.5,-15.0,16.0,-0.0,-0.0,-0.0,30,0,0,0,0,30,1,0,0,2,0,0,0,0,0,0,0,0,0,10,1,1,1,0,0,0,3,0,0,0,0,0,0,0,0,0,0,0,0,0,0,0,0,0,0,0
Vulture,beast,Medium,0,0.0,5 (1d8+1),5,10,10,4.217651367573206,-0.7823486324267943,-15.646972648535886,18.58407079646018,4.5,10.0,2.0,2.0,10.0,2,0.0,2.5,0,2.5,0.0,0.0,0.5,0.0,4.5,-1.25,6.25,-0.0,-0.0,-0.0,10,50,0,0,0,50,2,1,0,1,0,0,0,0,0,0,0,0,0,10,1,1,1,0,0,0,3,0,0,0,0,0,0,2,0,0,0,0,0,0,1,0,0,0,0,0
Shrieker,plant,Medium,0,0.0,13 (3d8),13,5,5,27.353226668789794,14.353226668789794,110.40943591376764,75.22123893805309,4.5,10.0,2.0,2.0,10.0,0,0.0,0.0,0,0.0,-5.0,-2.0,-2.0,0.0,4.5,30.5,-17.5,0.0,0.0,0.0,0,0,0,0,0,0,0,0,0,0,0,0,0,3,0,0,1,0,0,10,1,1,1,0,0,0,3,0,0,0,0,0,0,2,0,0,0,0,0,0,0,0,0,0,0,0
Sea Horse,beast,Tiny,0,0.0,1 (1d4-1),1,11,11,7.276116378834773,6.276116378834773,627.6116378834773,94.69026548672566,4.5,10.0,2.0,2.0,10.0,0,0.0,0.0,0,0.0,1.0,-2.0,-2.0,0.0,4.5,12.5,-11.5,0.0,0.0,0.0,0,0,20,0,0,20,1,0,0,0,0,0,0,0,0,0,0,0,0,10,1,1,1,0,0,0,3,0,0,0,0,0,0,0,0,0,0,0,0,0,0,0,0,0,0,0
Scorpion,beast,Tiny,0,0.0,1 (1d4-1),1,11 (Natural Armor),11,-2.7519418025526488,-3.7519418025526488,-375.1941802552649,88.49557522123894,4.5,10.0,2.0,2.0,10.0,2,9.0,5.5,0,5.5,1.0,0.0,3.5,-1.0,4.5,-0.25,1.25,-0.0,-0.0,-0.0,10,0,0,0,0,10,1,0,0,0,0,0,0,0,0,0,1,0,0,10,1,1,1,0,0,0,3,0,0,0,0,0,0,0,0,0,0,0,0,0,0,0,0,0,0,0
Commoner,humanoid (any race),Medium,0,0.0,4 (1d8),4,10,10,6.417824042795914,2.417824042795914,60.44560106989785,51.32743362831859,4.5,10.0,2.0,2.0,10.0,2,0.0,2.5,0,2.5,0.0,0.0,0.5,0.0,4.5,3.75,0.25,0.0,0.0,0.0,30,0,0,0,0,30,1,0,0,0,0,0,0,0,0,0,0,0,0,10,1,1,1,0,0,0,3,0,0,0,0,0,0,2,0,0,0,0,0,0,0,0,0,0,0,0
Badger,beast,Tiny,0,0.0,3 (1d4+1),3,10,10,4.381608479852915,1.3816084798529147,46.05361599509716,44.24778761061947,4.5,10.0,2.0,2.0,10.0,2,0.0,1.0,0,1.0,0.0,0.0,-1.0,0.0,4.5,6.0,-3.0,0.0,0.0,0.0,20,0,0,5,0,20,2,0,0,0,0,0,0,0,1,-30,0,0,0,10,1,1,1,0,0,0,3,0,0,0,0,0,0,0,0,0,0,0,0,0,0,0,0,0,0,0
Baboon,beast,Small,0,0.0,3 (1d6),3,12,12,-2.188772063524238,-5.1887720635242385,-172.9590687841413,81.41592920353983,4.5,10.0,2.0,2.0,10.0,1,0.0,3.5,0,3.5,2.0,-1.0,1.5,0.0,4.5,0.25,2.75,0.0,0.0,0.0,30,0,0,0,30,30,2,0,0,0,0,0,0,0,0,0,0,0,0,10,1,1,1,0,0,0,3,0,0,0,0,0,0,1,0,0,0,0,0,0,1,0,0,0,0,0
Bat,beast,Tiny,0,0.0,1 (1d4-1),1,12,12,-1.6640320778331343,-2.6640320778331343,-266.4032077833134,86.72566371681415,4.5,10.0,2.0,2.0,10.0,0,0.0,1.0,0,1.0,2.0,-2.0,-1.0,0.0,4.5,3.0,-2.0,0.0,0.0,0.0,5,30,0,0,0,30,2,1,0,0,0,0,0,0,0,0,1,0,0,10,1,1,1,0,0,0,3,0,0,0,0,0,0,0,0,0,0,0,1,0,0,0,0,0,0,0
Cat,beast,Tiny,0,0.0,2 (1d4),2,12,12,14.003821878738469,12.003821878738469,600.1910939369235,93.80530973451327,4.5,10.0,2.0,2.0,10.0,0,0.0,1.0,0,1.0,2.0,-2.0,-1.0,0.0,4.5,8.0,-6.0,0.0,0.0,0.0,40,0,0,0,30,40,2,0,0,2,0,0,0,0,0,0,0,0,0,10,1,1,1,0,0,0,3,0,0,0,0,0,0,0,0,0,0,0,0,0,0,0,0,0,0,0
Crab,beast,Tiny,0,0.0,2 (1d4),2,11 (Natural Armor),11,13.25172616763756,11.25172616763756,562.586308381878,92.03539823008849,4.5,10.0,2.0,2.0,10.0,0,0.0,1.0,0,1.0,1.0,-2.0,-1.0,0.0,4.5,11.0,-9.0,0.0,0.0,0.0,20,0,20,0,0,20,2,0,0,1,0,0,0,0,0,0,1,0,0,10,1,1,1,0,0,0,3,0,0,0,0,0,0,0,0,0,0,0,0,0,0,0,0,0,0,0
Giant Weasel,beast,Medium,1/8,0.125,9 (2d8),9,13,13,2.3450118870239782,-6.654988112976022,-73.94431236640024,60.17699115044248,13.5,11.0,3.0,3.0,11.0,5,0.0,5.5,0,5.5,2.0,2.0,2.5,0.0,13.5,-4.25,13.25,-0.0,-0.0,-0.0,40,0,0,0,0,40,1,0,0,2,0,0,0,0,1,0,0,0,0,10,1,1,1,0,0,0,3,0,0,0,0,0,0,2,0,0,0,0,0,0,0,0,0,0,0,0
Giant Rat,beast,Small,1/8,0.125,7 (2d6),7,12,12,4.652816066516804,-2.347183933483196,-33.53119904975994,36.283185840707965,13.5,11.0,3.0,3.0,11.0,4,0.0,4.5,0,4.5,1.0,1.0,1.5,0.0,13.5,4.25,2.75,0.0,0.0,0.0,30,0,0,0,0,30,1,0,0,0,0,0,0,0,1,0,0,0,0,10,1,1,1,0,0,0,3,0,0,0,0,0,0,1,0,0,0,0,0,0,1,0,0,0,0,0
Merfolk,humanoid (merfolk),Medium,1/8,0.125,11 (2d8+2),11,11,11,14.02938622726945,3.02938622726945,27.53987479335864,31.858407079646017,13.5,11.0,3.0,3.0,11.0,2,0.0,3.5,0,3.5,0.0,-1.0,0.5,0.0,13.5,16.75,-5.75,0.0,0.0,0.0,10,0,40,0,0,40,2,0,0,1,0,0,0,0,0,0,0,0,0,10,1,1,1,0,0,0,3,0,0,0,0,0,0,2,0,0,0,0,0,0,0,0,0,0,0,0
Tribal Warrior,humanoid (any race),Medium,1/8,0.125,11 (2d8+2),11,12 (Hide Armor),12,8.035501355369327,-2.964498644630673,-26.949987678460662,30.973451327433626,13.5,11.0,3.0,3.0,11.0,3,0.0,4.5,0,4.5,1.0,0.0,1.5,0.0,13.5,8.25,2.75,0.0,0.0,0.0,30,0,0,0,0,30,1,0,0,0,0,0,0,0,0,0,0,0,0,10,1,1,1,0,0,0,3,0,0,0,0,0,0,2,0,0,0,0,0,0,1,0,0,0,0,0
Stirge,beast,Tiny,1/8,0.125,2 (1d4),2,14 (Natural Armor),14,-9.04344135698276,-11.04344135698276,-552.172067849138,91.1504424778761,13.5,11.0,3.0,3.0,11.0,5,0.0,5.5,0,5.5,3.0,2.0,2.5,0.0,13.5,-12.25,14.25,-0.0,-0.0,-0.0,10,40,0,0,0,40,2,1,0,0,0,0,0,0,1,0,0,0,0,10,1,1,1,0,0,0,3,0,0,0,0,0,0,0,0,0,0,0,0,0,0,0,0,0,0,0
Pony,beast,Medium,1/8,0.125,11 (2d8+2),11,10,10,12.877906026347961,1.8779060263479614,17.07187296679965,22.123893805309734,13.5,11.0,3.0,3.0,11.0,4,0.0,7.0,0,7.0,-1.0,1.0,4.0,0.0,13.5,6.5,4.5,0.0,0.0,0.0,40,0,0,0,0,40,1,0,0,0,0,0,0,0,0,0,0,0,0,10,1,1,1,0,0,0,3,0,0,0,0,0,0,2,0,0,0,0,0,0,0,0,0,0,0,0
Poisonous Snake,beast,Tiny,1/8,0.125,2 (1d4),2,13,13,4.593383128456189,2.593383128456189,129.66915642280946,78.76106194690266,13.5,11.0,3.0,3.0,11.0,5,10.0,6.0,0,6.0,2.0,2.0,3.0,-1.0,13.5,-1.5,3.5,-0.0,-0.0,-0.0,30,0,30,0,0,30,2,0,0,0,0,0,0,0,0,0,1,0,0,10,1,1,1,0,0,0,3,0,0,0,0,0,0,0,0,0,0,0,0,0,0,0,0,0,0,0
Mastiff,beast,Medium,1/8,0.125,5 (1d8+1),5,12,12,8.462263973423084,3.4622639734230845,69.24527946846169,56.63716814159292,13.5,11.0,3.0,3.0,11.0,3,11.0,4.5,0,4.5,1.0,0.0,1.5,0.0,13.5,8.25,-3.25,0.0,0.0,0.0,40,0,0,0,0,40,1,0,0,1,0,0,0,0,0,0,0,0,0,10,1,1,1,0,0,0,3,0,0,0,0,0,0,2,0,0,0,0,0,0,0,0,0,1,0,0
Noble,humanoid (any race),Medium,1/8,0.125,9 (2d8),9,15 (Breastplate),15,1.5053093584053743,-7.494690641594626,-83.27434046216251,66.3716814159292,13.5,11.0,3.0,3.0,11.0,3,0.0,5.5,0,5.5,4.0,0.0,2.5,0.0,13.5,-2.25,11.25,-0.0,-0.0,-0.0,30,0,0,0,0,30,1,0,0,3,0,0,0,0,0,0,0,0,0,10,1,1,1,0,0,0,3,0,0,0,0,0,0,2,0,0,0,0,0,0,0,0,0,0,0,0
Blood Hawk,beast,Small,1/8,0.125,7 (2d6),7,12,12,12.366284507255608,5.3662845072556085,76.6612072465087,63.716814159292035,13.5,11.0,3.0,3.0,11.0,4,0.0,4.5,0,4.5,1.0,1.0,1.5,0.0,13.5,-0.75,7.75,-0.0,-0.0,-0.0,10,60,0,0,0,60,2,1,0,1,0,0,0,0,0,0,0,0,0,10,1,1,1,0,0,0,3,0,0,0,0,0,0,1,0,0,0,0,0,0,1,0,0,0,0,0
Cultist,humanoid (any race),Medium,1/8,0.125,9 (2d8),9,12 (Leather Armor),12,8.999980129692517,-1.9870307482960925e-05,-0.0002207811942551214,0.8849557522123894,13.5,11.0,3.0,3.0,11.0,3,0.0,4.5,0,4.5,1.0,0.0,1.5,0.0,13.5,8.25,0.75,0.0,0.0,0.0,30,0,0,0,0,30,1,0,0,2,0,0,0,0,0,0,0,0,0,10,1,1,1,0,0,0,3,0,0,0,0,0,0,2,0,0,0,1,0,1,0,0,0,0,0,0
Camel,beast,Large,1/8,0.125,15 (2d10+4),15,9,9,21.21278894902224,6.21278894902224,41.4185929934816,39.823008849557525,13.5,11.0,3.0,3.0,11.0,5,0.0,2.5,0,2.5,-2.0,2.0,-0.5,0.0,13.5,12.25,2.75,0.0,0.0,0.0,50,0,0,0,0,50,1,0,0,0,0,0,0,0,0,0,0,0,0,10,1,1,1,0,0,0,3,0,0,0,0,0,0,3,0,0,0,0,0,0,0,0,0,0,0,0
Bandit,humanoid (any race),Medium,1/8,0.125,11 (2d8+2),11,12 (Leather Armor),12,9.417824042795914,-1.582175957204086,-14.38341779276442,16.8141592920354,13.5,11.0,3.0,3.0,11.0,3,0.0,5.5,0,5.5,1.0,0.0,2.5,0.0,13.5,6.75,4.25,0.0,0.0,0.0,30,0,0,0,0,30,1,0,0,0,0,0,0,0,0,0,0,0,0,10,1,1,1,0,0,0,3,0,0,0,0,0,0,2,0,0,0,0,0,0,0,0,0,0,0,0
Mule,beast,Medium,1/8,0.125,11 (2d8+2),11,10,10,18.099768868219932,7.0997688682199325,64.54335334745393,53.98230088495575,13.5,11.0,3.0,3.0,11.0,2,0.0,4.5,0,4.5,-1.0,-1.0,1.5,0.0,13.5,18.25,-7.25,0.0,0.0,0.0,40,0,0,0,0,40,1,0,0,0,0,0,0,0,0,0,0,0,0,10,1,1,1,0,0,0,3,0,0,0,0,0,0,2,0,0,0,0,0,0,0,0,0,1,0,0
Kobold,humanoid (kobold),Small,1/8,0.125,5 (2d6-2),5,12,12,4.652816066516804,-0.3471839334831959,-6.9436786696639174,5.3097345132743365,13.5,11.0,3.0,3.0,11.0,4,0.0,4.5,0,4.5,1.0,1.0,1.5,0.0,13.5,4.25,0.75,0.0,0.0,0.0,30,0,0,0,0,30,1,0,0,0,0,0,0,0,1,0,0,0,0,10,1,1,1,0,0,0,3,0,0,0,0,0,0,1,0,0,0,0,0,0,1,0,0,0,0,0
Guard,humanoid (any race),Medium,1/8,0.125,11 (2d8+2),11,"16 (Chain Shirt, Shield)",16,-2.219680852000933,-13.219680852000932,-120.17891683637212,76.99115044247787,13.5,11.0,3.0,3.0,11.0,3,0.0,5.5,0,5.5,5.0,0.0,2.5,0.0,13.5,-5.25,16.25,-0.0,-0.0,-0.0,30,0,0,0,0,30,1,0,0,1,0,0,0,0,0,0,0,0,0,10,1,1,1,0,0,0,3,0,0,0,0,0,0,2,0,0,0,0,0,0,0,0,0,0,0,0
Giant Crab,beast,Medium,1/8,0.125,13 (3d8),13,15 (Natural Armor),15,3.4554801119038103,-9.54451988809619,-73.41938375458608,59.29203539823009,13.5,11.0,3.0,3.0,11.0,3,11.0,4.5,0,4.5,4.0,0.0,1.5,0.0,13.5,-0.75,13.75,-0.0,-0.0,-0.0,30,0,30,0,0,30,2,0,0,1,0,0,0,0,0,0,1,0,0,10,1,1,1,0,0,0,3,0,0,0,0,0,0,2,1,0,0,0,0,0,0,0,0,0,0,0
Flying Snake,beast,Tiny,1/8,0.125,5 (2d4),5,14,14,4.606636081365643,-0.39336391863435693,-7.86727837268714,6.1946902654867255,13.5,11.0,3.0,3.0,11.0,6,0.0,8.5,0,8.5,3.0,3.0,5.5,0.0,13.5,-20.75,25.75,-0.0,-0.0,-0.0,30,60,30,0,0,60,3,1,0,0,0,0,0,0,0,0,1,0,0,10,1,1,1,0,0,0,3,0,0,0,0,0,0,0,0,0,0,0,0,0,0,0,0,0,0,0
Diseased Giant Rat,beast,Small,1/8,0.125,7,7,12,12,8.152816066516804,1.1528160665168041,16.46880095024006,20.353982300884958,13.5,11.0,3.0,3.0,11.0,4,10.0,4.5,0,4.5,1.0,1.0,1.5,-1.0,13.5,7.75,-0.75,0.0,0.0,0.0,30,0,0,0,0,30,1,0,0,0,0,0,0,0,1,0,0,0,0,10,1,1,1,0,0,0,3,0,0,0,0,0,0,1,0,0,0,0,0,0,1,0,0,0,0,0
Panther,beast,Medium,1/4,0.25,13 (3d8),13,12,12,4.046227516984662,-8.953772483015339,-68.87517294627183,55.75221238938053,19.5,11.0,3.0,5.0,11.0,4,12.0,8.25,0,8.25,1.0,1.0,3.25,1.0,19.5,4.125,8.875,0.0,0.0,0.0,50,0,0,0,40,50,2,0,0,2,0,0,0,0,0,0,0,0,0,10,1,1,1,0,0,0,3,0,0,0,0,0,0,2,0,0,0,0,0,0,0,0,0,1,0,0
Riding Horse,beast,Large,1/4,0.25,13 (2d10+2),13,10,10,22.672870932574284,9.672870932574284,74.40669948134064,61.06194690265486,19.5,11.0,3.0,5.0,11.0,5,0.0,8.0,0,8.0,-1.0,2.0,3.0,0.0,19.5,10.0,3.0,0.0,0.0,0.0,60,0,0,0,0,60,1,0,0,0,0,0,0,0,0,0,0,0,0,10,1,1,1,0,0,0,3,0,0,0,0,0,0,3,0,0,0,0,0,0,0,0,0,0,0,0
Skeleton,undead,Medium,1/4,0.25,13 (2d8+4),13,13 (Armor Scraps),13,1.5152173120482804,-11.48478268795172,-88.34448221501323,70.79646017699115,19.5,11.0,3.0,5.0,11.0,4,0.0,5.5,0,5.5,2.0,1.0,0.5,0.0,9.75,-1.0,14.0,-0.0,-0.0,-0.0,30,0,0,0,0,30,1,0,0,0,0,1,1,2,1,0,0,0,0,10,1,1,1,0,0,0,3,0,0,0,0,0,0,2,0,0,0,0,0,0,0,0,0,0,0,0
Swarm of Rats,swarm of tiny beasts,Medium,1/4,0.25,24 (7d8-7),24,10,10,30.166671383269787,6.166671383269787,25.694464096957443,30.08849557522124,19.5,11.0,3.0,5.0,11.0,2,0.0,7.0,0,7.0,-1.0,-1.0,2.0,0.0,9.75,13.75,10.25,0.0,0.0,0.0,30,0,0,0,0,30,1,0,0,0,3,0,0,8,1,-30,0,0,0,10,1,1,1,0,0,0,3,0,0,0,0,0,0,2,0,0,0,0,0,0,0,0,0,0,0,0
Violet Fungus,plant,Medium,1/4,0.25,18 (4d8),18,5,5,33.901218377061355,15.901218377061355,88.3401020947853,69.91150442477876,19.5,11.0,3.0,5.0,11.0,2,0.0,9.0,0,9.0,-6.0,-1.0,4.0,0.0,19.5,35.5,-17.5,0.0,0.0,0.0,5,0,0,0,0,5,1,0,0,0,0,0,0,3,0,0,1,0,0,10,1,1,1,0,0,0,3,0,0,0,0,0,0,2,0,0,0,0,0,0,0,0,0,0,0,0
Swarm of Ravens,swarm of tiny beasts,Medium,1/4,0.25,24 (7d8-7),24,12,12,16.09374373151814,-7.906256268481862,-32.942734452007755,35.39823008849557,19.5,11.0,3.0,5.0,11.0,4,0.0,7.0,0,7.0,1.0,1.0,2.0,0.0,9.75,-5.25,29.25,-0.0,-0.0,-0.0,10,50,0,0,0,50,2,1,0,0,3,0,0,8,0,0,0,0,0,10,1,1,1,0,0,0,3,0,0,0,0,0,0,2,0,0,0,0,0,0,0,0,0,0,0,0
Goblin,humanoid (goblinoid),Small,1/4,0.25,7 (2d6),7,"15 (Leather Armor, Shield)",15,6.397633859146543,-0.6023661408534569,-8.605230583620813,7.079646017699115,19.5,11.0,3.0,5.0,11.0,4,0.0,5.5,0,5.5,4.0,1.0,0.5,0.0,19.5,2.75,4.25,0.0,0.0,0.0,30,0,0,0,0,30,1,0,0,1,0,0,0,0,1,0,0,0,0,10,1,1,1,0,0,0,3,0,0,0,0,0,0,1,0,0,0,0,0,0,0,0,0,0,0,0
Giant Wolf Spider,beast,Medium,1/4,0.25,11 (2d8+2),11,13,13,4.5085691302429005,-6.4914308697570995,-59.01300790688272,49.557522123893804,19.5,11.0,3.0,5.0,11.0,3,11.0,11.5,0,11.5,2.0,0.0,6.5,0.0,19.5,3.75,7.25,0.0,0.0,0.0,40,0,0,0,40,40,2,0,0,2,0,0,0,0,1,0,1,0,0,10,1,1,1,0,0,0,3,0,0,0,0,0,0,2,0,1,0,0,0,0,0,1,0,0,0,0
Acolyte,humanoid (any race),Medium,1/4,0.25,9 (2d8),9,10,10,8.999913394888612,-8.660511138813831e-05,-0.000962279015423759,2.6548672566371683,19.5,11.0,3.0,5.0,11.0,2,12.0,2.5,0,2.5,-1.0,-1.0,-2.5,1.0,19.5,26.75,-17.75,0.0,0.0,0.0,30,0,0,0,0,30,1,0,0,2,0,0,0,0,0,0,0,0,0,10,1,1,1,0,0,0,3,0,0,0,0,1,1,2,0,0,0,0,0,0,0,0,0,0,0,0
Axe Beak,beast,Large,1/4,0.25,19 (3d10+3),19,11,11,22.21278894902224,3.21278894902224,16.909415521169684,21.238938053097346,19.5,11.0,3.0,5.0,11.0,4,0.0,6.5,0,6.5,0.0,1.0,1.5,0.0,19.5,13.25,5.75,0.0,0.0,0.0,50,0,0,0,0,50,1,0,0,0,0,0,0,0,0,0,0,0,0,10,1,1,1,0,0,0,3,0,0,0,0,0,0,3,0,0,0,0,0,0,0,0,0,0,0,0
Draft Horse,beast,Large,1/4,0.25,19 (3d10+3),19,10,10,9.752706965470194,-9.247293034529806,-48.669963339630556,46.017699115044245,19.5,11.0,3.0,5.0,11.0,6,0.0,9.0,0,9.0,-1.0,3.0,4.0,0.0,19.5,4.5,14.5,0.0,0.0,0.0,40,0,0,0,0,40,1,0,0,0,0,0,0,0,0,0,0,0,0,10,1,1,1,0,0,0,3,0,0,0,0,0,0,3,0,0,0,0,0,0,0,0,0,0,0,0
Elk,beast,Large,1/4,0.25,13 (2d10+2),13,10,10,5.434651790894211,-7.565348209105789,-58.19498622389069,47.78761061946903,19.5,11.0,3.0,5.0,11.0,5,13.0,8.0,0,8.0,-1.0,2.0,3.0,2.0,19.5,3.0,10.0,0.0,0.0,0.0,50,0,0,0,0,50,1,0,0,0,0,0,0,0,0,0,0,0,0,10,1,1,1,0,0,0,3,0,0,0,0,0,0,3,0,0,0,0,0,0,0,0,0,1,0,0
Pseudodragon,dragon,Tiny,1/4,0.25,7 (2d4+2),7,13,13,23.033647863255553,16.033647863255553,229.05211233222218,83.1858407079646,19.5,11.0,3.0,5.0,11.0,4,11.0,4.5,0,4.5,2.0,1.0,-0.5,0.0,19.5,5.25,1.75,0.0,5.25,0.0,15,60,0,0,0,60,2,1,0,2,0,0,0,0,1,0,1,0,0,10,1,1,1,0,0,0,3,0,0,1,0,0,0,0,0,1,0,0,0,0,0,0,0,0,0,0
Grimlock,humanoid (grimlock),Medium,1/4,0.25,11 (2d8+2),11,11,11,1.0053093584053743,-9.994690641594627,-90.86082401449661,71.68141592920354,19.5,11.0,3.0,5.0,11.0,5,0.0,8.0,0,8.0,0.0,2.0,3.0,0.0,9.75,-2.75,13.75,-0.0,-0.0,-0.0,30,0,0,0,0,30,1,0,0,3,0,1,0,0,0,0,1,0,0,10,1,1,1,0,0,0,3,0,0,0,0,0,0,2,0,0,0,0,1,0,0,0,0,0,0,0
Giant Frog,beast,Medium,1/4,0.25,18 (4d8),18,11,11,15.546082441653187,-2.453917558346813,-13.63287532414896,14.15929203539823,19.5,11.0,3.0,5.0,11.0,3,11.0,4.5,0,4.5,0.0,0.0,-0.5,0.0,19.5,20.25,-2.25,0.0,0.0,0.0,30,0,30,0,0,30,2,0,0,2,0,0,0,0,1,-30,0,0,0,10,1,1,1,0,0,0,3,0,0,0,0,0,0,2,1,0,1,0,0,0,0,0,0,1,1,0
Giant Poisonous Snake,beast,Medium,1/4,0.25,11 (2d8+2),11,14,14,-15.29451988809619,-26.29451988809619,-239.04108989178354,84.070796460177,19.5,11.0,3.0,5.0,11.0,6,11.0,17.0,0,17.0,3.0,3.0,12.0,0.0,19.5,-19.5,30.5,-0.0,-0.0,-0.0,30,0,30,0,0,30,2,0,0,1,0,0,0,0,0,0,1,0,0,10,1,1,1,0,0,0,3,0,0,0,0,0,0,2,0,0,0,0,0,0,0,0,0,0,0,0
Wolf,beast,Medium,1/4,0.25,11 (2d8+2),11,13 (Natural Armor),13,4.192436391199651,-6.807563608800349,-61.886941898184986,52.21238938053098,19.5,11.0,3.0,5.0,11.0,4,11.0,7.0,0,7.0,2.0,1.0,2.0,0.0,19.5,6.5,4.5,0.0,0.0,0.0,40,0,0,0,0,40,1,0,0,2,0,0,0,0,0,0,0,0,0,10,1,1,1,0,0,0,3,0,0,0,0,0,0,2,0,0,0,0,0,0,1,0,0,1,0,0
Zombie,undead,Medium,1/4,0.25,22 (3d8+9),22,8,8,29.052612535473298,7.052612535473298,32.057329706696805,34.51327433628318,19.5,11.0,3.0,5.0,11.0,3,0.0,4.5,0,4.5,-3.0,0.0,-0.5,0.0,9.75,19.5,2.5,0.0,0.0,0.0,20,0,0,0,0,20,1,0,1,0,0,1,0,1,1,0,0,0,0,10,1,1,1,0,0,0,3,0,0,0,0,0,0,2,0,0,0,0,0,0,0,0,0,0,0,0
Steam Mephit,elemental,Small,1/4,0.25,21 (6d6),21,10,10,18.173645218038615,-2.826354781961385,-13.458832295054213,13.274336283185843,19.5,11.0,3.0,5.0,11.0,2,10.0,5.0,0,5.0,-1.0,-1.0,0.0,-1.0,9.75,15.25,5.75,0.0,0.0,0.0,30,30,0,0,0,30,2,1,0,0,0,2,0,1,1,0,0,0,0,10,1,1,1,0,0,0,3,0,0,0,0,1,0,1,0,0,0,0,0,0,0,0,0,0,0,0
Constrictor Snake,beast,Large,1/4,0.25,13 (2d10+2),13,12,12,1.9010669281830914,-11.098933071816909,-85.37640824474545,67.2566371681416,19.5,11.0,3.0,5.0,11.0,4,14.0,6.5,0,6.5,1.0,1.0,1.5,3.0,19.5,-0.25,13.25,-0.0,-0.0,-0.0,30,0,30,0,0,30,2,0,0,0,0,0,0,0,0,0,1,0,0,10,1,1,1,0,0,0,3,0,0,0,0,0,0,3,1,0,0,0,0,0,0,0,0,0,1,0
Blink Dog,fey,Medium,1/4,0.25,22 (4d8+4),22,13,13,21.35289623675427,-0.647103763245731,-2.9413807420260505,4.424778761061947,19.5,11.0,3.0,5.0,11.0,3,0.0,4.5,0,4.5,2.0,0.0,-0.5,0.0,19.5,14.25,7.75,0.0,0.0,0.0,40,0,0,0,0,40,1,0,0,2,0,0,0,0,0,0,0,0,0,10,1,1,1,0,0,0,3,0,0,0,0,0,0,2,0,0,0,0,0,0,0,0,0,0,0,0
Boar,beast,Medium,1/4,0.25,11 (2d8+2),11,11 (Natural Armor),11,20.099768868219932,9.099768868219932,82.72517152927212,65.48672566371681,19.5,11.0,3.0,5.0,11.0,3,11.0,4.5,0,4.5,0.0,0.0,-0.5,0.0,19.5,20.25,-9.25,0.0,0.0,0.0,40,0,0,0,0,40,1,0,0,0,0,0,0,0,0,0,0,0,0,10,1,1,1,0,0,0,3,0,0,0,0,0,0,2,0,0,0,0,0,0,0,0,0,1,0,0
Sprite,fey,Tiny,1/4,0.25,2 (1d4),2,15 (Leather Armor),15,4.439433203153838,2.439433203153838,121.9716601576919,77.87610619469027,19.5,11.0,3.0,5.0,11.0,6,10.0,1.0,0,1.0,4.0,3.0,-4.0,-1.0,19.5,0.0,2.0,0.0,0.0,0.0,10,40,0,0,0,40,2,1,0,2,0,0,0,0,0,0,0,0,0,10,1,1,1,0,0,0,3,0,0,0,0,0,0,0,0,1,0,0,0,0,0,0,0,0,0,0
Swarm of Bats,swarm of tiny beasts,Medium,1/4,0.25,22 (5d8),22,12,12,2.6438428738612725,-19.356157126138726,-87.98253239153966,69.02654867256636,19.5,11.0,3.0,5.0,11.0,4,0.0,5.0,0,5.0,1.0,1.0,0.0,0.0,9.75,-2.25,24.25,-0.0,-0.0,-0.0,0,30,0,0,0,30,1,1,0,0,3,0,0,8,0,0,1,0,0,10,1,1,1,0,0,0,3,0,0,0,0,0,0,2,0,0,0,0,1,0,0,0,0,0,0,0
Giant Badger,beast,Medium,1/4,0.25,13 (2d8+4),13,10,10,11.179227365255038,-1.8207726347449622,-14.005943344192017,15.929203539823009,19.5,11.0,3.0,5.0,11.0,3,0.0,10.5,0,10.5,-1.0,0.0,5.5,0.0,19.5,14.25,-1.25,0.0,0.0,0.0,30,0,0,10,0,30,2,0,0,0,0,0,0,0,1,-30,0,0,0,10,1,1,1,0,0,0,3,0,0,0,0,0,0,2,0,0,0,0,0,0,0,0,0,0,0,0
Giant Centipede,beast,Small,1/4,0.25,4 (1d6+1),4,13 (Natural Armor),13,-6.529278587685107,-10.529278587685107,-263.2319646921277,85.84070796460178,19.5,11.0,3.0,5.0,11.0,4,11.0,15.0,0,15.0,2.0,1.0,10.0,0.0,19.5,-5.5,9.5,-0.0,-0.0,-0.0,30,0,0,0,30,30,2,0,0,0,0,0,0,0,0,0,1,0,0,10,1,1,1,0,0,0,3,0,0,0,0,0,0,1,0,1,0,0,0,0,0,1,0,0,0,0
Giant Bat,beast,Large,1/4,0.25,22 (4d10),22,13,13,17.135713967723508,-4.8642860322764925,-22.11039105580224,26.548672566371685,19.5,11.0,3.0,5.0,11.0,4,0.0,5.5,0,5.5,2.0,1.0,0.5,0.0,19.5,3.75,18.25,0.0,0.0,0.0,10,60,0,0,0,60,2,1,0,0,0,0,0,0,0,0,1,0,0,10,1,1,1,0,0,0,3,0,0,0,0,0,0,3,0,0,0,0,1,0,0,0,0,0,0,0
Dretch,fiend (demon),Small,1/4,0.25,18 (4d6+4),18,11 (Natural Armor),11,4.86958986810653,-13.13041013189347,-72.94672295496372,58.4070796460177,19.5,11.0,3.0,5.0,11.0,2,11.0,8.5,0,8.5,0.0,-1.0,3.5,0.0,4.875,3.625,14.375,0.0,0.0,0.0,20,0,0,0,0,20,1,0,0,0,3,1,0,1,1,0,0,0,0,10,1,1,1,0,0,0,3,0,0,0,0,0,0,1,0,1,0,0,0,0,0,0,0,0,0,0
Giant Lizard,beast,Large,1/4,0.25,19 (3d10+3),19,12 (Natural Armor),12,8.835735060899184,-10.164264939100816,-53.49613125842535,46.902654867256636,19.5,11.0,3.0,5.0,11.0,4,0.0,6.5,0,6.5,1.0,1.0,1.5,0.0,19.5,10.25,8.75,0.0,0.0,0.0,30,0,0,0,30,30,2,0,0,0,0,0,0,0,1,-30,0,0,0,10,1,1,1,0,0,0,3,0,0,0,0,0,0,3,0,0,0,0,0,0,0,0,0,0,0,0
Giant Owl,beast,Large,1/4,0.25,19 (3d10+3),19,12,12,16.94684501965818,-2.0531549803418194,-10.806078843904313,9.734513274336283,19.5,11.0,3.0,5.0,11.0,3,0.0,8.0,0,8.0,1.0,0.0,3.0,0.0,19.5,7.0,12.0,0.0,0.0,0.0,5,60,0,0,0,60,2,1,0,2,0,0,0,0,1,60,0,0,0,10,1,1,1,0,0,0,3,0,0,0,0,0,0,3,0,0,0,0,0,0,0,0,0,0,0,0
Flying Sword,construct,Small,1/4,0.25,17 (5d6),17,17 (Natural Armor),17,9.947276035451083,-7.0527239645489175,-41.486611556170104,40.707964601769916,19.5,11.0,3.0,5.0,11.0,3,0.0,5.5,0,5.5,6.0,0.0,0.5,0.0,9.75,-14.0,31.0,-0.0,-0.0,-0.0,0,50,0,0,0,50,1,1,1,0,0,2,0,7,0,0,1,0,0,10,1,1,1,0,0,0,3,0,0,0,0,0,0,1,0,0,0,0,0,0,1,0,0,0,0,0
Drow,humanoid (elf),Medium,1/4,0.25,13 (3d8),13,15 (Chain Shirt),15,-4.88998126360889,-17.889981263608888,-137.61524048929914,79.64601769911505,19.5,11.0,3.0,5.0,11.0,4,13.0,5.5,0,5.5,4.0,1.0,0.5,2.0,19.5,-4.25,17.25,-0.0,-0.0,-0.0,30,0,0,0,0,30,1,0,0,2,0,0,0,0,1,60,0,0,0,10,1,1,1,0,0,0,3,0,0,0,0,1,0,2,0,1,0,1,0,0,0,0,0,0,0,0
Magma Mephit,elemental,Small,1/2,0.5,22 (5d6+5),22,11,11,25.30235174679405,3.3023517467940486,15.010689758154767,17.699115044247787,33.0,12.0,4.0,8.0,12.0,3,11.0,6.0,0,6.0,-1.0,-1.0,-2.0,-1.0,16.5,25.0,-3.0,0.0,0.0,0.0,30,30,0,0,0,30,2,1,0,1,0,2,1,1,1,0,0,0,0,10,1,1,1,0,0,0,3,0,0,0,0,1,0,1,0,0,0,0,0,0,0,0,0,0,0,0
Magmin,elemental,Small,1/2,0.5,9 (2d6+2),9,14 (Natural Armor),14,5.28513875394339,-3.7148612460566097,-41.27623606729566,38.93805309734513,33.0,12.0,4.0,8.0,12.0,4,11.0,10.5,0,10.5,2.0,0.0,2.5,-1.0,8.25,2.0,7.0,0.0,0.0,0.0,30,0,0,0,0,30,1,0,0,0,3,1,0,0,1,0,0,0,0,10,1,1,1,0,0,0,3,0,0,0,0,0,0,1,0,0,0,0,0,0,0,0,0,0,0,0
Shadow,undead,Medium,1/2,0.5,16 (3d8+3),16,12,12,23.354992987094604,7.3549929870946045,45.968706169341274,43.36283185840708,33.0,12.0,4.0,8.0,12.0,4,0.0,9.0,0,9.0,0.0,0.0,1.0,0.0,8.25,6.75,9.25,0.0,0.0,0.0,40,0,0,0,0,40,1,0,0,1,7,2,1,8,1,0,0,0,0,10,1,1,1,0,0,0,3,0,0,0,0,0,0,2,0,0,0,0,0,0,0,0,0,0,0,0
Orc,humanoid (orc),Medium,1/2,0.5,15 (2d8+6),15,13 (Hide Armor),13,26.272434798268776,11.272434798268776,75.14956532179184,62.83185840707964,33.0,12.0,4.0,8.0,12.0,5,0.0,9.5,0,9.5,1.0,1.0,1.5,0.0,33.0,23.75,-8.75,0.0,0.0,0.0,30,0,0,0,0,30,1,0,0,1,0,0,0,0,1,0,0,0,0,10,1,1,1,0,0,0,3,0,0,0,0,0,0,2,0,0,0,0,0,0,0,0,0,0,0,0
Hobgoblin,humanoid (goblinoid),Medium,1/2,0.5,11 (2d8+2),11,"18 (Chain Mail, Shield)",18,22.027617005639037,11.027617005639037,100.25106368762762,74.33628318584071,33.0,12.0,4.0,8.0,12.0,3,0.0,5.5,0,5.5,6.0,-1.0,-2.5,0.0,33.0,22.75,-11.75,0.0,0.0,0.0,30,0,0,0,0,30,1,0,0,0,0,0,0,0,1,0,0,0,0,10,1,1,1,0,0,0,3,0,0,0,0,0,0,2,0,0,0,0,0,0,1,0,0,0,0,0
Gray Ooze,ooze,Medium,1/2,0.5,22 (3d8+9),22,8,8,31.556163418259345,9.556163418259345,43.437106446633386,42.47787610619469,33.0,12.0,4.0,8.0,12.0,3,0.0,11.5,0,11.5,-4.0,-1.0,3.5,0.0,16.5,27.25,-5.25,0.0,0.0,0.0,10,0,0,0,10,10,2,0,0,1,3,0,0,6,0,0,1,0,0,10,1,1,1,0,0,0,3,0,0,0,0,0,0,2,0,0,0,0,0,0,0,0,0,0,0,0
Ice Mephit,elemental,Small,1/2,0.5,21 (6d6),21,11,11,26.181058275549486,5.181058275549486,24.67170607404517,28.31858407079646,33.0,12.0,4.0,8.0,12.0,3,10.0,6.0,0,6.0,-1.0,-1.0,-2.0,-2.0,16.5,28.5,-7.5,0.0,0.0,0.0,30,30,0,0,0,30,2,1,0,2,0,2,2,1,1,0,0,0,0,10,1,1,1,0,0,0,3,0,0,0,0,1,0,1,0,0,0,0,0,0,0,0,0,0,0,0
Gnoll,humanoid (gnoll),Medium,1/2,0.5,22 (5d8),22,"15 (Hide Armor, Shield)",15,28.222439693065624,6.222439693065624,28.283816786661927,32.743362831858406,33.0,12.0,4.0,8.0,12.0,4,0.0,6.625,0,6.625,3.0,0.0,-1.375,0.0,33.0,26.0625,-4.0625,0.0,0.0,0.0,30,0,0,0,0,30,1,0,0,0,0,0,0,0,1,0,0,0,0,10,1,1,1,0,0,0,3,0,0,0,0,0,0,2,0,0,0,0,0,0,0,0,0,0,0,0
Dust Mephit,elemental,Small,1/2,0.5,17 (5d6),17,12,12,21.84522769355889,4.84522769355889,28.501339373875823,33.6283185840708,33.0,12.0,4.0,8.0,12.0,4,10.0,4.5,0,4.5,0.0,0.0,-3.5,-2.0,16.5,23.75,-6.75,0.0,0.0,0.0,30,30,0,0,0,30,2,1,0,2,0,1,1,1,1,0,0,0,0,10,1,1,1,0,0,0,3,0,0,0,0,1,0,1,0,0,1,0,0,0,0,0,0,0,0,0
Ape,beast,Medium,1/2,0.5,19 (3d8+6),19,12,12,21.54334177343089,2.543341773430889,13.386009333846784,12.389380530973451,33.0,12.0,4.0,8.0,12.0,5,0.0,13.0,0,13.0,0.0,1.0,5.0,0.0,33.0,21.5,-2.5,0.0,0.0,0.0,30,0,0,0,30,30,2,0,0,2,0,0,0,0,0,0,0,0,0,10,1,1,1,0,0,0,3,0,0,0,0,0,0,2,0,0,0,0,0,0,0,0,0,0,0,0
Deep Gnome (Svirfneblin),humanoid (gnome),Small,1/2,0.5,16 (3d6 + 6),16,15 (chain shirt),15,23.38763091891998,7.387630918919982,46.17269324324988,45.13274336283185,33.0,12.0,4.0,8.0,12.0,4,12.0,6.5,0,6.5,3.0,0.0,-1.5,0.0,33.0,26.25,-10.25,0.0,0.0,0.0,20,0,0,0,0,20,1,0,0,3,0,0,0,0,1,60,0,0,0,10,1,1,1,0,0,0,3,0,0,0,0,1,0,1,0,1,0,0,0,0,0,0,0,0,0,0
Darkmantle,monstrosity,Small,1/2,0.5,22 (5d6+5),22,11,11,19.608685799829964,-2.3913142001700365,-10.869610000772893,10.619469026548673,33.0,12.0,4.0,8.0,12.0,5,13.0,6.5,0,6.5,-1.0,1.0,-1.5,1.0,33.0,25.75,-3.75,0.0,0.0,0.0,10,30,0,0,0,30,2,1,0,1,0,0,0,0,0,0,1,0,0,10,1,1,1,0,0,0,3,0,0,0,0,0,0,1,0,0,1,0,1,0,0,0,0,0,0,0
Giant Wasp,beast,Medium,1/2,0.5,13 (3d8),13,12,12,26.01464973820918,13.01464973820918,100.11269029391676,73.45132743362832,33.0,12.0,4.0,8.0,12.0,4,11.0,16.0,0,16.0,0.0,0.0,8.0,-1.0,33.0,19.5,-6.5,0.0,0.0,0.0,10,50,0,0,0,50,2,1,0,0,0,0,0,0,0,0,0,0,0,10,1,1,1,0,0,0,3,0,0,0,0,0,0,2,0,1,0,0,0,0,0,1,0,0,0,0
Giant Goat,beast,Large,1/2,0.5,19 (3d10+3),19,11 (Natural Armor),11,27.224569807342164,8.224569807342164,43.28720951232718,41.5929203539823,33.0,12.0,4.0,8.0,12.0,5,13.0,8.0,0,8.0,-1.0,1.0,0.0,1.0,33.0,28.5,-9.5,0.0,0.0,0.0,40,0,0,0,0,40,1,0,0,0,0,0,0,0,0,0,0,0,0,10,1,1,1,0,0,0,3,0,0,0,0,0,0,3,0,0,0,0,0,0,0,0,0,1,0,0
Giant Sea Horse,beast,Large,1/2,0.5,16 (3d10),16,13 (Natural Armor),13,28.610522203012913,12.610522203012913,78.8157637688307,64.60176991150442,33.0,12.0,4.0,8.0,12.0,3,11.0,4.5,0,4.5,1.0,-1.0,-3.5,-1.0,33.0,42.75,-26.75,0.0,0.0,0.0,0,0,40,0,0,40,1,0,0,0,0,0,0,0,0,0,0,0,0,10,1,1,1,0,0,0,3,0,0,0,0,0,0,3,0,0,0,0,0,0,0,0,0,1,0,0
Lizardfolk,humanoid (lizardfolk),Medium,1/2,0.5,22 (4d8+4),22,"15 (Natural Armor, Shield)",15,24.430470322310118,2.430470322310118,11.047592374136899,11.504424778761061,33.0,12.0,4.0,8.0,12.0,4,0.0,11.0,0,11.0,3.0,0.0,3.0,0.0,33.0,19.5,2.5,0.0,0.0,0.0,30,0,30,0,0,30,2,0,0,3,0,0,0,0,0,0,0,0,0,10,1,1,1,0,0,0,3,0,0,0,0,0,0,2,0,0,0,0,0,0,0,0,0,0,0,0
Worg,monstrosity,Large,1/2,0.5,26 (4d10+4),26,13 (Natural Armor),13,21.789262546367077,-4.210737453632923,-16.195144052434323,19.469026548672566,33.0,12.0,4.0,8.0,12.0,5,13.0,10.0,0,10.0,1.0,1.0,2.0,1.0,33.0,19.5,6.5,0.0,0.0,0.0,50,0,0,0,0,50,1,0,0,1,0,0,0,0,1,0,0,0,0,10,1,1,1,0,0,0,3,0,0,0,0,0,0,3,0,0,0,0,0,0,0,0,0,1,0,0
Crocodile,beast,Large,1/2,0.5,19 (3d10+3),19,12 (Natural Armor),12,32.5534800498342,13.5534800498342,71.33410552544316,57.52212389380531,33.0,12.0,4.0,8.0,12.0,4,12.0,7.5,0,7.5,0.0,0.0,-0.5,0.0,33.0,33.75,-14.75,0.0,0.0,0.0,20,0,30,0,0,30,2,0,0,1,0,0,0,0,0,0,0,0,0,10,1,1,1,0,0,0,3,0,0,0,0,0,0,3,1,0,0,0,0,0,0,0,0,0,1,0
Black Bear,beast,Medium,1/2,0.5,19 (3d8+6),19,11 (Natural Armor),11,36.27843354657663,17.27843354657663,90.93912392935067,72.56637168141593,33.0,12.0,4.0,8.0,12.0,3,0.0,12.5,0,12.5,-1.0,-1.0,4.5,0.0,33.0,33.25,-14.25,0.0,0.0,0.0,40,0,0,0,30,40,2,0,0,0,0,0,0,0,0,0,0,0,0,10,1,1,1,0,0,0,3,0,0,0,0,0,0,2,0,0,0,0,0,0,0,0,0,0,0,0
Rust Monster,monstrosity,Medium,1/2,0.5,27 (5d8+5),27,14 (Natural Armor),14,44.12002167661767,17.120021676617668,63.40748769117654,53.09734513274337,33.0,12.0,4.0,8.0,12.0,3,11.0,5.5,0,5.5,2.0,-1.0,-2.5,-1.0,33.0,38.25,-11.25,0.0,0.0,0.0,40,0,0,0,0,40,1,0,0,0,0,0,0,0,1,0,0,0,0,10,1,1,1,0,0,0,3,0,0,0,0,0,0,2,0,0,0,0,0,0,0,0,0,0,0,0
Sahuagin,humanoid (sahuagin),Medium,1/2,0.5,22 (4d8+4),22,12 (Natural Armor),12,40.890732027677934,18.890732027677934,85.86696376217243,68.14159292035397,33.0,12.0,4.0,8.0,12.0,3,0.0,7.0,0,7.0,0.0,-1.0,-1.0,0.0,33.0,38.5,-16.5,0.0,0.0,0.0,30,0,40,0,0,40,2,0,0,1,0,0,0,0,1,60,0,0,0,10,1,1,1,0,0,0,3,0,0,0,0,0,0,2,0,0,0,0,0,0,0,0,0,0,0,0
Scout,humanoid (any race),Medium,1/2,0.5,16 (3d8+3),16,13 (Leather Armor),13,26.61780446360853,10.617804463608529,66.36127789755331,54.86725663716814,33.0,12.0,4.0,8.0,12.0,4,0.0,13.0,0,13.0,1.0,0.0,5.0,0.0,33.0,22.5,-6.5,0.0,0.0,0.0,30,0,0,0,0,30,1,0,0,4,0,0,0,0,0,0,0,0,0,10,1,1,1,0,0,0,3,0,0,0,0,0,0,2,0,0,0,0,0,0,0,0,0,0,0,0
Satyr,fey,Medium,1/2,0.5,31 (7d8),31,14 (Leather Armor),14,27.666304480296336,-3.3336955197036637,-10.753856515173108,8.849557522123893,33.0,12.0,4.0,8.0,12.0,5,0.0,6.5,0,6.5,2.0,1.0,-1.5,0.0,33.0,25.25,5.75,0.0,25.25,0.0,40,0,0,0,0,40,1,0,0,3,0,0,0,0,0,0,0,0,0,10,1,1,1,0,0,0,3,0,0,1,0,0,0,2,0,0,0,0,0,0,0,0,0,0,0,0
Reef Shark,beast,Medium,1/2,0.5,22 (4d8+4),22,12 (Natural Armor),12,26.24403083979528,4.244030839795279,19.291049271796723,24.778761061946902,33.0,12.0,4.0,8.0,12.0,4,0.0,6.5,0,6.5,0.0,0.0,-1.5,0.0,33.0,35.25,-13.25,0.0,0.0,0.0,0,0,40,0,0,40,1,0,0,1,0,0,0,0,0,0,1,0,0,10,1,1,1,0,0,0,3,0,0,0,0,0,0,2,0,0,0,0,0,0,1,0,0,0,0,0
Thug,humanoid (any race),Medium,1/2,0.5,32 (5d8+10),32,11 (Leather Armor),11,31.647996460572482,-0.3520035394275176,-1.1000110607109925,3.5398230088495577,33.0,12.0,4.0,8.0,12.0,4,0.0,11.0,0,11.0,-1.0,0.0,3.0,0.0,33.0,31.5,0.5,0.0,0.0,0.0,30,0,0,0,0,30,1,0,0,1,0,0,0,0,0,0,0,0,0,10,1,1,1,0,0,0,3,0,0,0,0,0,0,2,0,0,0,0,0,0,1,0,0,0,0,0
Swarm of Wasps,swarm of tiny beasts,Medium,1/2,0.5,22 (5d8),22,12 (Natural Armor),12,18.941834582132834,-3.0581654178671656,-13.900751899396207,15.04424778761062,33.0,12.0,4.0,8.0,12.0,3,0.0,10.0,0,10.0,0.0,-1.0,2.0,0.0,16.5,12.5,9.5,0.0,0.0,0.0,5,30,0,0,0,30,2,1,0,0,3,0,0,8,0,0,1,0,0,10,1,1,1,0,0,0,3,0,0,0,0,0,0,2,0,0,0,0,0,0,0,0,0,0,0,0
Swarm of Spiders,swarm of tiny beasts,Medium,1/2,0.5,22 (5d8),22,12 (Natural Armor),12,25.80914232890114,3.809142328901139,17.314283313186994,23.008849557522122,33.0,12.0,4.0,8.0,12.0,3,0.0,10.0,0,10.0,0.0,-1.0,2.0,0.0,16.5,17.5,4.5,0.0,0.0,0.0,20,0,0,0,20,20,2,0,0,0,3,0,0,7,0,0,1,0,0,10,1,1,1,0,0,0,3,0,0,0,0,0,0,2,0,0,0,0,0,0,0,0,0,0,0,0
Swarm of Insects,swarm of tiny beasts,Medium,1/2,0.5,22 (5d8),22,12 (Natural Armor),12,27.478675426616327,5.478675426616327,24.903070120983305,29.20353982300885,33.0,12.0,4.0,8.0,12.0,3,0.0,10.0,0,10.0,0.0,-1.0,2.0,0.0,16.5,17.5,4.5,0.0,0.0,0.0,20,0,0,0,20,20,2,0,0,0,3,0,0,8,0,0,1,0,0,10,1,1,1,0,0,0,3,0,0,0,0,0,0,2,0,0,0,0,0,0,0,0,0,0,0,0
Swarm of Beetles,swarm of tiny beasts,Medium,1/2,0.5,22 (5d8),22,12 (Natural Armor),12,24.259561166717475,2.259561166717475,10.270732575988523,7.964601769911504,33.0,12.0,4.0,8.0,12.0,3,0.0,10.0,0,10.0,0.0,-1.0,2.0,0.0,16.5,17.5,4.5,0.0,0.0,0.0,20,0,0,5,20,20,3,0,0,0,3,0,0,8,0,0,1,0,0,10,1,1,1,0,0,0,3,0,0,0,0,0,0,2,0,0,0,0,0,0,0,0,0,0,0,0
Warhorse,beast,Large,1/2,0.5,19 (3d10+3),19,11,11,14.394733774446255,-4.605266225553745,-24.23824329238813,27.43362831858407,33.0,12.0,4.0,8.0,12.0,6,14.0,16.5,0,16.5,-1.0,2.0,8.5,2.0,33.0,8.25,10.75,0.0,0.0,0.0,60,0,0,0,0,60,1,0,0,0,0,0,0,0,0,0,0,0,0,10,1,1,1,0,0,0,3,0,0,0,0,0,0,3,0,0,0,0,0,0,0,0,0,1,0,0
Warhorse Skeleton,undead,Large,1/2,0.5,22 (3d10+6),22,13 (Barding Scraps),13,13.520264201826652,-8.479735798173348,-38.54425362806067,38.05309734513274,33.0,12.0,4.0,8.0,12.0,6,0.0,11.0,0,11.0,1.0,2.0,3.0,0.0,16.5,1.0,21.0,0.0,0.0,0.0,60,0,0,0,0,60,1,0,0,0,0,1,1,2,1,0,0,0,0,10,1,1,1,0,0,0,3,0,0,0,0,0,0,3,0,0,0,0,0,0,0,0,0,0,0,0
Swarm of Centipedes,swarm of tiny beasts,Medium,1/2,0.5,22 (5d8),22,12 (Natural Armor),12,26.005846215028868,4.005846215028868,18.208391886494855,23.893805309734514,33.0,12.0,4.0,8.0,12.0,3,0.0,10.0,0,10.0,0.0,-1.0,2.0,0.0,16.5,17.5,4.5,0.0,0.0,0.0,20,0,0,0,20,20,2,0,0,0,3,0,0,8,0,0,1,0,0,10,1,1,1,0,0,0,3,0,0,0,0,0,0,2,0,1,0,0,0,0,0,1,0,0,0,0
Cockatrice,monstrosity,Small,1/2,0.5,27 (6d6+6),27,11,11,27.00007369027223,7.369027223091962e-05,0.00027292693418859117,1.7699115044247788,33.0,12.0,4.0,8.0,12.0,3,11.0,3.5,0,3.5,-1.0,-1.0,-4.5,-1.0,33.0,45.25,-18.25,0.0,0.0,0.0,20,40,0,0,0,40,2,1,0,0,0,0,0,0,1,0,0,0,0,10,1,1,1,0,0,0,3,0,0,0,0,0,0,1,0,0,0,0,0,0,0,0,1,0,1,0
Animated Armor,construct,Medium,1,1.0,33 (6d8+6),33,18 (Natural Armor),18,-1.3892313439745418,-34.389231343974544,-104.209791951438,93.93939393939394,49.5,12.0,5.0,12.0,12.0,4,0.0,11.0,0,11.0,6.0,-1.0,-1.0,0.0,24.75,2.75,30.25,0.0,0.0,0.0,25,0,0,0,0,25,1,0,0,0,0,2,0,8,0,0,1,0,0,10,1,1,1,0,0,0,3,0,0,0,0,0,0,2,0,0,0,0,0,0,1,0,0,0,0,0
Bugbear,humanoid (goblinoid),Medium,1,1.0,27 (5d8+5),27,"16 (Hide Armor, Shield)",16,28.780827901968728,1.7808279019687276,6.595658896180473,17.17171717171717,49.5,12.0,5.0,12.0,12.0,4,0.0,11.0,0,11.0,4.0,-1.0,-1.0,0.0,49.5,37.5,-10.5,0.0,0.0,0.0,30,0,0,0,0,30,1,0,0,2,0,0,0,0,1,0,0,0,0,10,1,1,1,0,0,0,3,0,0,0,0,0,0,2,0,0,0,0,0,0,0,0,0,0,0,0
Brown Bear,beast,Large,1,1.0,34 (4d10+12),34,11 (Natural Armor),11,24.590860977120933,-9.409139022879067,-27.673938302585494,60.60606060606061,49.5,12.0,5.0,12.0,12.0,5,0.0,19.5,0,19.5,-1.0,0.0,7.5,0.0,49.5,39.5,-5.5,0.0,0.0,0.0,40,0,0,0,30,40,2,0,0,1,0,0,0,0,0,0,0,0,0,10,1,1,1,0,0,0,3,0,0,0,0,0,0,3,0,0,0,0,0,0,0,0,0,0,0,0
Brass Dragon Wyrmling,dragon,Medium,1,1.0,16 (3d8+3),16,16 (Natural Armor),16,19.59344173956503,3.59344173956503,22.45901087228144,49.494949494949495,49.5,12.0,5.0,12.0,12.0,4,11.0,7.5,0,7.5,4.0,-1.0,-4.5,-1.0,24.75,16.75,-0.75,0.0,0.0,0.0,30,60,0,15,0,60,3,1,4,2,0,1,0,0,1,0,1,0,0,10,1,1,1,0,0,0,3,0,0,0,0,0,0,2,0,0,0,0,0,0,0,0,0,0,0,0
Dire Wolf,beast,Large,1,1.0,37 (5d10+10),37,14 (Natural Armor),14,34.242099989907764,-2.7579000100922357,-7.453783811060097,19.19191919191919,49.5,12.0,5.0,12.0,12.0,5,13.0,10.0,0,10.0,2.0,0.0,-2.0,1.0,49.5,38.5,-1.5,0.0,0.0,0.0,50,0,0,0,0,50,1,0,0,2,0,0,0,0,0,0,0,0,0,10,1,1,1,0,0,0,3,0,0,0,0,0,0,3,0,0,0,0,0,0,1,0,0,1,0,0
Death Dog,monstrosity,Medium,1,1.0,39 (6d8+12),39,12,12,37.993997794697094,-1.0060022053029058,-2.579492834110015,7.07070707070707,49.5,12.0,5.0,12.0,12.0,4,12.0,11.0,0,11.0,0.0,-1.0,-1.0,0.0,49.5,57.5,-18.5,0.0,0.0,0.0,40,0,0,0,0,40,1,0,0,2,0,0,0,0,1,60,0,0,0,10,1,1,1,0,0,0,3,0,0,0,0,0,0,2,0,1,1,1,1,1,0,0,0,0,0,1
Copper Dragon Wyrmling,dragon,Medium,1,1.0,22 (4d8+4),22,16 (Natural Armor),16,21.824507277426957,-0.17549272257304338,-0.7976941935138336,5.05050505050505,49.5,12.0,5.0,12.0,12.0,4,11.0,7.5,0,7.5,4.0,-1.0,-4.5,-1.0,24.75,16.75,5.25,0.0,0.0,0.0,30,60,0,0,30,60,3,1,4,2,0,1,0,0,1,0,1,0,0,10,1,1,1,0,0,0,3,0,0,0,0,0,0,2,0,0,0,0,0,0,0,0,0,0,0,0
Dryad,fey,Medium,1,1.0,22 (5d8),22,11 (16 With Barkskin),11,8.205673145641612,-13.794326854358388,-62.70148570162903,83.83838383838383,49.5,12.0,5.0,12.0,12.0,6,14.0,8.5,0,8.5,-1.0,1.0,-3.5,2.0,49.5,45.5,-23.5,0.0,45.5,0.0,30,0,0,0,0,30,1,0,0,2,0,0,0,0,1,0,0,0,0,10,1,1,1,0,0,0,3,0,0,1,0,1,0,2,0,0,0,1,0,0,0,0,0,0,0,0
Duergar,humanoid (dwarf),Medium,1,1.0,26 (4d8+4),26,"16 (Scale Mail, Shield)",16,27.6805283633143,1.6805283633142984,6.463570628131918,16.161616161616163,49.5,12.0,5.0,12.0,12.0,4,0.0,6.5,0,6.5,4.0,-1.0,-5.5,0.0,37.125,34.125,-8.125,0.0,0.0,0.0,25,0,0,0,0,25,1,0,0,0,1,0,0,0,1,60,0,0,0,10,1,1,1,0,0,0,3,0,0,0,0,0,0,2,0,0,0,1,0,0,0,1,0,0,0,0
Giant Toad,beast,Large,1,1.0,39 (6d10+6),39,11,11,48.4887485061974,9.488748506197403,24.330124374865136,55.55555555555556,49.5,12.0,5.0,12.0,12.0,4,13.0,13.0,0,13.0,-1.0,-1.0,1.0,1.0,49.5,53.5,-14.5,0.0,0.0,0.0,20,0,40,0,0,40,2,0,0,0,0,0,0,0,1,-30,0,0,0,10,1,1,1,0,0,0,3,0,0,0,0,0,0,3,1,0,1,0,0,0,0,0,0,1,1,0
Giant Vulture,beast,Large,1,1.0,22 (3d10+6),22,10,10,47.40673886548865,25.40673886548865,115.48517666131204,96.96969696969697,49.5,12.0,5.0,12.0,12.0,4,0.0,16.0,0,16.0,-2.0,-1.0,4.0,0.0,49.5,49.5,-27.5,0.0,0.0,0.0,10,60,0,0,0,60,2,1,0,1,0,0,0,0,0,0,0,0,0,10,1,1,1,0,0,0,3,0,0,0,0,0,0,3,0,0,0,0,0,0,1,0,0,0,0,0
Giant Octopus,beast,Large,1,1.0,52 (8d10+8),52,11,11,41.557958194265495,-10.442041805734505,-20.08084962641251,41.41414141414141,49.5,12.0,5.0,12.0,12.0,5,16.0,10.0,0,10.0,-1.0,0.0,-2.0,4.0,49.5,38.5,13.5,0.0,0.0,0.0,10,0,60,0,0,60,2,0,0,2,0,0,0,0,1,0,0,0,0,10,1,1,1,0,0,0,3,0,0,0,0,0,0,3,1,0,0,0,0,0,0,0,0,0,1,0
Giant Hyena,beast,Large,1,1.0,45 (6d10+12),45,12,12,48.991120672180806,3.9911206721808057,8.86915704929068,21.21212121212121,49.5,12.0,5.0,12.0,12.0,5,0.0,12.5,0,12.5,0.0,0.0,0.5,0.0,49.5,48.5,-3.5,0.0,0.0,0.0,50,0,0,0,0,50,1,0,0,1,0,0,0,0,0,0,0,0,0,10,1,1,1,0,0,0,3,0,0,0,0,0,0,3,0,0,0,0,0,0,0,0,0,0,0,0
Giant Eagle,beast,Large,1,1.0,26 (4d10+4),26,13,13,34.138730505693616,8.138730505693616,31.302809637283136,63.63636363636363,49.5,12.0,5.0,12.0,12.0,5,0.0,16.5,0,16.5,1.0,0.0,4.5,0.0,49.5,27.5,-1.5,0.0,0.0,0.0,10,80,0,0,0,80,2,1,0,1,0,0,0,0,0,0,0,0,0,10,1,1,1,0,0,0,3,0,0,0,0,0,0,3,0,0,0,0,0,0,0,0,0,0,0,0
Ghoul,undead,Medium,1,1.0,22 (5d8),22,12,12,46.39948348648235,24.399483486482353,110.90674312037434,95.95959595959596,49.5,12.0,5.0,12.0,12.0,4,10.0,9.0,0,9.0,0.0,-1.0,-3.0,-2.0,24.75,46.75,-24.75,0.0,0.0,0.0,30,0,0,0,0,30,1,0,0,0,0,1,0,3,1,0,0,0,0,10,1,1,1,0,0,0,3,0,0,0,0,0,0,2,0,0,0,0,0,0,0,1,0,0,0,0
Lion,beast,Large,1,1.0,26 (4d10+4),26,12,12,41.742099989907764,15.742099989907764,60.54653842272217,82.82828282828282,49.5,12.0,5.0,12.0,12.0,5,13.0,11.25,0,11.25,0.0,0.0,-0.75,1.0,49.5,46.0,-20.0,0.0,0.0,0.0,50,0,0,0,0,50,1,0,0,2,0,0,0,0,0,0,0,0,0,10,1,1,1,0,0,0,3,0,0,0,0,0,0,3,0,0,0,0,0,0,1,0,0,1,0,0
Imp,"fiend (devil, shapechanger)",Tiny,1,1.0,10 (3d4+3),10,13,13,-7.677321307071492,-17.67732130707149,-176.77321307071492,98.98989898989899,49.5,12.0,5.0,12.0,12.0,5,11.0,16.0,0,16.0,1.0,0.0,4.0,-1.0,12.375,-3.625,13.625,-0.0,-3.625,-0.0,20,40,0,0,0,40,2,1,0,4,3,2,0,1,1,60,0,0,0,10,1,1,1,0,0,0,3,0,0,1,0,0,0,0,0,0,0,0,0,0,0,0,0,0,0,0
Hippogriff,monstrosity,Large,1,1.0,19 (3d10+3),19,11,11,39.58824728654728,20.58824728654728,108.3591962449857,94.94949494949495,49.5,12.0,5.0,12.0,12.0,5,0.0,18.5,0,18.5,-1.0,0.0,6.5,0.0,49.5,33.5,-14.5,0.0,0.0,0.0,40,60,0,0,0,60,2,1,0,1,0,0,0,0,0,0,0,0,0,10,1,1,1,0,0,0,3,0,0,0,0,0,0,3,0,0,0,0,0,0,0,0,0,0,0,0
Swarm of Quippers,swarm of tiny beasts,Medium,1,1.0,28 (8d8-8),28,13,13,35.62215318531875,7.622153185318751,27.22197566185268,59.59595959595959,49.5,12.0,5.0,12.0,12.0,5,0.0,14.0,0,14.0,1.0,0.0,2.0,0.0,37.125,28.125,-0.125,0.0,0.0,0.0,0,0,40,0,0,40,1,0,0,0,3,0,0,8,1,0,0,0,0,10,1,1,1,0,0,0,3,0,0,0,0,0,0,2,0,0,0,0,0,0,0,0,0,0,0,0
Spy,humanoid (any race),Medium,1,1.0,27 (6d8),27,12,12,30.920269757302577,3.9202697573025773,14.519517619639174,32.323232323232325,49.5,12.0,5.0,12.0,12.0,4,0.0,11.0,0,11.0,0.0,-1.0,-1.0,0.0,49.5,57.5,-30.5,0.0,0.0,0.0,30,0,0,0,0,30,1,0,0,7,0,0,0,0,0,0,0,0,0,10,1,1,1,0,0,0,3,0,0,0,0,0,0,2,0,0,0,0,0,0,1,0,0,0,0,0
Specter,undead,Medium,1,1.0,22 (5d8),22,12,12,25.79279256258132,3.792792562581319,17.23996619355145,37.37373737373738,49.5,12.0,5.0,12.0,12.0,4,10.0,10.5,0,10.5,0.0,-1.0,-1.5,-2.0,12.375,23.375,-1.375,0.0,0.0,0.0,0,50,0,0,0,50,1,1,0,0,7,2,0,9,1,0,0,0,0,10,1,1,1,0,0,0,3,0,0,0,0,0,0,2,0,0,0,0,0,0,0,0,0,0,0,0
Giant Spider,beast,Large,1,1.0,26 (4d10+4),26,14 (Natural Armor),14,6.238202224568301,-19.7617977754317,-76.00691452089114,89.8989898989899,49.5,12.0,5.0,12.0,12.0,5,12.0,16.5,0,16.5,2.0,0.0,4.5,0.0,49.5,30.5,-4.5,0.0,0.0,0.0,30,0,0,0,30,30,2,0,0,1,0,0,0,0,1,0,1,0,0,10,1,1,1,0,0,0,3,0,0,0,0,0,0,3,0,1,0,0,0,0,0,1,0,0,1,0
Harpy,monstrosity,Medium,1,1.0,38 (7d8+7),38,11,11,46.881615064187685,8.881615064187685,23.372671221546536,51.515151515151516,49.5,12.0,5.0,12.0,12.0,3,11.0,9.5,0,9.5,-1.0,-2.0,-2.5,-1.0,49.5,68.5,-30.5,0.0,0.0,0.0,20,40,0,0,0,40,2,1,0,0,0,0,0,0,0,0,0,0,0,10,1,1,1,0,0,0,3,0,0,0,0,0,0,2,0,0,0,1,0,0,1,0,0,0,0,0
Tiger,beast,Large,1,1.0,37 (5d10+10),37,12,12,37.862290764008954,0.8622907640089537,2.3305155784025775,6.0606060606060606,49.5,12.0,5.0,12.0,12.0,5,13.0,12.75,0,12.75,0.0,0.0,0.75,1.0,49.5,43.0,-6.0,0.0,0.0,0.0,40,0,0,0,0,40,1,0,0,2,0,0,0,0,1,0,0,0,0,10,1,1,1,0,0,0,3,0,0,0,0,0,0,3,0,0,0,0,0,0,0,0,0,1,0,0
Quasit,fiend (demon),Tiny,1,1.0,7 (3d4),7,13,13,22.596123088317352,15.596123088317352,222.8017584045336,100.0,49.5,12.0,5.0,12.0,12.0,4,10.0,10.5,0,10.5,1.0,-1.0,-1.5,-2.0,12.375,26.375,-19.375,0.0,26.375,0.0,40,0,0,0,0,40,1,0,0,1,3,1,0,1,1,60,0,0,0,10,1,1,1,0,0,0,3,0,0,1,0,0,0,0,0,1,0,0,0,1,0,0,0,0,0,0
Swarm of Poisonous Snakes,swarm of tiny beasts,Medium,2,2.0,36 (8d8),36,14,14,56.59852721401002,20.59852721401002,57.21813115002783,79.7979797979798,54.0,13.0,5.0,17.0,13.0,6,10.0,14.0,0,14.0,1.0,1.0,-3.0,-3.0,40.5,50.5,-14.5,0.0,0.0,0.0,30,0,30,0,0,30,2,0,0,0,3,0,0,8,0,0,1,0,0,10,1,1,1,0,0,0,3,0,0,0,0,0,0,2,0,0,0,0,0,0,0,0,0,0,0,0
Wererat,"humanoid (human, shapechanger)",Medium,2,2.0,33 (6d8+6),33,12,12,62.28082790196873,29.280827901968728,88.72978152111736,92.92929292929293,54.0,13.0,5.0,17.0,13.0,4,11.0,5.5,0,5.5,-1.0,-1.0,-11.5,-2.0,27.0,71.0,-38.0,0.0,0.0,0.0,30,0,0,0,0,30,1,0,0,2,0,3,0,0,1,0,0,0,0,10,1,1,1,0,0,0,3,0,0,0,0,0,0,2,0,0,0,0,0,0,0,0,0,0,0,0
Plesiosaurus,beast,Large,2,2.0,68 (8d10+24),68,13 (Natural Armor),13,53.52089487631625,-14.479105123683752,-21.292801652476108,47.474747474747474,54.0,13.0,5.0,17.0,13.0,6,0.0,14.5,0,14.5,0.0,1.0,-2.5,0.0,54.0,53.0,15.0,0.0,0.0,0.0,20,0,40,0,0,40,2,0,0,2,0,0,0,0,0,0,0,0,0,10,1,1,1,0,0,0,3,0,0,0,0,0,0,3,0,0,0,0,0,0,0,0,0,0,0,0
Polar Bear,beast,Large,2,2.0,42 (5d10+15),42,12 (Natural Armor),12,43.945364926715776,1.9453649267157758,4.631821254085181,13.131313131313133,54.0,13.0,5.0,17.0,13.0,7,0.0,21.5,0,21.5,-1.0,2.0,4.5,0.0,54.0,38.0,4.0,0.0,0.0,0.0,40,0,30,0,0,40,2,0,0,1,0,0,0,0,0,0,0,0,0,10,1,1,1,0,0,0,3,0,0,0,0,0,0,3,0,0,0,0,0,0,0,0,0,0,0,0
Rug of Smothering,construct,Large,2,2.0,33 (6d10),33,12,12,53.91636308821895,20.91636308821895,63.38291844914834,84.84848484848484,54.0,13.0,5.0,17.0,13.0,5,13.0,0.0,0,0.0,-1.0,0.0,-17.0,0.0,27.0,66.0,-33.0,0.0,0.0,0.0,10,0,0,0,0,10,1,0,0,0,0,2,0,7,0,0,1,0,0,10,1,1,1,0,0,0,3,0,0,0,0,0,0,3,1,0,1,0,0,0,1,0,0,0,1,0
Saber-Toothed Tiger,beast,Large,2,2.0,52 (7d10 + 14),52,12,12,42.362290764008954,-9.637709235991046,-18.534056223059707,39.39393939393939,54.0,13.0,5.0,17.0,13.0,6,14.0,17.25,0,17.25,-1.0,1.0,0.25,1.0,54.0,47.5,4.5,0.0,0.0,0.0,40,0,0,0,0,40,1,0,0,2,0,0,0,0,0,0,0,0,0,10,1,1,1,0,0,0,3,0,0,0,0,0,0,3,0,0,0,0,0,0,0,0,0,1,0,0
Awakened Tree,plant,Huge,2,2.0,59 (7d12+14),59,13 (Natural Armor),13,65.40974903332885,6.4097490333288505,10.863981412421781,27.27272727272727,54.0,13.0,5.0,17.0,13.0,6,0.0,14.5,0,14.5,0.0,1.0,-2.5,0.0,40.5,39.5,19.5,0.0,0.0,0.0,20,0,0,0,0,20,1,0,0,0,2,0,1,0,0,0,0,0,0,10,1,1,1,0,0,0,3,0,0,0,0,0,0,4,0,0,0,0,0,0,0,0,0,0,0,0
Ankheg,monstrosity,Large,2,2.0,39 (6d10+6),39,"14 (Natural Armor, 11 While Prone)",14,38.9998371592267,-0.00016284077329942193,-0.0004175404443574921,2.0202020202020203,54.0,13.0,5.0,17.0,13.0,5,13.0,13.5,0,13.5,1.0,0.0,-3.5,0.0,54.0,56.0,-17.0,0.0,0.0,0.0,30,0,0,10,0,30,2,0,0,0,0,0,0,0,1,0,0,0,1,10,1,1,1,0,0,0,3,0,0,0,0,0,0,3,1,0,0,0,0,0,0,0,0,0,0,0
Azer,elemental,Medium,2,2.0,39 (6d8+12),39,"17 (Natural Armor, Shield)",17,24.06692120648075,-14.93307879351925,-38.28994562440833,67.67676767676768,54.0,13.0,5.0,17.0,13.0,5,0.0,11.0,0,11.0,4.0,0.0,-6.0,0.0,27.0,19.0,20.0,0.0,0.0,0.0,30,0,0,0,0,30,1,0,1,0,0,2,0,1,0,0,0,0,0,10,1,1,1,0,0,0,3,0,0,0,0,0,0,2,0,0,0,0,0,0,0,0,0,0,0,0
Black Dragon Wyrmling,dragon,Medium,2,2.0,33 (6d8+6),33,17 (Natural Armor),17,54.9290112270218,21.929011227021803,66.45154917279335,86.86868686868688,54.0,13.0,5.0,17.0,13.0,4,11.0,10.0,0,10.0,4.0,-1.0,-7.0,-2.0,27.0,29.0,4.0,0.0,0.0,0.0,30,60,30,0,0,60,3,1,4,2,0,1,0,0,1,0,1,0,0,10,1,1,1,0,0,0,3,0,0,0,0,0,0,2,0,0,0,0,0,0,0,0,0,0,0,0
Bronze Dragon Wyrmling,dragon,Medium,2,2.0,32 (5d8+10),32,17 (Natural Armor),17,46.9290112270218,14.929011227021803,46.65316008444314,75.75757575757575,54.0,13.0,5.0,17.0,13.0,5,12.0,8.5,0,8.5,4.0,0.0,-8.5,-1.0,27.0,21.0,11.0,0.0,0.0,0.0,30,60,30,0,0,60,3,1,4,2,0,1,0,0,1,0,1,0,0,10,1,1,1,0,0,0,3,0,0,0,0,0,0,2,0,0,0,0,0,0,0,0,0,0,0,0
Bandit Captain,humanoid (any race),Medium,2,2.0,65 (10d8+20),65,15 (Studded Leather),15,51.31249493654134,-13.687505063458659,-21.057700097628707,46.464646464646464,54.0,13.0,5.0,17.0,13.0,5,0.0,18.5,0,18.5,2.0,0.0,1.5,0.0,54.0,41.0,24.0,0.0,0.0,0.0,30,0,0,0,0,30,1,0,3,2,0,0,0,0,0,0,0,0,0,10,1,1,1,0,0,0,3,0,0,0,0,0,0,2,0,0,0,0,0,0,0,0,0,0,0,0
Pegasus,celestial,Large,2,2.0,59 (7d10+21),59,12,12,97.67028032614523,38.67028032614523,65.54284801041564,85.85858585858585,54.0,13.0,5.0,17.0,13.0,6,0.0,11.0,0,11.0,-1.0,1.0,-6.0,0.0,54.0,57.0,2.0,0.0,0.0,0.0,60,90,0,0,0,90,2,1,3,1,0,0,0,0,0,0,0,0,0,10,1,1,1,0,0,0,3,0,0,0,0,0,0,3,0,0,0,0,0,0,0,0,0,0,0,0
Ochre Jelly,ooze,Large,2,2.0,45 (6d10+12),45,8,8,42.99422248036416,-2.005777519635842,-4.457283376968538,12.121212121212121,54.0,13.0,5.0,17.0,13.0,4,0.0,12.5,0,12.5,-5.0,-1.0,-4.5,0.0,13.5,53.5,-8.5,0.0,0.0,0.0,10,0,0,0,10,10,2,0,0,0,1,2,0,6,0,0,1,0,0,10,1,1,1,0,0,0,3,0,0,0,0,0,0,3,0,0,0,0,0,0,0,0,0,0,0,0
Sea Hag,fey,Medium,2,2.0,52 (7d8+21),52,14 (Natural Armor),14,50.423025382240375,-1.5769746177596247,-3.0326434956915858,9.090909090909092,54.0,13.0,5.0,17.0,13.0,5,16.0,10.0,0,10.0,1.0,0.0,-7.0,3.0,54.0,48.0,4.0,0.0,0.0,0.0,30,0,40,0,0,40,2,0,0,0,0,0,0,0,1,0,0,0,0,10,1,1,1,0,0,0,3,0,0,0,0,0,0,2,0,0,0,0,0,1,0,0,0,0,0,0
Cult Fanatic,humanoid (any race),Medium,2,2.0,33 (6d8+6),33,13 (Leather Armor),13,10.065687301411344,-22.934312698588656,-69.49791726845046,88.88888888888889,54.0,13.0,5.0,17.0,13.0,4,11.0,9.0,0,9.0,0.0,-1.0,-8.0,-2.0,54.0,86.0,-53.0,0.0,0.0,0.0,30,0,0,0,0,30,1,0,0,3,0,0,0,0,0,0,0,0,0,10,1,1,1,0,0,0,3,0,0,0,0,1,4,2,0,0,0,1,0,1,0,0,0,0,0,0
Druid,humanoid (any race),Medium,2,2.0,27 (5d8+5),27,11 (16 With Barkskin),11,41.98863803126136,14.98863803126136,55.51347418985689,78.78787878787878,54.0,13.0,5.0,17.0,13.0,4,12.0,6.5,0,6.5,-2.0,-1.0,-10.5,-1.0,54.0,96.0,-69.0,0.0,0.0,0.0,30,0,0,0,0,30,1,0,0,3,0,0,0,0,0,0,0,0,0,10,1,1,1,0,0,0,3,0,0,0,0,1,4,2,0,0,0,0,0,0,0,0,0,0,0,0
Berserker,humanoid (any race),Medium,2,2.0,67 (9d8+27),67,13 (Hide Armor),13,66.87084308549896,-0.1291569145010385,-0.19277151418065447,3.0303030303030303,54.0,13.0,5.0,17.0,13.0,5,0.0,9.5,0,9.5,0.0,0.0,-7.5,0.0,54.0,69.0,-2.0,0.0,0.0,0.0,30,0,0,0,0,30,1,0,0,0,0,0,0,0,0,0,0,0,0,10,1,1,1,0,0,0,3,0,0,0,0,0,0,2,0,0,0,0,0,0,0,0,0,0,0,0
Centaur,monstrosity,Large,2,2.0,45 (6d10+12),45,12,12,13.901105488650563,-31.098894511349435,-69.10865446966541,87.87878787878788,54.0,13.0,5.0,17.0,13.0,6,0.0,33.5,0,33.5,-1.0,1.0,16.5,0.0,54.0,20.0,25.0,0.0,0.0,0.0,50,0,0,0,0,50,1,0,0,3,0,0,0,0,0,0,0,0,0,10,1,1,1,0,0,0,3,0,0,0,0,0,0,3,0,0,0,0,0,0,0,0,0,0,0,0
Ettercap,monstrosity,Medium,2,2.0,44 (8d8+8),44,13 (Natural Armor),13,42.85089002688309,-1.1491099731169072,-2.611613575265698,8.080808080808081,54.0,13.0,5.0,17.0,13.0,4,11.0,18.0,0,18.0,0.0,-1.0,1.0,-2.0,54.0,68.0,-24.0,0.0,0.0,0.0,30,0,0,0,30,30,2,0,0,3,0,0,0,0,1,0,0,0,0,10,1,1,1,0,0,0,3,0,0,0,0,0,0,2,0,1,0,0,0,0,0,0,0,0,1,0
Gargoyle,elemental,Medium,2,2.0,52 (7d8+21),52,15 (Natural Armor),15,21.789866439977537,-30.210133560022463,-58.09641069235089,80.8080808080808,54.0,13.0,5.0,17.0,13.0,4,0.0,11.0,0,11.0,2.0,-1.0,-6.0,0.0,13.5,13.5,38.5,0.0,0.0,0.0,30,60,0,0,0,60,2,1,0,0,3,1,0,3,1,0,0,0,0,10,1,1,1,0,0,0,3,0,0,0,0,0,0,2,0,0,0,0,0,0,0,0,0,0,0,0
Gelatinous Cube,ooze,Large,2,2.0,84 (8d10+40),84,6,6,92.66120756617973,8.661207566179726,10.310961388309197,25.252525252525253,54.0,13.0,5.0,17.0,13.0,4,15.0,10.5,0,10.5,-7.0,-1.0,-6.5,2.0,54.0,98.0,-14.0,0.0,0.0,0.0,15,0,0,0,0,15,1,0,0,0,0,0,0,6,0,0,1,0,0,10,1,1,1,0,0,0,3,0,0,0,0,0,0,3,0,0,0,0,0,0,0,0,0,0,1,0
Mimic,monstrosity (shapechanger),Medium,2,2.0,58 (9d8+18),58,12 (Natural Armor),12,34.03003048558239,-23.969969514417613,-41.32753364554761,69.6969696969697,54.0,13.0,5.0,17.0,13.0,5,13.0,12.0,0,12.0,-1.0,0.0,-5.0,0.0,27.0,42.0,16.0,0.0,0.0,0.0,15,0,0,0,0,15,1,0,0,1,0,1,0,1,1,0,0,0,0,10,1,1,1,0,0,0,3,0,0,0,0,0,0,2,1,0,0,0,0,0,0,0,0,0,0,0
Griffon,monstrosity,Large,2,2.0,59 (7d10+21),59,12,12,51.16938932917233,-7.830610670827667,-13.272221475979096,30.303030303030305,54.0,13.0,5.0,17.0,13.0,6,0.0,19.5,0,19.5,-1.0,1.0,2.5,0.0,54.0,40.0,19.0,0.0,0.0,0.0,30,80,0,0,0,80,2,1,0,1,0,0,0,0,1,0,0,0,0,10,1,1,1,0,0,0,3,0,0,0,0,0,0,3,0,0,0,0,0,0,0,0,0,0,0,0
Merrow,monstrosity,Large,2,2.0,45 (6d10+12),45,13 (Natural Armor),13,51.84558064810712,6.8455806481071235,15.212401440238052,33.33333333333333,54.0,13.0,5.0,17.0,13.0,6,0.0,17.5,0,17.5,0.0,1.0,0.5,0.0,54.0,47.0,-2.0,0.0,0.0,0.0,10,0,40,0,0,40,2,0,0,0,0,0,0,0,1,0,0,0,0,10,1,1,1,0,0,0,3,0,0,0,0,0,0,3,0,0,0,0,0,0,0,0,0,0,0,0
Gibbering Mouther,aberration,Medium,2,2.0,67 (9d8+27),67,9,9,46.57669252184749,-20.42330747815251,-30.482548474854493,62.62626262626263,54.0,13.0,5.0,17.0,13.0,2,13.0,35.0,0,35.0,-4.0,-3.0,18.0,0.0,54.0,56.0,11.0,0.0,0.0,0.0,10,0,10,0,0,10,2,0,0,0,0,0,0,1,1,0,0,0,0,10,1,1,1,0,0,0,3,0,0,0,0,0,0,2,0,0,1,0,0,0,1,0,0,1,0,0
Hunter Shark,beast,Large,2,2.0,45 (6d10+12),45,12 (Natural Armor),12,53.45985665943731,8.459856659437307,18.79968146541624,40.4040404040404,54.0,13.0,5.0,17.0,13.0,6,0.0,13.0,0,13.0,-1.0,1.0,-4.0,0.0,54.0,61.0,-16.0,0.0,0.0,0.0,0,0,40,0,0,40,1,0,0,1,0,0,0,0,0,0,1,0,0,10,1,1,1,0,0,0,3,0,0,0,0,0,0,3,0,0,0,0,0,0,0,0,0,0,0,0
Grick,monstrosity,Medium,2,2.0,27 (6d8),27,14 (Natural Armor),14,31.235912802178454,4.235912802178454,15.688565933994274,35.35353535353536,54.0,13.0,5.0,17.0,13.0,4,0.0,14.5,0,14.5,1.0,-1.0,-2.5,0.0,40.5,46.5,-19.5,0.0,0.0,0.0,30,0,0,0,30,30,2,0,0,0,3,0,0,0,1,0,0,0,0,10,1,1,1,0,0,0,3,0,0,0,0,0,0,2,0,0,0,0,0,0,0,0,0,0,0,0
Priest,humanoid (any race),Medium,2,2.0,27 (5d8+5),27,13 (Chain Shirt),13,33.35667775565612,6.356677755656122,23.543250946874526,52.52525252525253,54.0,13.0,5.0,17.0,13.0,2,13.0,3.5,0,3.5,0.0,-3.0,-13.5,0.0,54.0,99.0,-72.0,0.0,0.0,0.0,25,0,0,0,0,25,1,0,0,3,0,0,0,0,0,0,0,0,0,10,1,1,1,0,0,0,3,0,0,0,0,1,5,2,0,0,0,0,0,0,0,0,0,0,0,0
Rhinoceros,beast,Large,2,2.0,45 (6d10+12),45,11 (Natural Armor),11,49.45230594753919,4.4523059475391875,9.89401321675375,23.232323232323232,54.0,13.0,5.0,17.0,13.0,7,15.0,14.0,0,14.0,-2.0,2.0,-3.0,2.0,54.0,48.0,-3.0,0.0,0.0,0.0,40,0,0,0,0,40,1,0,0,0,0,0,0,0,0,0,0,0,0,10,1,1,1,0,0,0,3,0,0,0,0,0,0,3,0,0,0,0,0,0,0,0,0,1,0,0
Ogre Zombie,undead,Large,2,2.0,85 (9d10+36),85,8,8,60.45154756144899,-24.54845243855101,-28.880532280648247,61.61616161616161,54.0,13.0,5.0,17.0,13.0,6,0.0,13.0,0,13.0,-5.0,1.0,-4.0,0.0,27.0,54.0,31.0,0.0,0.0,0.0,30,0,0,0,0,30,1,0,1,0,0,1,0,1,1,0,0,0,0,10,1,1,1,0,0,0,3,0,0,0,0,0,0,3,0,0,0,0,0,0,0,0,0,0,0,0
Silver Dragon Wyrmling,dragon,Medium,2,2.0,45 (6d8+18),45,17 (Natural Armor),17,25.431510633358112,-19.568489366641888,-43.485531925870866,73.73737373737373,54.0,13.0,5.0,17.0,13.0,6,13.0,9.5,0,9.5,4.0,1.0,-7.5,0.0,27.0,8.0,37.0,0.0,0.0,0.0,30,60,0,0,0,60,2,1,4,2,0,1,0,0,1,0,1,0,0,10,1,1,1,0,0,0,3,0,0,0,0,0,0,2,0,0,0,0,0,0,0,1,0,0,0,0
Minotaur Skeleton,undead,Large,2,2.0,67 (9d10+18),67,12 (Natural Armor),12,51.69166681608712,-15.308333183912879,-22.848258483452057,50.505050505050505,54.0,13.0,5.0,17.0,13.0,6,14.0,17.0,0,17.0,-1.0,1.0,0.0,1.0,27.0,21.0,46.0,0.0,0.0,0.0,40,0,0,0,0,40,1,0,0,0,0,1,1,2,1,0,0,0,0,10,1,1,1,0,0,0,3,0,0,0,0,0,0,3,0,0,0,0,0,0,0,0,0,1,0,0
Giant Constrictor Snake,beast,Huge,2,2.0,60 (8d12+8),60,12,12,44.75525945652074,-15.24474054347926,-25.40790090579877,56.56565656565656,54.0,13.0,5.0,17.0,13.0,6,16.0,13.0,0,13.0,-1.0,1.0,-4.0,3.0,54.0,46.0,14.0,0.0,0.0,0.0,30,0,30,0,0,30,2,0,0,1,0,0,0,0,0,0,1,0,0,10,1,1,1,0,0,0,3,0,0,0,0,0,0,4,1,0,0,0,0,0,0,0,0,0,1,0
Green Dragon Wyrmling,dragon,Medium,2,2.0,38 (7d8+7),38,17 (Natural Armor),17,53.78120033647938,15.78120033647938,41.52947456968258,70.70707070707071,54.0,13.0,5.0,17.0,13.0,4,11.0,11.0,0,11.0,4.0,-1.0,-6.0,-2.0,27.0,27.0,11.0,0.0,0.0,0.0,30,60,30,0,0,60,3,1,4,2,0,1,0,1,1,0,1,0,0,10,1,1,1,0,0,0,3,0,0,0,0,0,0,2,0,0,0,0,0,0,0,0,0,0,0,0
Giant Elk,beast,Huge,2,2.0,42 (5d12+10),42,14 (Natural Armor),14,32.07258353422103,-9.927416465778968,-23.636705870902304,54.54545454545454,54.0,13.0,5.0,17.0,13.0,6,14.0,22.0,0,22.0,1.0,1.0,5.0,1.0,54.0,28.0,14.0,0.0,0.0,0.0,60,0,0,0,0,60,1,0,0,1,0,0,0,0,0,0,0,0,0,10,1,1,1,0,0,0,3,0,0,0,0,0,0,4,0,0,0,0,0,0,0,0,0,1,0,0
Will-o'-Wisp,undead,Tiny,2,2.0,22,22,19,19,24.393801540276826,2.393801540276826,10.880916092167391,28.28282828282828,54.0,13.0,5.0,17.0,13.0,4,10.0,9.0,0,9.0,6.0,-1.0,-8.0,-3.0,13.5,12.5,9.5,0.0,0.0,0.0,0,50,0,0,0,50,1,1,0,0,7,2,0,7,1,60,0,0,0,10,1,1,1,0,0,0,3,0,0,0,0,0,0,0,0,0,0,0,0,0,0,0,0,0,0,0
White Dragon Wyrmling,dragon,Medium,2,2.0,32 (5d8+10),32,16 (Natural Armor),16,39.56301540583936,7.563015405839359,23.634423143247997,53.535353535353536,54.0,13.0,5.0,17.0,13.0,4,12.0,10.0,0,10.0,3.0,-1.0,-7.0,-1.0,27.0,29.0,3.0,0.0,0.0,0.0,30,60,30,15,0,60,4,1,4,2,0,1,0,0,1,0,1,0,0,10,1,1,1,0,0,0,3,0,0,0,0,0,0,2,0,0,0,0,0,0,0,0,0,0,0,0
Giant Boar,beast,Large,2,2.0,42 (5d10+15),42,12 (Natural Armor),12,74.45230594753919,32.45230594753919,77.26739511318854,90.9090909090909,54.0,13.0,5.0,17.0,13.0,5,13.0,10.0,0,10.0,-1.0,0.0,-7.0,0.0,54.0,73.0,-31.0,0.0,0.0,0.0,40,0,0,0,0,40,1,0,0,0,0,0,0,0,0,0,0,0,0,10,1,1,1,0,0,0,3,0,0,0,0,0,0,3,0,0,0,0,0,0,0,0,0,1,0,0
Ogre,giant,Large,2,2.0,59 (7d10+21),59,11 (Hide Armor),11,67.52079885220657,8.520798852206568,14.442031952892487,31.313131313131315,54.0,13.0,5.0,17.0,13.0,6,0.0,13.0,0,13.0,-2.0,1.0,-4.0,0.0,54.0,66.0,-7.0,0.0,0.0,0.0,40,0,0,0,0,40,1,0,0,0,0,0,0,0,1,0,0,0,0,10,1,1,1,0,0,0,3,0,0,0,0,0,0,3,0,0,0,0,0,0,0,0,0,0,0,0
Ghast,undead,Medium,2,2.0,36 (8d8),36,13,13,38.14948348648235,2.149483486482353,5.97078746245098,15.151515151515152,54.0,13.0,5.0,17.0,13.0,5,10.0,12.0,0,12.0,0.0,0.0,-5.0,-3.0,13.5,38.5,-2.5,0.0,0.0,0.0,30,0,0,0,0,30,1,0,0,0,1,1,0,3,1,0,0,0,0,10,1,1,1,0,0,0,3,0,0,0,0,0,0,2,0,1,0,0,0,0,0,1,0,0,0,0
Knight,humanoid (any race),Medium,3,3.0,52 (8d8+16),52,18 (Plate),18,62.6045131883296,10.604513188329598,20.393294592941537,42.42424242424242,78.0,13.0,5.0,23.0,13.0,5,0.0,20.0,0,20.0,5.0,0.0,-3.0,0.0,78.0,59.0,-7.0,0.0,0.0,0.0,30,0,0,0,0,30,1,0,2,0,0,0,0,0,0,0,0,0,0,10,1,1,1,0,0,0,3,0,0,0,0,0,0,2,0,0,0,0,0,1,1,0,0,0,0,0
Manticore,monstrosity,Large,3,3.0,68 (8d10+24),68,14 (Natural Armor),14,28.444689739390828,-39.555310260609176,-58.16957391266055,81.81818181818183,78.0,13.0,5.0,23.0,13.0,5,0.0,43.0,0,43.0,1.0,0.0,20.0,0.0,78.0,25.0,43.0,0.0,0.0,0.0,30,50,0,0,0,50,2,1,0,0,0,0,0,0,1,0,0,0,0,10,1,1,1,0,0,0,3,0,0,0,0,0,0,3,0,0,0,0,0,0,0,0,0,0,0,0
Doppelganger,monstrosity (shapechanger),Medium,3,3.0,52 (8d8+16),52,14,14,75.1330170114263,23.133017011426304,44.48657117581982,74.74747474747475,78.0,13.0,5.0,23.0,13.0,6,0.0,15.0,0,15.0,1.0,1.0,-8.0,0.0,78.0,83.0,-31.0,0.0,0.0,0.0,30,0,0,0,0,30,1,0,0,2,0,0,0,1,1,0,0,0,0,10,1,1,1,0,0,0,3,0,0,0,0,0,0,2,0,0,0,0,0,0,0,0,0,0,0,0
Blue Dragon Wyrmling,dragon,Medium,3,3.0,52 (8d8+16),52,17 (Natural Armor),17,40.84344173956503,-11.15655826043497,-21.454919731605713,48.484848484848484,78.0,13.0,5.0,23.0,13.0,5,12.0,12.0,0,12.0,4.0,0.0,-11.0,-1.0,39.0,38.0,14.0,0.0,0.0,0.0,30,60,0,15,0,60,3,1,4,2,0,1,0,0,1,0,1,0,0,10,1,1,1,0,0,0,3,0,0,0,0,0,0,2,0,0,0,0,0,0,0,0,0,0,0,0
Basilisk,monstrosity,Medium,3,3.0,52 (8d8+16),52,15 (Natural Armor),15,51.99995763198902,-4.236801098045362e-05,-8.147694419318003e-05,1.0101010101010102,78.0,13.0,5.0,23.0,13.0,5,12.0,17.0,0,17.0,2.0,0.0,-6.0,-1.0,78.0,85.0,-33.0,0.0,0.0,0.0,20,0,0,0,0,20,1,0,0,0,0,0,0,0,1,0,0,0,0,10,1,1,1,0,0,0,3,0,0,0,0,0,0,2,0,0,0,0,0,0,1,0,1,0,1,0
Bearded Devil,fiend (devil),Medium,3,3.0,52 (8d8+16),52,13 (Natural Armor),13,55.757903790389186,3.757903790389186,7.226738058440742,18.181818181818183,78.0,13.0,5.0,23.0,13.0,5,12.0,15.0,0,15.0,0.0,0.0,-8.0,-1.0,19.5,40.5,11.5,0.0,40.5,0.0,30,0,0,0,0,30,1,0,3,0,3,2,0,1,1,60,0,0,0,10,1,1,1,0,0,0,3,0,0,1,0,0,0,2,0,1,0,0,0,1,0,0,0,0,0,0
Green Hag,fey,Medium,3,3.0,82 (11d8+33),82,17 (Natural Armor),17,51.69081271843849,-30.309187281561513,-36.962423514099406,66.66666666666666,78.0,13.0,5.0,23.0,13.0,6,14.0,13.0,0,13.0,4.0,1.0,-10.0,1.0,78.0,67.0,15.0,0.0,0.0,0.0,30,0,0,0,0,30,1,0,0,4,0,0,0,0,1,0,0,0,0,10,1,1,1,0,0,0,3,0,0,0,0,1,0,2,0,0,0,0,0,0,0,0,0,0,0,0
Wight,undead,Medium,3,3.0,45 (6d8+18),45,14 (Studded Leather),14,7.485206120883886,-37.51479387911611,-83.36620862025804,91.91919191919192,78.0,13.0,5.0,23.0,13.0,4,13.0,26.0,0,26.0,1.0,-1.0,3.0,0.0,19.5,14.5,30.5,0.0,0.0,0.0,30,0,0,0,0,30,1,0,0,2,3,1,0,2,1,0,0,0,0,10,1,1,1,0,0,0,3,0,0,0,0,0,0,2,0,0,0,0,0,0,0,0,0,0,0,0
Winter Wolf,monstrosity,Large,3,3.0,75 (10d10+20),75,13 (Natural Armor),13,47.742099989907764,-27.257900010092236,-36.343866680122986,65.65656565656566,78.0,13.0,5.0,23.0,13.0,6,14.0,11.0,0,11.0,0.0,1.0,-12.0,1.0,39.0,52.0,23.0,0.0,0.0,0.0,50,0,0,0,0,50,1,0,0,2,0,1,0,0,0,0,0,0,0,10,1,1,1,0,0,0,3,0,0,0,0,0,0,3,0,0,0,0,0,0,1,0,0,1,0,0
Killer Whale,beast,Huge,3,3.0,90 (12d12+12),90,12 (Natural Armor),12,78.64687574409416,-11.35312425590584,-12.614582506562044,29.292929292929294,78.0,13.0,5.0,23.0,13.0,6,0.0,21.5,0,21.5,-1.0,1.0,-1.5,0.0,78.0,80.0,10.0,0.0,0.0,0.0,0,0,60,0,0,60,1,0,0,1,0,0,0,0,0,0,1,0,0,10,1,1,1,0,0,0,3,0,0,0,0,0,0,4,0,0,0,0,1,0,0,0,0,0,0,0
Hell Hound,fiend,Medium,3,3.0,45 (7d8+14),45,15 (Natural Armor),15,48.72097413137201,3.72097413137201,8.26883140304891,20.2020202020202,78.0,13.0,5.0,23.0,13.0,5,12.0,14.5,0,14.5,2.0,0.0,-8.5,-1.0,39.0,51.0,-6.0,0.0,0.0,0.0,50,0,0,0,0,50,1,0,0,1,0,1,0,0,1,0,0,0,0,10,1,1,1,0,0,0,3,0,0,0,0,0,0,2,0,0,0,0,0,0,1,0,0,0,0,0
Gold Dragon Wyrmling,dragon,Medium,3,3.0,60 (8d8+24),60,17 (Natural Armor),17,57.9290112270218,-2.070988772978197,-3.451647954963662,10.1010101010101,78.0,13.0,5.0,23.0,13.0,6,13.0,9.5,0,9.5,4.0,1.0,-13.5,0.0,39.0,32.0,28.0,0.0,0.0,0.0,30,60,30,0,0,60,3,1,4,2,0,1,0,0,1,0,1,0,0,10,1,1,1,0,0,0,3,0,0,0,0,0,0,2,0,0,0,0,0,0,0,0,0,0,0,0
Giant Scorpion,beast,Large,3,3.0,52 (7d10+14),52,15 (Natural Armor),15,57.21139643878264,5.211396438782643,10.021916228428159,24.242424242424242,78.0,13.0,5.0,23.0,13.0,4,12.0,31.5,0,31.5,2.0,-1.0,8.5,-1.0,78.0,62.0,-10.0,0.0,0.0,0.0,40,0,0,0,0,40,1,0,0,0,0,0,0,0,0,0,1,0,0,10,1,1,1,0,0,0,3,0,0,0,0,0,0,3,1,0,0,0,0,0,0,0,0,0,0,0
Owlbear,monstrosity,Large,3,3.0,59 (7d10+21),59,13 (Natural Armor),13,61.22579126044144,2.22579126044144,3.772527560070237,11.11111111111111,78.0,13.0,5.0,23.0,13.0,7,0.0,24.5,0,24.5,0.0,2.0,1.5,0.0,78.0,63.0,-4.0,0.0,0.0,0.0,40,0,0,0,0,40,1,0,0,1,0,0,0,0,1,0,0,0,0,10,1,1,1,0,0,0,3,0,0,0,0,0,0,3,0,0,0,0,0,0,0,0,0,0,0,0
Minotaur,monstrosity,Large,3,3.0,76 (9d10+27),76,14 (Natural Armor),14,72.15729835577407,-3.842701644225926,-5.056186373981482,14.14141414141414,78.0,13.0,5.0,23.0,13.0,6,14.0,17.0,0,17.0,1.0,1.0,-6.0,1.0,78.0,74.0,2.0,0.0,0.0,0.0,40,0,0,0,0,40,1,0,0,1,0,0,0,0,1,0,0,0,0,10,1,1,1,0,0,0,3,0,0,0,0,0,0,3,0,0,0,0,0,0,0,0,0,1,0,0
Mummy,undead,Medium,3,3.0,58 (9d8+18),58,11 (Natural Armor),11,66.89881622043791,8.898816220437908,15.34278658696191,34.34343434343434,78.0,13.0,5.0,23.0,13.0,5,12.0,20.5,0,20.5,-2.0,0.0,-2.5,-1.0,19.5,39.5,18.5,0.0,0.0,0.0,20,0,0,0,0,20,1,0,1,0,3,2,1,5,1,0,0,0,0,10,1,1,1,0,0,0,3,0,0,0,0,0,0,2,0,0,0,0,0,1,0,1,0,0,0,0
Nightmare,fiend,Large,3,3.0,68 (8d10+24),68,13 (Natural Armor),13,55.93362088333774,-12.066379116662262,-17.74467517156215,38.38383838383838,78.0,13.0,5.0,23.0,13.0,6,0.0,20.0,0,20.0,0.0,1.0,-3.0,0.0,39.0,31.0,37.0,0.0,0.0,0.0,60,90,0,0,0,90,2,1,0,0,0,1,0,0,0,0,0,0,0,10,1,1,1,0,0,0,3,0,0,0,0,0,0,3,0,0,0,0,0,0,0,0,0,0,0,0
Phase Spider,monstrosity,Large,3,3.0,32 (5d10+5),32,13 (Natural Armor),13,71.04760463799222,39.04760463799222,122.0237644937257,97.97979797979798,78.0,13.0,5.0,23.0,13.0,4,11.0,25.5,0,25.5,0.0,-1.0,2.5,-2.0,78.0,89.0,-57.0,0.0,0.0,0.0,30,0,0,0,30,30,2,0,0,1,0,0,0,0,1,0,0,0,0,10,1,1,1,0,0,0,3,0,0,0,0,0,0,3,0,1,0,0,0,0,0,1,0,0,0,0
Werewolf,"humanoid (human, shapechanger)",Medium,3,3.0,58 (9d8+18),58,"11 (In Humanoid Form, 12 In Wolf Or Hybrid Form)",11,86.57583549373385,28.575835493733848,49.26868188574801,76.76767676767676,78.0,13.0,5.0,23.0,13.0,4,12.0,7.0,0,7.0,-2.0,-1.0,-16.0,-1.0,39.0,92.0,-34.0,0.0,0.0,0.0,30,0,0,0,0,30,1,0,0,1,0,3,0,0,0,0,0,0,0,10,1,1,1,0,0,0,3,0,0,0,0,0,0,2,0,0,0,0,0,0,0,0,0,0,0,0
Veteran,humanoid (any race),Medium,3,3.0,58 (9d8+18),58,17 (Splint),17,82.28082790196872,24.28082790196872,41.86349638270469,71.71717171717171,78.0,13.0,5.0,23.0,13.0,5,0.0,6.5,0,6.5,4.0,0.0,-16.5,0.0,78.0,91.0,-33.0,0.0,0.0,0.0,30,0,0,0,0,30,1,0,0,2,0,0,0,0,0,0,0,0,0,10,1,1,1,0,0,0,3,0,0,0,0,0,0,2,0,0,0,0,0,0,0,0,0,0,0,0
Black Pudding,ooze,Large,4,4.0,85 (10d10+30),85,7,7,85.60924694041621,0.6092469404162131,0.7167611063720154,4.040404040404041,100.8,14.0,6.0,28.0,14.0,5,0.0,24.5,0,24.5,-7.0,-1.0,-3.5,0.0,50.4,98.4,-13.400000000000006,0.0,0.0,0.0,20,0,0,0,20,20,2,0,0,0,0,4,0,6,0,0,1,0,0,10,1,1,1,0,0,0,3,0,0,0,0,0,0,3,0,0,0,0,0,0,0,0,0,0,0,0
Ettin,giant,Large,4,4.0,85 (10d10+30),85,12 (Natural Armor),12,76.0239918348833,-8.976008165116696,-10.560009606019642,26.262626262626267,100.8,14.0,6.0,28.0,14.0,7,0.0,28.0,0,28.0,-2.0,1.0,0.0,0.0,100.8,104.8,-19.799999999999997,0.0,0.0,0.0,40,0,0,0,0,40,1,0,0,1,0,0,0,0,1,0,0,0,0,10,1,1,1,0,0,0,3,0,0,0,0,0,0,3,0,0,1,1,1,1,0,0,0,0,0,1
Elephant,beast,Huge,4,4.0,76 (8d12+24),76,12 (Natural Armor),12,100.13693230250743,24.136932302507432,31.759121450667678,64.64646464646465,100.8,14.0,6.0,28.0,14.0,8,12.0,33.75,0,33.75,-2.0,2.0,5.75,-2.0,100.8,97.3,-21.299999999999997,0.0,0.0,0.0,40,0,0,0,0,40,1,0,0,0,0,0,0,0,0,0,0,0,0,10,1,1,1,0,0,0,3,0,0,0,0,0,0,4,0,0,0,0,0,0,0,0,0,1,0,0
Couatl,celestial,Medium,4,4.0,97 (13d8+39),97,19 (Natural Armor),19,46.98467332772404,-50.01532667227596,-51.562192445645316,77.77777777777779,100.8,14.0,6.0,28.0,14.0,8,15.0,10.0,0,10.0,5.0,2.0,-18.0,1.0,25.200000000000003,11.200000000000003,85.8,0.0,0.0,0.0,30,90,0,0,0,90,2,1,3,0,1,3,0,0,0,0,0,1,0,10,1,1,1,0,0,0,3,0,0,0,0,1,0,2,1,1,0,0,0,0,0,0,0,0,1,0
Chuul,aberration,Large,4,4.0,93 (11d10+33),93,16 (Natural Armor),16,56.15429769704464,-36.84570230295536,-39.6190347343606,68.68686868686868,100.8,14.0,6.0,28.0,14.0,6,14.0,22.0,0,22.0,2.0,0.0,-6.0,0.0,50.4,52.4,40.6,0.0,0.0,0.0,30,0,30,0,0,30,2,0,0,1,0,1,0,1,1,0,0,0,0,10,1,1,1,0,0,0,3,0,0,0,0,0,0,3,1,1,0,0,0,0,0,1,0,0,0,0
Red Dragon Wyrmling,dragon,Medium,4,4.0,75 (10d8+30),75,17 (Natural Armor),17,62.47450727742696,-12.525492722573041,-16.70065696343072,36.36363636363637,100.8,14.0,6.0,28.0,14.0,6,0.0,13.0,0,13.0,3.0,0.0,-15.0,0.0,50.4,57.400000000000006,17.599999999999994,0.0,0.0,0.0,30,60,0,0,30,60,3,1,4,2,0,1,0,0,1,0,1,0,0,10,1,1,1,0,0,0,3,0,0,0,0,0,0,2,0,0,0,0,0,0,0,0,0,0,0,0
Ghost,undead,Medium,4,4.0,45 (10d8),45,11,11,40.63608591970855,-4.363914080291451,-9.697586845092115,22.22222222222222,100.8,14.0,6.0,28.0,14.0,5,13.0,17.0,0,17.0,-3.0,-1.0,-11.0,-1.0,25.200000000000003,65.2,-20.200000000000003,0.0,0.0,0.0,0,40,0,0,0,40,1,1,0,0,6,3,0,9,1,0,0,0,0,10,1,1,1,0,0,0,3,0,0,0,0,0,0,2,0,0,0,1,0,1,1,0,0,0,0,0
Lamia,monstrosity,Large,4,4.0,97 (13d10+26),97,13 (Natural Armor),13,123.17044666517185,26.170446665171852,26.979841922857577,58.58585858585859,100.8,14.0,6.0,28.0,14.0,5,13.0,19.5,0,19.5,-1.0,-1.0,-8.5,-1.0,100.8,133.8,-36.80000000000001,0.0,0.0,0.0,30,0,0,0,0,30,1,0,0,3,0,0,0,0,1,0,0,0,0,10,1,1,1,0,0,0,3,0,0,0,0,1,0,3,0,0,0,0,0,0,0,0,0,0,0,0
Incubus,Fiend (Shapechanger),Medium,4,4.0,66 (12d8 + 12),66,15 (Natural Armor),15,79.50389815730642,13.503898157306423,20.46045175349458,44.44444444444444,100.8,14.0,6.0,28.0,14.0,5,15.0,6.5,0,6.5,1.0,-1.0,-21.5,1.0,75.6,106.6,-40.599999999999994,0.0,0.0,0.0,30,60,0,0,0,60,2,1,0,5,6,0,0,0,1,0,0,0,0,10,1,1,1,0,0,0,3,0,0,0,0,0,0,2,0,0,0,1,0,0,0,0,0,0,0,0
Weretiger,"humanoid (human, shapechanger)",Medium,4,4.0,120 (16d8+48),120,12,12,88.11233499730136,-31.88766500269864,-26.573054168915533,57.57575757575758,100.8,14.0,6.0,28.0,14.0,5,14.0,12.75,0,12.75,-2.0,-1.0,-15.25,0.0,50.4,96.9,23.099999999999994,0.0,0.0,0.0,30,0,0,0,0,30,1,0,0,2,0,3,0,0,1,0,0,0,0,10,1,1,1,0,0,0,3,0,0,0,0,0,0,2,0,0,0,0,0,0,0,0,0,1,0,0
Wereboar,"humanoid (human, shapechanger)",Medium,4,4.0,78 (12d8+24),78,"10 (In Humanoid Form, 11 In Boar And Hybrid Forms )",10,111.90734258906647,33.907342589066474,43.47095203726471,72.72727272727273,100.8,14.0,6.0,28.0,14.0,5,13.0,10.0,0,10.0,-4.0,-1.0,-18.0,-1.0,50.4,117.4,-39.400000000000006,0.0,0.0,0.0,30,0,0,0,0,30,1,0,0,1,0,3,0,0,0,0,0,0,0,10,1,1,1,0,0,0,3,0,0,0,0,0,0,2,0,0,0,0,0,0,0,0,0,1,0,0
Succubus,Fiend (Shapechanger),Medium,4,4.0,66 (12d8 + 12),66,15 (Natural Armor),15,79.50389815730642,13.503898157306423,20.46045175349458,44.44444444444444,100.8,14.0,6.0,28.0,14.0,5,15.0,6.5,0,6.5,1.0,-1.0,-21.5,1.0,75.6,106.6,-40.599999999999994,0.0,0.0,0.0,30,60,0,0,0,60,2,1,0,5,6,0,0,0,1,0,0,0,0,10,1,1,1,0,0,0,3,0,0,0,0,0,0,2,0,0,0,1,0,0,0,0,0,0,0,0
Succubus (Incubus),fiend (shapechanger),Medium,4,4.0,66 (12d8+12),66,15 (Natural Armor),15,79.50389815730642,13.503898157306423,20.46045175349458,44.44444444444444,100.8,14.0,6.0,28.0,14.0,5,15.0,6.5,0,6.5,1.0,-1.0,-21.5,1.0,75.6,106.6,-40.599999999999994,0.0,0.0,0.0,30,60,0,0,0,60,2,1,0,5,6,0,0,0,1,0,0,0,0,10,1,1,1,0,0,0,3,0,0,0,0,0,0,2,0,0,0,1,0,0,0,0,0,0,0,0
Air Elemental,elemental,Large,5,5.0,90 (12d10+24),90,15,15,76.00221631466911,-13.997783685330887,-15.553092983700987,47.69230769230769,114.0,15.0,7.0,35.0,15.0,8,13.0,28.0,0,28.0,0.0,1.0,-7.0,-2.0,42.75,54.25,35.75,0.0,0.0,0.0,0,90,0,0,0,90,1,1,0,0,3,1,0,8,1,0,0,0,0,10,1,1,1,0,0,0,3,0,0,0,0,0,0,3,0,0,0,0,0,0,0,0,0,1,0,0
Barbed Devil,fiend (devil),Medium,5,5.0,110 (13d8+52),110,15 (Natural Armor),15,110.79761641936119,0.7976164193611908,0.7251058357829008,1.5384615384615385,114.0,15.0,7.0,35.0,15.0,6,0.0,23.0,0,23.0,0.0,-1.0,-12.0,0.0,42.75,80.75,29.25,0.0,80.75,0.0,30,0,0,0,0,30,1,0,4,3,3,2,0,1,1,60,0,0,0,10,1,1,1,0,0,0,3,0,0,1,0,0,0,2,0,0,0,0,0,0,0,0,0,0,0,0
Bulette,monstrosity,Large,5,5.0,94 (9d10+45),94,17 (Natural Armor),17,125.82702530107797,31.827025301077967,33.85853755433826,76.92307692307693,114.0,15.0,7.0,35.0,15.0,7,16.0,30.0,0,30.0,2.0,0.0,-5.0,1.0,114.0,106.5,-12.5,0.0,0.0,0.0,40,0,0,40,0,40,2,0,0,1,0,0,0,0,1,0,0,0,1,10,1,1,1,0,0,0,3,0,0,0,0,0,0,3,0,0,0,0,0,0,0,0,0,1,0,0
Earth Elemental,elemental,Large,5,5.0,126 (12d10+60),126,17 (Natural Armor),17,89.29658822824337,-36.703411771756635,-29.12969188234654,69.23076923076923,114.0,15.0,7.0,35.0,15.0,8,0.0,28.0,0,28.0,2.0,1.0,-7.0,0.0,42.75,38.25,87.75,0.0,0.0,0.0,30,0,0,30,0,30,2,0,0,0,3,1,1,5,1,0,0,0,1,10,1,1,1,0,0,0,3,0,0,0,0,0,0,3,0,0,0,0,0,0,0,0,0,0,0,0
Werebear,"humanoid (human, shapechanger)",Medium,5,5.0,135 (18d8+54),135,"10 (In Humanoid Form, 11 In Bear And Hybrid Forms )",10,90.01452686055146,-44.985473139448544,-33.32257269588781,75.38461538461539,114.0,15.0,7.0,35.0,15.0,7,14.0,30.0,0,30.0,-5.0,0.0,-5.0,-1.0,57.0,110.5,24.5,0.0,0.0,0.0,30,0,0,0,30,30,2,0,0,1,0,3,0,0,0,0,0,0,0,10,1,1,1,0,0,0,3,0,0,0,0,0,0,2,0,0,0,0,0,0,0,0,0,0,0,0
Fire Elemental,elemental,Large,5,5.0,102 (12d10+36),102,13,13,134.34416648419153,32.34416648419153,31.70996714136425,70.76923076923077,114.0,15.0,7.0,35.0,15.0,6,0.0,31.0,0,31.0,-2.0,-1.0,-4.0,0.0,42.75,74.75,27.25,0.0,0.0,0.0,50,0,0,0,0,50,1,0,0,0,3,2,0,8,1,0,0,0,0,10,1,1,1,0,0,0,3,0,0,0,0,0,0,3,0,0,0,0,0,0,0,0,0,0,0,0
Water Elemental,elemental,Large,5,5.0,114 (12d10+48),114,14 (Natural Armor),14,127.67500730332084,13.67500730332084,11.995620441509509,29.230769230769234,114.0,15.0,7.0,35.0,15.0,7,15.0,26.0,0,26.0,-1.0,0.0,-9.0,0.0,42.75,72.25,41.75,0.0,0.0,0.0,30,0,90,0,0,90,2,0,0,0,3,1,0,8,1,0,0,0,0,10,1,1,1,0,0,0,3,0,0,0,0,0,0,3,1,0,0,0,0,0,0,0,0,0,1,0
Vampire Spawn,undead,Medium,5,5.0,82 (11d8+33),82,15 (Natural Armor),15,82.63638193779906,0.636381937799058,0.7760755339012904,3.076923076923077,114.0,15.0,7.0,35.0,15.0,6,13.0,21.5,0,21.5,0.0,-1.0,-13.5,-2.0,99.75,153.5,-71.5,0.0,0.0,153.5,30,0,0,0,0,30,1,0,2,2,3,0,0,0,1,0,0,0,0,10,1,1,1,0,0,0,3,0,0,0,1,0,0,2,1,0,0,0,0,0,1,0,0,0,1,0
Half-Red Dragon Veteran,humanoid (human),Medium,5,5.0,65 (10d8+20),65,18 (plate),18,97.28634295704248,32.28634295704248,49.67129685698843,92.3076923076923,114.0,15.0,7.0,35.0,15.0,5,15.0,21.5,0,21.5,3.0,-2.0,-13.5,0.0,99.75,128.5,-63.5,0.0,0.0,0.0,30,0,0,0,0,30,1,0,0,2,1,0,0,0,1,0,1,0,0,10,1,1,1,0,0,0,3,0,0,0,0,0,0,2,0,0,0,0,0,0,0,0,0,0,0,0
Flesh Golem,construct,Medium,5,5.0,93 (11d8+44),93,9,9,118.77781837306833,25.777818373068328,27.718084272116485,67.6923076923077,114.0,15.0,7.0,35.0,15.0,7,15.0,26.0,0,26.0,-6.0,0.0,-9.0,0.0,57.0,121.5,-28.5,0.0,121.5,0.0,30,0,0,0,0,30,1,0,0,0,0,4,0,6,1,0,0,0,0,10,1,1,1,0,0,0,3,0,0,1,0,0,0,2,0,0,0,0,0,0,0,0,0,0,0,0
Xorn,elemental,Medium,5,5.0,73 (7d8+42),73,19 (Natural Armor),19,53.46350934326487,-19.536490656735133,-26.762315968130316,64.61538461538461,114.0,15.0,7.0,35.0,15.0,6,0.0,33.0,0,33.0,4.0,-1.0,-2.0,0.0,99.75,84.75,-11.75,0.0,0.0,0.0,20,0,0,20,0,20,2,0,0,2,1,0,0,0,1,0,0,0,1,10,1,1,1,0,0,0,3,0,0,0,0,0,0,2,0,0,0,0,0,0,0,0,0,0,0,0
Wraith,undead,Medium,5,5.0,67 (9d8+27),67,13,13,97.41908170027489,30.419081700274887,45.40161447802222,89.23076923076924,114.0,15.0,7.0,35.0,15.0,6,14.0,21.0,0,21.0,-2.0,-1.0,-14.0,-1.0,42.75,95.75,-28.75,0.0,0.0,0.0,0,60,0,0,0,60,1,1,0,0,7,2,0,8,1,0,0,0,0,10,1,1,1,0,0,0,3,0,0,0,0,0,0,2,0,0,0,0,0,0,0,0,0,0,0,0
Otyugh,aberration,Large,5,5.0,114 (12d10+48),114,14 (Natural Armor),14,125.79552231024005,11.795522310240045,10.346949394947409,21.53846153846154,114.0,15.0,7.0,35.0,15.0,6,15.0,36.0,0,36.0,-1.0,-1.0,1.0,0.0,114.0,126.5,-12.5,0.0,0.0,0.0,30,0,0,0,0,30,1,0,1,0,0,0,0,0,1,60,0,0,0,10,1,1,1,0,0,0,3,0,0,0,0,0,0,3,1,1,0,0,0,0,0,0,0,0,1,1
Roper,monstrosity,Large,5,5.0,93 (11d10+33),93,20 (Natural Armor),20,61.265318003685564,-31.734681996314436,-34.12331397453165,78.46153846153847,114.0,15.0,7.0,35.0,15.0,7,15.0,22.0,0,22.0,5.0,0.0,-13.0,0.0,114.0,111.5,-18.5,0.0,0.0,0.0,10,0,0,0,10,10,2,0,0,2,0,0,0,0,1,0,0,0,0,10,1,1,1,0,0,0,3,0,0,0,0,0,0,3,1,0,0,0,0,0,0,0,0,0,1,0
Salamander,elemental,Large,5,5.0,90 (12d10+24),90,15 (Natural Armor),15,55.04961220182028,-34.95038779817972,-38.83376422019969,83.07692307692308,114.0,15.0,7.0,35.0,15.0,7,14.0,32.5,0,32.5,0.0,0.0,-2.5,-1.0,42.75,55.0,35.0,0.0,0.0,0.0,30,0,0,0,0,30,1,0,0,0,3,1,1,0,1,0,0,0,0,10,1,1,1,0,0,0,3,0,0,0,0,0,0,3,1,0,0,0,0,0,0,0,0,0,1,0
Shambling Mound,plant,Large,5,5.0,136 (16d10+48),136,15 (Natural Armor),15,57.25491967599998,-78.74508032400001,-57.90079435588237,95.38461538461539,114.0,15.0,7.0,35.0,15.0,7,14.0,26.0,0,26.0,0.0,0.0,-9.0,-1.0,42.75,71.25,64.75,0.0,0.0,0.0,20,0,20,0,0,20,2,0,0,1,2,1,0,3,0,0,1,0,0,10,1,1,1,0,0,0,3,0,0,0,0,0,0,3,1,0,1,0,0,0,0,0,0,0,1,0
Night Hag,fiend,Medium,5,5.0,112 (15d8+45),112,17 (Natural Armor),17,70.16037338589081,-41.83962661410919,-37.35680947688321,80.0,114.0,15.0,7.0,35.0,15.0,7,14.0,13.0,0,13.0,2.0,0.0,-22.0,-1.0,99.75,146.75,-34.75,0.0,146.75,0.0,30,0,0,0,0,30,1,0,0,4,4,0,0,1,1,60,0,0,0,10,1,1,1,0,0,0,3,0,0,1,0,1,0,2,0,0,0,0,0,0,0,0,0,0,0,0
Troll,giant,Large,5,5.0,84 (8d10+40),84,15 (Natural Armor),15,74.65172579611793,-9.34827420388207,-11.12889786176437,26.153846153846157,114.0,15.0,7.0,35.0,15.0,7,0.0,29.5,0,29.5,0.0,0.0,-5.5,0.0,114.0,127.75,-43.75,0.0,0.0,127.75,30,0,0,0,0,30,1,0,0,1,0,0,0,0,1,0,0,0,0,10,1,1,1,0,0,0,3,0,0,0,1,0,0,3,0,0,0,0,0,0,0,0,0,0,0,0
Unicorn,celestial,Large,5,5.0,67 (9d10+18),67,12,12,23.31591044159822,-43.68408955840178,-65.20013366925639,96.92307692307692,114.0,15.0,7.0,35.0,15.0,7,15.0,19.5,11,30.5,-3.0,0.0,-4.5,0.0,57.0,89.25,-22.25,0.0,89.25,0.0,50,0,0,0,0,50,1,0,0,0,0,1,0,3,1,0,0,0,0,10,1,1,1,0,1,3,4,1,0,1,0,1,0,3,0,0,0,0,0,0,0,0,0,1,0,0
Triceratops,beast,Huge,5,5.0,95 (10d12+30),95,13 (Natural Armor),13,135.8515119673195,40.85151196731951,43.001591544546855,87.6923076923077,114.0,15.0,7.0,35.0,15.0,9,13.0,35.25,0,35.25,-2.0,2.0,0.25,-2.0,114.0,123.375,-28.375,0.0,0.0,0.0,50,0,0,0,0,50,1,0,0,0,0,0,0,0,0,0,0,0,0,10,1,1,1,0,0,0,3,0,0,0,0,0,0,4,0,0,0,0,0,0,0,0,0,1,0,0
Giant Crocodile,beast,Huge,5,5.0,85 (9d12+27),85,14 (Natural Armor),14,93.85040492743349,8.850404927433488,10.41224109109822,23.076923076923077,114.0,15.0,7.0,35.0,15.0,8,16.0,35.5,0,35.5,-1.0,1.0,0.5,1.0,114.0,105.75,-20.75,0.0,0.0,0.0,30,0,50,0,0,50,2,0,0,1,0,0,0,0,0,0,0,0,0,10,1,1,1,0,0,0,3,0,0,0,0,0,0,4,1,0,0,0,0,0,0,0,0,1,1,0
Giant Shark,beast,Huge,5,5.0,126 (11d12+55),126,13 (Natural Armor),13,122.38543637110622,-3.6145636288937766,-2.8687012927728386,6.153846153846154,114.0,15.0,7.0,35.0,15.0,9,0.0,22.5,0,22.5,-2.0,2.0,-12.5,0.0,114.0,143.25,-17.25,0.0,0.0,0.0,0,0,50,0,0,50,1,0,0,1,0,0,0,0,0,0,1,0,0,10,1,1,1,0,0,0,3,0,0,0,0,0,0,4,0,0,0,0,0,0,0,0,0,0,0,0
Gladiator,humanoid (any race),Medium,5,5.0,112 (15d8+45),112,"16 (Studded Leather, Shield)",16,86.64800641353415,-25.351993586465852,-22.63570855934451,58.46153846153847,114.0,15.0,7.0,35.0,15.0,7,15.0,26.0,0,26.0,1.0,0.0,-9.0,0.0,114.0,129.5,-17.5,0.0,0.0,0.0,30,0,0,0,0,30,1,0,3,2,0,0,0,0,0,0,0,0,0,10,1,1,1,0,0,0,3,0,0,0,0,0,0,2,0,0,0,0,0,1,0,0,0,1,0,0
Gorgon,monstrosity,Large,5,5.0,114 (12d10+48),114,19 (Natural Armor),19,87.16330295885614,-26.836697041143864,-23.540962316792864,60.0,114.0,15.0,7.0,35.0,15.0,8,16.0,26.0,0,26.0,4.0,1.0,-9.0,1.0,114.0,94.5,19.5,0.0,0.0,0.0,40,0,0,0,0,40,1,0,0,1,0,0,0,1,1,0,0,0,0,10,1,1,1,0,0,0,3,0,0,0,0,0,0,3,0,0,0,0,0,0,0,0,1,1,1,0
Hill Giant,giant,Huge,5,5.0,105 (10d12+40),105,13 (Natural Armor),13,117.9069706687631,12.906970668763094,12.292353017869614,32.30769230769231,114.0,15.0,7.0,35.0,15.0,8,0.0,37.0,0,37.0,-2.0,1.0,2.0,0.0,114.0,115.0,-10.0,0.0,0.0,0.0,40,0,0,0,0,40,1,0,0,1,0,0,0,0,0,0,0,0,0,10,1,1,1,0,0,0,3,0,0,0,0,0,0,4,0,0,0,0,0,0,0,0,0,0,0,0
Chimera,monstrosity,Large,6,6.0,114 (12d10+48),114,14 (Natural Armor),14,124.35440150665121,10.354401506651215,9.082808339167732,18.461538461538463,134.4,15.0,7.0,41.0,15.0,7,15.0,32.5,0,32.5,-1.0,0.0,-8.5,0.0,134.4,152.65,-38.650000000000006,0.0,0.0,0.0,30,60,0,0,0,60,2,1,0,1,0,0,0,0,1,0,0,0,0,10,1,1,1,0,0,0,3,0,0,0,0,0,0,3,0,0,0,0,0,0,0,0,0,0,0,0
Young White Dragon,dragon,Large,6,6.0,133 (14d10+56),133,17 (Natural Armor),17,116.31226929235298,-16.68773070764702,-12.547165945599264,36.92307692307693,134.4,15.0,7.0,41.0,15.0,7,15.0,41.5,0,41.5,2.0,0.0,0.5,0.0,67.2,41.95,91.05,0.0,0.0,0.0,40,80,40,20,0,80,4,1,4,2,0,1,0,0,1,60,1,0,0,10,1,1,1,0,0,0,3,0,0,0,0,0,0,3,0,0,0,0,0,0,0,0,0,0,0,0
Drider,monstrosity,Large,6,6.0,123 (13d10+52),123,19 (Natural Armor),19,105.88871137414307,-17.11128862585693,-13.911616768989374,40.0,134.4,15.0,7.0,41.0,15.0,6,13.0,35.5,0,35.5,4.0,-1.0,-5.5,-2.0,134.4,140.15,-17.150000000000006,0.0,0.0,0.0,30,0,0,0,30,30,2,0,0,2,0,0,0,0,1,60,0,0,0,10,1,1,1,0,0,0,3,0,0,0,0,1,0,3,0,0,0,1,0,0,0,0,0,0,0,0
Mammoth,beast,Huge,6,6.0,126 (11d12+55),126,13 (Natural Armor),13,102.71227285639709,-23.287727143602908,-18.48232312984358,50.76923076923077,134.4,15.0,7.0,41.0,15.0,10,18.0,43.5,0,43.5,-2.0,3.0,2.5,3.0,134.4,100.15,25.849999999999994,0.0,0.0,0.0,40,0,0,0,0,40,1,0,0,0,0,0,0,0,0,0,0,0,0,10,1,1,1,0,0,0,3,0,0,0,0,0,0,4,0,0,0,0,0,0,0,0,0,1,0,0
Medusa,monstrosity,Medium,6,6.0,127 (17d8+51),127,15 (Natural Armor),15,107.25863262686866,-19.74136737313134,-15.544383758371133,46.15384615384615,134.4,15.0,7.0,41.0,15.0,5,14.0,29.5,0,29.5,0.0,-2.0,-11.5,-1.0,134.4,185.15,-58.150000000000006,0.0,0.0,0.0,30,0,0,0,0,30,1,0,0,4,0,0,0,0,1,0,0,0,0,10,1,1,1,0,0,0,3,0,0,0,0,0,0,2,0,0,0,0,0,0,1,0,1,0,1,0
Wyvern,dragon,Large,6,6.0,110 (13d10+39),110,13 (Natural Armor),13,99.48853128882531,-10.511468711174686,-9.555880646522443,20.0,134.4,15.0,7.0,41.0,15.0,7,15.0,46.5,0,46.5,-2.0,0.0,5.5,0.0,134.4,124.65,-14.650000000000006,0.0,0.0,0.0,20,80,0,0,0,80,2,1,0,1,0,0,0,0,1,0,0,0,0,10,1,1,1,0,0,0,3,0,0,0,0,0,0,3,0,0,0,0,0,0,0,0,0,0,0,0
Mage,humanoid (any race),Medium,6,6.0,40 (9d8),40,12 (15 With Mage Armor),12,134.1261525006124,94.12615250061239,235.315381251531,100.0,134.4,15.0,7.0,41.0,15.0,5,14.0,4.5,0,4.5,-3.0,-2.0,-36.5,-1.0,134.4,268.65,-228.64999999999998,0.0,0.0,0.0,30,0,0,0,0,30,1,0,2,2,0,0,0,0,0,0,0,0,0,10,1,1,1,0,0,0,3,0,0,0,0,1,9,2,0,0,0,0,0,0,0,0,0,0,0,0
Young Brass Dragon,dragon,Large,6,6.0,110 (13d10+39),110,17 (Natural Armor),17,126.28976225522256,16.289762255222556,14.80887477747505,43.07692307692308,134.4,15.0,7.0,41.0,15.0,7,14.0,37.0,0,37.0,2.0,0.0,-4.0,-1.0,67.2,59.2,50.8,0.0,0.0,0.0,40,80,0,20,0,80,3,1,4,3,0,1,0,0,1,60,1,0,0,10,1,1,1,0,0,0,3,0,0,0,0,0,0,3,0,0,0,0,0,0,0,0,0,0,0,0
Invisible Stalker,elemental,Medium,6,6.0,104 (16d8+32),104,14,14,124.68443170207564,20.684431702075642,19.888876636611194,52.307692307692314,134.4,15.0,7.0,41.0,15.0,6,0.0,20.0,0,20.0,-1.0,-1.0,-21.0,0.0,50.400000000000006,107.9,-3.9000000000000057,0.0,0.0,0.0,50,50,0,0,0,50,2,1,0,2,3,1,0,8,1,0,0,0,0,10,1,1,1,0,0,0,3,0,0,0,0,0,0,2,0,0,0,0,0,0,0,0,0,0,0,0
Vrock,fiend (demon),Large,6,6.0,104 (11d10+44),104,15 (Natural Armor),15,118.77634249170049,14.77634249170049,14.208021626635087,41.53846153846154,134.4,15.0,7.0,41.0,15.0,6,14.0,24.0,0,24.0,0.0,-1.0,-17.0,-1.0,50.400000000000006,96.9,7.099999999999994,0.0,96.9,0.0,40,60,0,0,0,60,2,1,3,0,5,1,0,1,1,60,0,0,0,10,1,1,1,0,0,0,3,0,0,1,0,0,0,3,0,1,0,0,0,0,0,0,0,0,0,1
Giant Ape,beast,Huge,7,7.0,157 (15d12+60),157,12,12,170.02593914896215,13.025939148962152,8.29677652800137,16.923076923076923,156.0,15.0,7.0,47.0,15.0,9,0.0,45.0,0,45.0,-3.0,2.0,-2.0,0.0,156.0,166.0,-9.0,0.0,0.0,0.0,40,0,0,0,40,40,2,0,0,2,0,0,0,0,0,0,0,0,0,10,1,1,1,0,0,0,3,0,0,0,0,0,0,4,0,0,0,0,0,0,0,0,0,0,0,0
Young Copper Dragon,dragon,Large,7,7.0,119 (14d10+42),119,17 (Natural Armor),17,150.86593538046588,31.865935380465885,26.778096958374693,66.15384615384615,156.0,15.0,7.0,47.0,15.0,7,14.0,37.0,0,37.0,2.0,0.0,-10.0,-1.0,78.0,85.0,34.0,0.0,0.0,0.0,40,80,0,0,40,80,3,1,4,3,0,1,0,0,1,60,1,0,0,10,1,1,1,0,0,0,3,0,0,0,0,0,0,3,0,0,0,0,0,0,0,0,0,0,0,0
Young Black Dragon,dragon,Large,7,7.0,127 (15d10+45),127,18 (Natural Armor),18,131.2708637952082,4.270863795208186,3.3628848781166814,9.230769230769232,156.0,15.0,7.0,47.0,15.0,7,14.0,41.5,0,41.5,3.0,0.0,-5.5,-1.0,78.0,66.75,60.25,0.0,0.0,0.0,40,80,40,0,0,80,3,1,4,2,0,1,0,0,1,60,1,0,0,10,1,1,1,0,0,0,3,0,0,0,0,0,0,3,0,0,0,0,0,0,0,0,0,0,0,0
Oni,giant,Large,7,7.0,110 (13d10+39),110,16 (Chain Mail),16,135.90692601828414,25.90692601828414,23.551750925712852,61.53846153846154,156.0,15.0,7.0,47.0,15.0,7,13.0,30.0,0,30.0,1.0,0.0,-17.0,-2.0,156.0,193.5,-83.5,0.0,0.0,193.5,30,30,0,0,0,30,2,1,4,3,0,0,0,0,1,0,0,0,0,10,1,1,1,0,0,0,3,0,0,0,1,1,0,3,0,0,0,0,0,0,0,0,0,0,0,0
Shield Guardian,construct,Large,7,7.0,142 (15d10+60),142,17 (Natural Armor),17,111.03723102365183,-30.962768976348173,-21.804766884752233,55.38461538461539,156.0,15.0,7.0,47.0,15.0,7,0.0,22.0,0,22.0,2.0,0.0,-25.0,0.0,78.0,126.5,15.5,0.0,0.0,126.5,30,0,0,0,0,30,1,0,0,0,0,1,0,5,1,0,1,0,0,10,1,1,1,0,0,0,3,0,0,0,1,0,0,3,0,0,0,0,0,0,0,0,0,0,0,0
Stone Giant,giant,Huge,7,7.0,126 (11d12+55),126,17 (Natural Armor),17,177.6262753219395,51.62627532193949,40.97323438249166,86.15384615384616,156.0,15.0,7.0,47.0,15.0,9,17.0,39.0,0,39.0,2.0,2.0,-8.0,2.0,156.0,134.0,-8.0,0.0,0.0,0.0,40,0,0,0,0,40,1,0,3,2,0,0,0,0,1,0,0,0,0,10,1,1,1,0,0,0,3,0,0,0,0,0,0,4,0,0,0,0,0,0,0,0,0,1,0,0
Hydra,monstrosity,Huge,8,8.0,172 (15d12+75),172,15 (Natural Armor),15,145.42910512917462,-26.570894870825384,-15.448194692340339,44.61538461538462,163.2,15.0,7.0,53.0,15.0,8,0.0,21.0,0,21.0,0.0,1.0,-32.0,0.0,163.2,235.2,-63.19999999999999,0.0,0.0,0.0,30,0,30,0,0,30,2,0,0,1,0,0,0,0,1,0,0,0,0,10,1,1,1,0,0,0,3,0,0,0,0,0,0,4,0,0,1,1,1,1,0,0,0,0,0,1
Frost Giant,giant,Huge,8,8.0,138 (12d12+60),138,15 (Patchwork Armor),15,122.06958327649458,-15.930416723505417,-11.543780234424215,27.692307692307693,163.2,15.0,7.0,53.0,15.0,9,0.0,51.0,0,51.0,0.0,2.0,-2.0,0.0,81.6,70.6,67.4,0.0,0.0,0.0,40,0,0,0,0,40,1,0,3,2,0,1,0,0,0,0,0,0,0,10,1,1,1,0,0,0,3,0,0,0,0,0,0,4,0,0,0,0,0,0,0,0,0,0,0,0
Young Bronze Dragon,dragon,Large,8,8.0,142 (15d10+60),142,18 (Natural Armor),18,132.12225365301907,-9.877746346980928,-6.956159399282344,13.846153846153847,163.2,15.0,7.0,53.0,15.0,8,15.0,40.0,0,40.0,3.0,1.0,-13.0,0.0,81.6,75.1,66.9,0.0,0.0,0.0,40,80,40,0,0,80,3,1,4,3,0,1,0,0,1,60,1,0,0,10,1,1,1,0,0,0,3,0,0,0,0,0,0,3,0,0,0,0,0,0,0,0,0,0,0,0
Young Green Dragon,dragon,Large,8,8.0,136 (16d10+48),136,18 (Natural Armor),18,142.07578312697177,6.075783126971771,4.4674875933615965,10.76923076923077,163.2,15.0,7.0,53.0,15.0,7,14.0,44.0,0,44.0,3.0,0.0,-9.0,-1.0,81.6,79.1,56.900000000000006,0.0,0.0,0.0,40,80,40,0,0,80,3,1,4,3,0,1,0,1,1,60,1,0,0,10,1,1,1,0,0,0,3,0,0,0,0,0,0,3,0,0,0,0,0,0,0,0,0,0,0,0
Spirit Naga,monstrosity,Large,8,8.0,75 (10d10+20),75,15 (Natural Armor),15,56.35961007705464,-18.64038992294536,-24.853853230593813,63.07692307692307,163.2,15.0,7.0,53.0,15.0,7,14.0,39.0,0,39.0,0.0,0.0,-14.0,-1.0,81.6,122.6,-47.599999999999994,0.0,0.0,0.0,40,0,0,0,0,40,1,0,4,0,0,1,0,2,1,0,0,0,0,10,1,1,1,0,0,0,3,0,0,0,0,1,10,3,0,0,0,0,0,0,0,0,0,0,0,0
Hezrou,fiend (demon),Large,8,8.0,136 (13d10+65),136,16 (Natural Armor),16,138.85212497505592,2.852124975055915,2.097150716952879,4.615384615384616,163.2,15.0,7.0,53.0,15.0,7,14.0,37.0,0,37.0,1.0,0.0,-16.0,-1.0,61.19999999999999,100.19999999999999,35.80000000000001,0.0,100.19999999999999,0.0,30,0,0,0,0,30,1,0,3,0,5,1,0,1,1,60,0,0,0,10,1,1,1,0,0,0,3,0,0,1,0,0,0,3,0,1,0,0,0,0,0,0,0,0,0,0
Tyrannosaurus Rex,beast,Huge,8,8.0,136 (13d12+52),136,13 (Natural Armor),13,152.7712097796855,16.771209779685506,12.33177189682758,33.84615384615385,163.2,15.0,7.0,53.0,15.0,10,17.0,53.5,0,53.5,-2.0,3.0,0.5,2.0,163.2,139.95,-3.9499999999999886,0.0,0.0,0.0,50,0,0,0,0,50,1,0,0,1,0,0,0,0,0,0,0,0,0,10,1,1,1,0,0,0,3,0,0,0,0,0,0,4,1,0,0,0,0,0,0,0,0,0,1,0
Cloaker,aberration,Large,8,8.0,78 (12d10+12),78,14 (Natural Armor),14,129.92130305283604,51.92130305283604,66.56577314466159,98.46153846153847,163.2,15.0,7.0,53.0,15.0,6,16.0,17.5,0,17.5,-1.0,-1.0,-35.5,1.0,163.2,250.95,-172.95,0.0,0.0,0.0,10,40,0,0,0,40,2,1,0,1,0,0,0,0,1,0,0,0,0,10,1,1,1,0,0,0,3,0,0,0,0,0,0,3,0,0,1,0,0,1,0,0,0,0,0,0
Chain Devil,fiend (devil),Medium,8,8.0,85 (10d8+40),85,16 (Natural Armor),16,94.32390264988474,9.323902649884744,10.969297235158521,24.615384615384617,163.2,15.0,7.0,53.0,15.0,8,14.0,36.0,0,36.0,1.0,1.0,-17.0,-1.0,61.19999999999999,94.69999999999999,-9.699999999999989,0.0,94.69999999999999,0.0,30,0,0,0,0,30,1,0,3,0,3,2,0,1,1,60,0,0,0,10,1,1,1,0,0,0,3,0,0,1,0,0,0,2,1,0,0,0,0,0,1,0,0,0,1,0
Assassin,humanoid (any race),Medium,8,8.0,78 (12d8+24),78,15 (Studded Leather),15,87.7827811268157,9.782781126815706,12.54202708566116,35.38461538461539,163.2,15.0,7.0,53.0,15.0,6,15.0,62.0,0,62.0,0.0,-1.0,9.0,0.0,142.79999999999998,128.29999999999998,-50.29999999999998,0.0,0.0,0.0,30,0,0,0,0,30,1,0,2,4,1,0,0,0,0,0,0,0,0,10,1,1,1,0,0,0,3,0,0,0,0,0,0,2,0,0,0,0,0,0,1,0,0,0,0,0
Young Silver Dragon,dragon,Large,9,9.0,168 (16d10+80),168,18 (Natural Armor),18,130.74974661588865,-37.250253384111346,-22.17276987149485,56.92307692307692,174.0,16.0,8.0,59.0,16.0,10,17.0,43.0,0,43.0,2.0,2.0,-16.0,1.0,87.0,81.0,87.0,0.0,0.0,0.0,40,80,0,0,0,80,2,1,4,4,0,1,0,0,1,60,1,0,0,10,1,1,1,0,0,0,3,0,0,0,0,0,0,3,0,0,0,0,0,0,0,1,0,0,0,0
Fire Giant,giant,Huge,9,9.0,162 (13d12+78),162,18 (Plate),18,98.05534416557217,-63.944655834427834,-39.47200977433817,84.61538461538461,174.0,16.0,8.0,59.0,16.0,11,0.0,56.0,0,56.0,2.0,3.0,-3.0,0.0,87.0,56.5,105.5,0.0,0.0,0.0,30,0,0,0,0,30,1,0,3,2,0,1,0,0,0,0,0,0,0,10,1,1,1,0,0,0,3,0,0,0,0,0,0,4,0,0,0,0,0,0,0,0,0,0,0,0
Cloud Giant,giant,Huge,9,9.0,200 (16d12+96),200,14 (Natural Armor),14,235.15313078425572,35.15313078425572,17.57656539212786,49.23076923076923,174.0,16.0,8.0,59.0,16.0,12,0.0,43.0,0,43.0,-2.0,4.0,-16.0,0.0,174.0,196.0,4.0,0.0,0.0,0.0,40,0,0,0,0,40,1,0,3,2,0,0,0,0,0,0,0,0,0,10,1,1,1,0,0,0,3,0,0,0,0,1,0,4,0,0,0,0,0,0,0,0,0,0,0,0
Treant,plant,Huge,9,9.0,138 (12d12+60),138,16 (Natural Armor),16,209.65350143112482,71.65350143112482,51.92282712400349,93.84615384615384,174.0,16.0,8.0,59.0,16.0,10,0.0,33.0,0,33.0,0.0,2.0,-26.0,0.0,152.25,201.25,-63.25,0.0,0.0,0.0,30,0,0,0,0,30,1,0,0,0,2,0,1,0,0,0,0,0,0,10,1,1,1,0,0,0,3,0,0,0,0,0,0,4,0,0,0,0,0,0,0,0,0,0,0,0
Young Blue Dragon,dragon,Large,9,9.0,152 (16d10+64),152,18 (Natural Armor),18,163.33837239741166,11.33837239741166,7.459455524612935,15.384615384615385,174.0,16.0,8.0,59.0,16.0,9,16.0,45.5,0,45.5,2.0,1.0,-13.5,0.0,87.0,88.75,63.25,0.0,0.0,0.0,40,80,0,20,0,80,3,1,4,2,0,1,0,0,1,60,1,0,0,10,1,1,1,0,0,0,3,0,0,0,0,0,0,3,0,0,0,0,0,0,0,0,0,0,0,0
Glabrezu,fiend (demon),Large,9,9.0,157 (15d10+75),157,17 (Natural Armor),17,138.04897690750522,-18.95102309249478,-12.070715345538076,30.76923076923077,174.0,16.0,8.0,59.0,16.0,9,16.0,46.0,0,46.0,1.0,1.0,-13.0,0.0,65.25,82.75,74.25,0.0,82.75,0.0,40,0,0,0,0,40,1,0,4,0,5,1,0,1,0,0,0,1,0,10,1,1,1,0,0,0,3,0,0,1,0,1,0,3,1,0,0,0,0,0,0,0,0,0,0,0
Bone Devil,fiend (devil),Large,9,9.0,142 (15d10+60),142,19 (Natural Armor),19,87.19636229356628,-54.80363770643372,-38.59411106086882,81.53846153846153,174.0,16.0,8.0,59.0,16.0,8,14.0,47.5,0,47.5,3.0,0.0,-11.5,-2.0,65.25,75.0,67.0,0.0,75.0,0.0,40,40,0,0,0,40,2,1,3,2,3,2,0,1,1,60,0,0,0,10,1,1,1,0,0,0,3,0,0,1,0,0,0,3,0,1,0,0,0,0,0,0,0,0,0,0
Clay Golem,construct,Large,9,9.0,133 (14d10+56),133,14 (Natural Armor),14,160.52177424667985,27.521774246679854,20.693063343368312,53.84615384615385,174.0,16.0,8.0,59.0,16.0,8,15.0,32.0,0,32.0,-2.0,0.0,-27.0,-1.0,87.0,174.5,-41.5,0.0,174.5,0.0,20,0,0,0,0,20,1,0,0,0,0,5,0,6,1,0,0,0,0,10,1,1,1,0,0,0,3,0,0,1,0,0,0,3,0,0,0,0,0,0,0,0,0,0,0,0
Deva,celestial,Medium,10,10.0,136 (16d8+64),136,17 (Natural Armor),17,181.11296990014995,45.11296990014995,33.17130139716908,73.84615384615385,186.0,17.0,9.0,65.0,17.0,8,17.0,51.0,0,51.0,0.0,-1.0,-14.0,0.0,162.75,195.75,-59.75,0.0,195.75,0.0,30,90,0,0,0,90,2,1,2,2,3,0,0,3,1,60,0,0,0,10,1,1,1,0,0,0,3,0,0,1,0,1,0,2,0,0,0,0,0,0,0,0,0,0,0,0
Aboleth,aberration,Large,10,10.0,135 (18d10+36),135,17 (Natural Armor),17,178.6835665349824,43.68356653498239,32.35819743332029,72.3076923076923,186.0,17.0,9.0,65.0,17.0,9,14.0,45.75,10,55.75,0.0,0.0,-9.25,-3.0,186.0,227.125,-92.125,0.0,0.0,0.0,10,0,40,0,0,40,2,0,3,2,0,0,0,0,1,60,0,0,0,10,1,1,1,0,1,3,4,1,0,0,0,0,0,3,0,0,0,1,0,0,0,0,0,0,0,0
Young Red Dragon,dragon,Large,10,10.0,178 (17d10+85),178,18 (Natural Armor),18,187.614545522655,9.614545522654993,5.4014300689073,12.307692307692308,186.0,17.0,9.0,65.0,17.0,10,17.0,46.5,0,46.5,1.0,1.0,-18.5,0.0,93.0,114.25,63.75,0.0,0.0,0.0,40,80,0,0,40,80,3,1,4,2,0,1,0,0,1,60,1,0,0,10,1,1,1,0,0,0,3,0,0,0,0,0,0,3,0,0,0,0,0,0,0,0,0,0,0,0
Young Gold Dragon,dragon,Large,10,10.0,178 (17d10+85),178,18 (Natural Armor),18,172.52364351083,-5.476356489170001,-3.07660476919663,7.6923076923076925,186.0,17.0,9.0,65.0,17.0,10,17.0,43.0,0,43.0,1.0,1.0,-22.0,0.0,93.0,123.0,55.0,0.0,0.0,0.0,40,80,40,0,0,80,3,1,4,4,0,1,0,0,1,60,1,0,0,10,1,1,1,0,0,0,3,0,0,0,0,0,0,3,0,0,0,0,0,0,0,0,0,0,0,0
Guardian Naga,monstrosity,Large,10,10.0,127 (15d10+45),127,18 (Natural Armor),18,66.93358583101283,-60.066414168987166,-47.296389109438714,90.76923076923077,186.0,17.0,9.0,65.0,17.0,8,16.0,53.5,0,53.5,1.0,-1.0,-11.5,-1.0,93.0,128.75,-1.75,0.0,0.0,0.0,40,0,0,0,0,40,1,0,5,0,0,1,0,2,1,0,0,0,0,10,1,1,1,0,0,0,3,0,0,0,0,1,11,3,0,0,0,0,0,0,0,0,0,0,0,0
Stone Golem,construct,Large,10,10.0,178 (17d10+85),178,17 (Natural Armor),17,153.2482557573596,-24.7517442426404,-13.905474293618203,38.46153846153847,186.0,17.0,9.0,65.0,17.0,10,17.0,39.0,0,39.0,0.0,1.0,-26.0,0.0,93.0,150.0,28.0,0.0,150.0,0.0,30,0,0,0,0,30,1,0,0,0,0,4,0,6,1,60,0,0,0,10,1,1,1,0,0,0,3,0,0,1,0,0,0,3,0,0,0,0,0,0,0,0,0,0,0,0
Efreeti,elemental,Large,11,11.0,200 (16d10+112),200,17 (Natural Armor),17,205.2965172833483,5.296517283348294,2.648258641674147,66.66666666666666,198.0,17.0,9.0,71.0,17.0,10,15.0,40.0,0,40.0,0.0,1.0,-31.0,-2.0,148.5,234.5,-34.5,0.0,0.0,0.0,40,60,0,0,0,60,2,1,3,0,0,1,0,0,1,0,0,0,0,10,1,1,1,0,0,0,3,0,0,0,0,1,0,3,0,0,0,0,0,0,0,0,0,0,0,0
Djinni,elemental,Large,11,11.0,161 (14d10+84),161,17 (Natural Armor),17,150.94575316884374,-10.054246831156263,-6.244873808171592,100.0,198.0,17.0,9.0,71.0,17.0,9,18.0,46.5,0,46.5,0.0,0.0,-24.5,1.0,148.5,202.5,-41.5,0.0,0.0,0.0,30,90,0,0,0,90,2,1,3,0,0,2,0,0,1,0,0,0,0,10,1,1,1,0,0,0,3,0,0,0,0,1,0,3,0,0,0,0,0,0,0,0,0,0,1,0
Behir,monstrosity,Huge,11,11.0,168 (16d12+64),168,17 (Natural Armor),17,163.02148801680806,-4.978511983191936,-2.9633999899952,74.07407407407408,198.0,17.0,9.0,71.0,17.0,10,16.0,56.5,0,56.5,0.0,1.0,-14.5,-1.0,148.5,189.5,-21.5,0.0,0.0,0.0,50,0,0,0,40,50,2,0,0,2,0,1,0,0,1,-30,0,0,0,10,1,1,1,0,0,0,3,0,0,0,0,0,0,4,1,0,1,0,0,0,0,0,0,1,1,0
Roc,monstrosity,Gargantuan,11,11.0,248 (16d20+80),248,15 (Natural Armor),15,249.2140210940879,1.2140210940879115,0.48952463471286756,29.629629629629626,198.0,17.0,9.0,71.0,17.0,13,19.0,50.0,0,50.0,-2.0,4.0,-21.0,2.0,198.0,212.0,36.0,0.0,0.0,0.0,20,120,0,0,0,120,2,1,4,1,0,0,0,0,0,0,0,0,0,10,1,1,1,0,0,0,3,0,0,0,0,0,0,5,1,0,0,0,0,0,0,0,0,0,1,0
Remorhaz,monstrosity,Huge,11,11.0,195 (17d12+85),195,17 (Natural Armor),17,197.48936925276567,2.4893692527656697,1.2765996168029075,48.148148148148145,198.0,17.0,9.0,71.0,17.0,11,17.0,50.5,0,50.5,0.0,2.0,-20.5,0.0,148.5,190.0,5.0,0.0,0.0,0.0,30,0,0,20,0,30,2,0,0,0,0,2,0,0,1,-60,0,0,1,10,1,1,1,0,0,0,3,0,0,0,0,0,0,4,1,0,1,0,0,0,0,0,0,1,1,0
Gynosphinx,monstrosity,Large,11,11.0,136 (16d10+48),136,17 (Natural Armor),17,138.49152435375095,2.491524353750947,1.8320032012874607,55.55555555555556,198.0,17.0,9.0,71.0,17.0,9,16.0,26.0,0,26.0,0.0,0.0,-45.0,-1.0,123.75,254.25,-118.25,0.0,0.0,0.0,40,60,0,0,0,60,2,1,0,4,3,1,0,2,0,0,0,1,0,10,1,1,1,0,1,3,4,1,0,0,0,1,9,3,0,0,0,0,0,0,0,0,0,0,0,0
Horned Devil,fiend (devil),Large,11,11.0,178 (17d10+85),178,18 (Natural Armor),18,185.55485013377051,7.554850133770515,4.244297827960963,92.5925925925926,198.0,17.0,9.0,71.0,17.0,10,17.0,40.5,0,40.5,1.0,1.0,-30.5,0.0,123.75,184.25,-6.25,0.0,184.25,0.0,20,60,0,0,0,60,2,1,4,0,3,2,0,1,1,0,0,0,0,10,1,1,1,0,0,0,3,0,0,1,0,0,0,3,0,0,0,0,0,0,0,0,0,0,0,0
Archmage,humanoid (any race),Medium,12,12.0,99 (18d8+18),99,12 (15 With Mage Armor),12,99.00002524288163,2.5242881633857905e-05,2.5497860236220107e-05,11.11111111111111,210.0,17.0,9.0,77.0,17.0,6,17.0,4.5,0,4.5,-5.0,-3.0,-72.5,0.0,183.75,476.25,-377.25,0.0,476.25,0.0,30,0,0,0,0,30,1,0,2,2,3,0,0,0,0,0,0,0,0,10,4,1,1,0,0,0,6,0,0,1,0,1,18,2,0,0,0,0,0,0,0,0,0,0,0,0
Erinyes,fiend (devil),Medium,12,12.0,153 (18d8+72),153,18 (Plate),18,153.0000272120301,2.7212030090595363e-05,1.7785640582088472e-05,7.4074074074074066,210.0,17.0,9.0,77.0,17.0,8,14.0,66.0,0,66.0,1.0,-1.0,-11.0,-3.0,131.25,175.75,-22.75,0.0,175.75,0.0,30,60,0,0,0,60,2,1,4,0,3,2,0,1,0,0,0,1,0,10,1,1,1,0,0,0,3,0,0,1,0,0,0,2,0,1,0,0,0,0,0,0,0,0,0,0
Rakshasa,fiend,Medium,13,13.0,110 (13d8+52),110,16 (Natural Armor),16,112.24270030313136,2.2427003031313575,2.0388184573921433,59.25925925925925,220.79999999999998,18.0,10.0,83.0,18.0,7,18.0,18.0,0,18.0,-2.0,-3.0,-65.0,0.0,165.6,408.6,-298.6,0.0,0.0,0.0,40,0,0,0,0,40,1,0,0,2,0,3,1,0,1,-60,0,0,0,10,1,1,1,0,0,0,3,0,0,0,0,1,0,2,0,0,0,0,0,0,0,0,0,0,0,0
Adult Brass Dragon,dragon,Huge,13,13.0,172 (15d12+75),172,18 (Natural Armor),18,177.8328351852854,5.832835185285404,3.3911832472589563,81.48148148148148,220.79999999999998,18.0,10.0,83.0,18.0,11,19.0,43.0,13,56.0,0.0,1.0,-27.0,1.0,165.6,217.1,-45.099999999999994,217.1,0.0,0.0,40,80,0,40,0,80,3,1,4,4,0,1,0,0,1,0,1,0,0,10,1,1,1,0,1,3,4,1,1,0,0,0,0,4,0,0,0,0,0,1,0,0,0,1,0,0
Adult White Dragon,dragon,Huge,13,13.0,200 (16d12+96),200,18 (Natural Armor),18,193.08714779139441,-6.912852208605585,-3.4564261043027926,85.18518518518519,220.79999999999998,18.0,10.0,83.0,18.0,11,19.0,47.5,13,60.5,0.0,1.0,-22.5,1.0,165.6,203.6,-3.5999999999999943,203.6,0.0,0.0,40,80,40,30,0,80,4,1,4,2,0,1,0,0,1,0,1,0,0,10,1,1,1,0,1,3,4,1,1,0,0,0,0,4,0,0,0,0,0,1,0,0,0,1,0,0
Storm Giant,giant,Huge,13,13.0,230 (20d12+100),230,16 (Scale Mail),16,231.27537843762576,1.2753784376257613,0.5545123641851136,37.03703703703704,220.79999999999998,18.0,10.0,83.0,18.0,14,17.0,60.0,0,60.0,-2.0,4.0,-23.0,-1.0,138.0,192.5,37.5,0.0,0.0,0.0,50,0,50,0,0,50,2,0,4,4,1,2,0,0,0,0,0,0,0,10,1,1,1,0,0,0,3,0,0,0,0,1,0,4,0,0,0,0,0,0,0,0,0,0,0,0
Nalfeshnee,fiend (demon),Large,13,13.0,184 (16d10+96),184,18 (Natural Armor),18,178.18911980812652,-5.81088019187348,-3.1580870608008045,77.77777777777779,220.79999999999998,18.0,10.0,83.0,18.0,10,15.0,63.5,0,63.5,0.0,0.0,-19.5,-3.0,138.0,207.0,-23.0,0.0,207.0,0.0,20,30,0,0,0,30,2,1,4,0,5,1,0,1,0,0,0,1,0,10,1,1,1,0,0,0,3,0,0,1,0,0,0,3,0,0,0,0,0,1,0,0,0,0,0,0
Vampire,undead (shapechanger),Medium,13,13.0,144 (17d8+68),144,16 (Natural Armor),16,144.00002540090657,2.5400906565664627e-05,1.7639518448378214e-05,3.7037037037037033,220.79999999999998,18.0,10.0,83.0,18.0,9,18.0,18.0,0,18.0,-2.0,-1.0,-65.0,0.0,193.2,416.2,-272.2,416.2,0.0,416.2,30,0,0,0,0,30,1,0,3,2,3,0,0,0,1,0,0,0,0,10,1,1,1,0,1,3,4,1,1,0,1,0,0,2,1,0,0,1,0,0,1,1,0,0,1,0
Ice Devil,fiend (devil),Large,14,14.0,180 (19d10+76),180,18 (Natural Armor),18,179.99986060454086,-0.00013939545914354312,-7.744192174641285e-05,14.814814814814813,235.2,19.0,11.0,89.0,19.0,10,17.0,65.5,0,65.5,-1.0,-1.0,-23.5,-2.0,147.0,251.5,-71.5,0.0,251.5,0.0,40,0,0,0,0,40,1,0,4,0,3,3,0,1,1,0,1,0,0,10,1,1,1,0,0,0,3,0,0,1,0,0,0,3,0,0,0,0,0,0,1,0,0,0,0,0
Adult Copper Dragon,dragon,Huge,14,14.0,184 (16d12+80),184,18 (Natural Armor),18,188.97842154878725,4.978421548787253,2.7056638852104635,70.37037037037037,235.2,19.0,11.0,89.0,19.0,11,19.0,43.0,13,56.0,-1.0,0.0,-33.0,0.0,176.39999999999998,272.4,-88.39999999999998,272.4,0.0,0.0,40,80,0,0,40,80,3,1,4,3,0,1,0,0,1,0,1,0,0,10,1,1,1,0,1,3,4,1,1,0,0,0,0,4,0,0,0,0,0,1,0,0,0,1,0,0
Adult Black Dragon,dragon,Huge,14,14.0,195 (17d12+85),195,19 (Natural Armor),19,203.99610018952473,8.996100189524725,4.6133847125767815,96.29629629629629,235.2,19.0,11.0,89.0,19.0,11,19.0,47.5,13,60.5,0.0,0.0,-28.5,0.0,176.39999999999998,249.89999999999998,-54.89999999999998,249.89999999999998,0.0,0.0,40,80,40,0,0,80,3,1,4,2,0,1,0,0,1,0,1,0,0,10,1,1,1,0,1,3,4,1,1,0,0,0,0,4,0,0,0,0,0,1,0,0,0,1,0,0
Adult Green Dragon,dragon,Huge,15,15.0,207 (18d12+90),207,19 (Natural Armor),19,206.5390960768513,-0.4609039231486918,-0.22265890007183178,25.925925925925924,252.0,19.0,11.0,95.0,19.0,11,19.0,50.0,13,63.0,0.0,0.0,-32.0,0.0,189.0,273.0,-66.0,273.0,0.0,0.0,40,80,40,0,0,80,3,1,4,5,0,1,0,1,1,0,1,0,0,10,1,1,1,0,1,3,4,1,1,0,0,0,0,4,0,0,0,0,0,1,0,0,0,1,0,0
Mummy Lord,undead,Medium,15,15.0,97 (13d8+39),97,17 (Natural Armor),17,94.75722736841396,-2.2427726315860355,-2.312136733593851,62.96296296296296,252.0,19.0,11.0,95.0,19.0,9,17.0,35.5,0,35.5,-2.0,-2.0,-59.5,-2.0,189.0,420.5,-323.5,0.0,420.5,0.0,20,0,0,0,0,20,1,0,4,2,0,4,1,5,1,-60,0,0,0,10,1,1,1,0,1,3,4,1,0,1,0,1,10,2,1,0,1,0,0,1,0,1,1,1,1,1
Purple Worm,monstrosity,Gargantuan,15,15.0,247 (15d20+90),247,18 (Natural Armor),18,244.51056412153991,-2.4894358784600854,-1.007868776704488,40.74074074074074,252.0,19.0,11.0,95.0,19.0,9,21.0,94.5,0,94.5,-1.0,-2.0,-0.5,2.0,252.0,267.5,-20.5,0.0,0.0,0.0,50,0,0,30,0,50,2,0,2,0,0,0,0,0,0,0,1,0,1,10,1,1,1,0,0,0,3,0,0,0,0,0,0,5,0,0,1,0,0,0,0,0,0,1,1,0
Adult Bronze Dragon,dragon,Huge,15,15.0,212 (17d12+102),212,19 (Natural Armor),19,208.7833723197361,-3.2166276802639118,-1.5172772076716565,51.85185185185185,252.0,19.0,11.0,95.0,19.0,12,20.0,46.0,14,60.0,0.0,1.0,-35.0,1.0,189.0,264.5,-52.5,264.5,0.0,0.0,40,80,40,0,0,80,3,1,4,3,0,1,0,0,1,0,1,0,0,10,1,1,1,0,1,3,4,1,1,0,0,0,0,4,0,0,0,0,0,1,0,0,0,1,0,0
Marilith,fiend (demon),Large,16,16.0,189 (18d10+90),189,18 (Natural Armor),18,191.3283201865749,2.3283201865748993,1.2319154426322219,44.44444444444444,274.8,19.0,11.0,101.0,19.0,9,19.0,93.0,0,93.0,-1.0,-2.0,-8.0,0.0,171.75,224.75,-35.75,0.0,224.75,0.0,40,0,0,0,0,40,1,0,4,0,5,1,0,1,0,0,0,1,0,10,1,1,1,0,0,0,3,0,0,1,0,0,0,3,1,0,0,0,0,0,0,0,0,0,1,0
Adult Silver Dragon,dragon,Huge,16,16.0,243 (18d12+126),243,19 (Natural Armor),19,233.5681264560414,-9.431873543958602,-3.881429441958272,88.88888888888889,274.8,19.0,11.0,101.0,19.0,13,22.0,49.0,15,64.0,0.0,2.0,-37.0,3.0,206.10000000000002,262.6,-19.600000000000023,262.6,0.0,0.0,40,80,0,0,0,80,2,1,4,4,0,1,0,0,1,0,1,0,0,10,1,1,1,0,1,3,4,1,1,0,0,0,0,4,0,0,0,0,0,1,0,1,0,1,0,0
Adult Blue Dragon,dragon,Huge,16,16.0,225 (18d12+108),225,19,19,224.96566548369725,-0.03433451630274931,-0.015259785023444137,18.51851851851852,274.8,19.0,11.0,101.0,19.0,12,20.0,51.5,14,65.5,0.0,1.0,-35.5,1.0,206.10000000000002,283.1,-58.10000000000002,283.1,0.0,0.0,40,80,0,30,0,80,3,1,4,2,0,1,0,0,1,0,1,0,0,10,1,1,1,0,1,3,4,1,1,0,0,0,0,4,0,0,0,0,0,1,0,0,0,1,0,0
Iron Golem,construct,Large,16,16.0,210 (20d10+100),210,20 (Natural Armor),20,209.94096018314121,-0.05903981685878534,-0.0281141985041835,22.22222222222222,274.8,19.0,11.0,101.0,19.0,13,19.0,47.0,0,47.0,1.0,2.0,-54.0,0.0,206.10000000000002,339.1,-129.10000000000002,0.0,339.1,0.0,30,0,0,0,0,30,1,0,0,0,0,5,0,6,1,0,0,0,0,10,1,1,1,0,0,0,3,0,0,1,0,0,0,3,0,0,0,0,0,0,0,0,0,0,0,0
Planetar,celestial,Large,16,16.0,200 (16d10+112),200,19 (Natural Armor),19,200.99064885726347,0.9906488572634657,0.4953244286317329,33.33333333333333,274.8,19.0,11.0,101.0,19.0,12,20.0,87.0,0,87.0,0.0,1.0,-14.0,1.0,240.45000000000002,252.95000000000005,-52.950000000000045,0.0,252.95000000000005,0.0,40,120,0,0,0,120,2,1,3,1,3,0,0,3,0,0,0,1,0,10,1,1,1,0,0,0,3,0,0,1,0,1,0,3,0,0,0,0,0,0,0,0,0,0,0,0
Adult Gold Dragon,dragon,Huge,17,17.0,256 (19d12+133),256,19 (Natural Armor),19,257.97856837722463,1.978568377224633,0.7728782723533723,60.0,295.2,20.0,12.0,107.0,20.0,14,22.0,49.0,15,64.0,-1.0,2.0,-43.0,2.0,258.3,383.3,-127.30000000000001,383.3,0.0,0.0,40,80,40,0,0,80,3,1,4,4,0,1,0,0,1,0,1,0,0,10,1,1,1,0,1,3,4,1,1,0,0,0,0,4,0,0,0,0,0,1,0,0,0,1,0,0
Androsphinx,monstrosity,Large,17,17.0,199 (19d10+95),199,17 (Natural Armor),17,199.0004560729962,0.0004560729962008736,0.00022918241015119274,40.0,295.2,20.0,12.0,107.0,20.0,12,18.0,34.0,0,34.0,-3.0,0.0,-73.0,-2.0,258.3,589.3,-390.29999999999995,0.0,0.0,0.0,40,60,0,0,0,60,2,1,4,3,0,3,0,2,0,0,0,1,0,10,1,1,1,0,1,3,4,1,0,0,0,1,12,3,0,0,0,0,1,1,0,1,0,1,0,0
Adult Red Dragon,dragon,Huge,17,17.0,256 (19d12+133),256,19 (Natural Armor),19,254.02045999802934,-1.979540001970662,-0.7732578132697898,65.0,295.2,20.0,12.0,107.0,20.0,14,22.0,56.0,15,71.0,-1.0,2.0,-36.0,2.0,258.3,355.3,-99.30000000000001,355.3,0.0,0.0,40,80,0,0,40,80,3,1,4,2,0,1,0,0,1,0,1,0,0,10,1,1,1,0,1,3,4,1,1,0,0,0,0,4,0,0,0,0,0,1,0,0,0,1,0,0
Dragon Turtle,dragon,Gargantuan,17,17.0,341 (22d20+10),341,20 (Natural Armor),20,340.99938932294526,-0.0006106770547376072,-0.00017908418027495814,35.0,295.2,20.0,12.0,107.0,20.0,13,20.0,85.0,0,85.0,0.0,1.0,-22.0,0.0,295.2,370.2,-29.19999999999999,0.0,0.0,0.0,20,0,40,0,0,40,2,0,3,0,1,0,0,0,1,0,0,0,0,10,1,1,1,0,0,0,3,0,0,0,0,0,0,5,0,0,0,0,0,0,0,0,0,1,0,0
Balor,fiend (demon),Huge,19,19.0,262 (21d12+126),262,19 (Natural Armor),19,262.0004049168668,0.000404916866784788,0.000154548422436942,30.0,342.0,21.0,13.0,119.0,21.0,14,20.0,60.5,0,60.5,-2.0,1.0,-58.5,-1.0,299.25,538.25,-276.25,0.0,538.25,0.0,40,80,0,0,0,80,2,1,4,0,4,2,0,1,0,0,0,1,0,10,1,1,1,0,0,0,3,0,0,1,0,0,0,4,0,0,0,0,0,0,0,0,0,0,0,0
Ancient Brass Dragon,dragon,Gargantuan,20,20.0,297 (17d20+119),297,20 (Natural Armor),20,295.67683667338406,-1.3231633266159406,-0.44550953758112477,50.0,360.0,21.0,13.0,132.0,21.0,14,22.0,49.0,15,64.0,-1.0,1.0,-68.0,1.0,315.0,562.0,-265.0,562.0,0.0,0.0,40,80,0,40,0,80,3,1,4,4,0,1,0,0,1,0,1,0,0,10,1,1,1,0,1,3,4,1,1,0,0,0,0,5,0,0,0,0,0,1,0,0,0,1,0,0
Pit Fiend,fiend (devil),Large,20,20.0,300 (24d10+168),300,19 (Natural Armor),19,299.99993508863133,-6.49113686677083e-05,-2.1637122889236103e-05,15.0,360.0,21.0,13.0,132.0,21.0,14,21.0,110.0,0,110.0,-2.0,1.0,-22.0,0.0,315.0,399.0,-99.0,0.0,399.0,0.0,30,60,0,0,0,60,2,1,3,0,3,2,0,1,0,0,0,1,0,10,1,1,1,0,0,0,3,0,0,1,0,1,0,3,0,1,0,0,0,1,1,0,0,0,0,0
Ancient White Dragon,dragon,Gargantuan,20,20.0,333 (18d20+144),333,20 (Natural Armor),20,313.925750891471,-19.07424910852899,-5.72800273529399,95.0,360.0,21.0,13.0,132.0,21.0,14,22.0,58.0,15,73.0,-1.0,1.0,-59.0,1.0,315.0,526.0,-193.0,526.0,0.0,0.0,40,80,40,40,0,80,4,1,4,2,0,1,0,0,1,0,1,0,0,10,1,1,1,0,1,3,4,1,1,0,0,0,0,5,0,0,0,0,0,1,0,0,0,1,0,0
Solar,celestial,Large,21,21.0,243 (18d10+144),243,21 (Natural Armor),21,242.9999963243038,-3.675696206073553e-06,-1.5126321835693634e-06,5.0,390.0,22.0,14.0,150.0,22.0,15,25.0,98.0,14,112.0,-1.0,1.0,-38.0,3.0,341.25,450.25,-207.25,0.0,450.25,0.0,50,150,0,0,0,150,2,1,3,1,3,2,0,4,0,0,0,1,0,10,1,1,1,0,1,3,4,1,0,1,0,1,0,3,0,0,1,0,0,0,0,0,0,0,0,0
Ancient Black Dragon,dragon,Gargantuan,21,21.0,367 (21d20+147),367,22 (Natural Armor),22,373.59910147904475,6.599101479044748,1.7981202940176424,75.0,390.0,22.0,14.0,150.0,22.0,15,23.0,58.0,15,73.0,0.0,1.0,-77.0,1.0,341.25,612.25,-245.25,612.25,0.0,0.0,40,80,40,0,0,80,3,1,4,2,0,1,0,0,1,0,1,0,0,10,1,1,1,0,1,3,4,1,1,0,0,0,0,5,0,0,0,0,0,1,0,0,0,1,0,0
Lich,undead,Medium,21,21.0,135 (18d8+54),135,17 (Natural Armor),17,134.99954387328853,-0.0004561267114695511,-0.0003378716381255934,45.0,390.0,22.0,14.0,150.0,22.0,12,20.0,10.5,21,31.5,-5.0,-2.0,-118.5,-2.0,341.25,919.25,-784.25,919.25,0.0,0.0,30,0,0,0,0,30,1,0,3,4,3,3,0,5,0,0,0,1,0,10,1,1,1,0,1,3,4,1,1,0,0,1,18,2,0,0,0,0,0,1,0,1,0,0,0,0
Ancient Copper Dragon,dragon,Gargantuan,21,21.0,350 (20d20+140),350,21 (Natural Armor),21,373.0136844055441,23.013684405544097,6.575338401584027,100.0,390.0,22.0,14.0,150.0,22.0,15,23.0,49.0,15,64.0,-1.0,1.0,-86.0,1.0,341.25,660.25,-310.25,660.25,0.0,0.0,40,80,0,0,40,80,3,1,4,3,0,1,0,0,1,0,1,0,0,10,1,1,1,0,1,3,4,1,1,0,0,0,0,5,0,0,0,0,0,1,0,0,0,1,0,0
Ancient Green Dragon,dragon,Gargantuan,22,22.0,385 (22d20+154),385,21 (Natural Armor),21,385.00038680342925,0.0003868034292509037,0.0001004684231820529,25.0,420.0,23.0,15.0,168.0,23.0,15,23.0,73.5,15,88.5,-2.0,0.0,-79.5,0.0,367.5,694.5,-309.5,694.5,0.0,0.0,40,80,40,0,0,80,3,1,4,5,0,1,0,1,1,0,1,0,0,10,1,1,1,0,1,3,4,1,1,0,0,0,0,5,0,0,0,0,0,1,0,0,0,1,0,0
Ancient Bronze Dragon,dragon,Gargantuan,22,22.0,444 (24d20+192),444,22 (Natural Armor),22,451.1706837544761,7.1706837544761015,1.6150188636207436,70.0,420.0,23.0,15.0,168.0,23.0,16,24.0,52.0,16,68.0,-1.0,1.0,-100.0,1.0,367.5,742.5,-298.5,742.5,0.0,0.0,40,80,40,0,0,80,3,1,4,3,0,1,0,0,1,0,1,0,0,10,1,1,1,0,1,3,4,1,1,0,0,0,0,5,0,0,0,0,0,1,0,0,0,1,0,0
Kraken,monstrosity (titan),Gargantuan,23,23.0,472 (27d20+189),472,18 (Natural Armor),18,472.000465087318,0.0004650873179912196,9.853544872695329e-05,20.0,450.0,23.0,15.0,186.0,23.0,17,25.0,61.5,16,77.5,-5.0,2.0,-108.5,2.0,393.75,843.75,-371.75,0.0,0.0,0.0,20,0,60,0,0,60,2,0,5,0,0,3,0,2,0,0,0,1,0,10,1,1,1,0,1,3,4,1,0,0,0,0,0,5,1,0,1,0,0,0,0,0,0,1,1,0
Ancient Silver Dragon,dragon,Gargantuan,23,23.0,487 (25d20+225),487,22 (Natural Armor),22,467.9263511304816,-19.073648869518422,-3.9165603428169242,85.0,450.0,23.0,15.0,186.0,23.0,17,25.0,55.0,17,72.0,-1.0,2.0,-114.0,2.0,393.75,802.75,-315.75,802.75,0.0,0.0,40,80,0,0,0,80,2,1,4,4,0,1,0,0,1,0,1,0,0,10,1,1,1,0,1,3,4,1,1,0,0,0,0,5,0,0,0,0,0,1,0,1,0,1,0,0
Ancient Blue Dragon,dragon,Gargantuan,23,23.0,481 (26d20+208),481,22 (Natural Armor),22,501.39674756835734,20.39674756835734,4.240488059949551,90.0,450.0,23.0,15.0,186.0,23.0,16,24.0,63.0,16,79.0,-1.0,1.0,-107.0,1.0,393.75,796.75,-315.75,796.75,0.0,0.0,40,80,0,40,0,80,3,1,4,2,0,1,0,0,1,0,1,0,0,10,1,1,1,0,1,3,4,1,1,0,0,0,0,5,0,0,0,0,0,1,0,0,0,1,0,0
Ancient Red Dragon,dragon,Gargantuan,24,24.0,546 (28d20+252),546,22 (Natural Armor),22,524.966319728171,-21.033680271828985,-3.8523223941078726,80.0,480.0,23.0,15.0,204.0,23.0,17,25.0,69.0,17,86.0,-1.0,2.0,-118.0,2.0,420.0,845.0,-299.0,845.0,0.0,0.0,40,80,0,0,40,80,3,1,4,2,0,1,0,0,1,0,1,0,0,10,1,1,1,0,1,3,4,1,1,0,0,0,0,5,0,0,0,0,0,1,0,0,0,1,0,0
Ancient Gold Dragon,dragon,Gargantuan,24,24.0,546 (28d20+252),546,22 (Natural Armor),22,549.3265807827493,3.326580782749261,0.6092638796244068,55.00000000000001,480.0,23.0,15.0,204.0,23.0,17,25.0,55.0,17,72.0,-1.0,2.0,-132.0,2.0,420.0,901.0,-355.0,901.0,0.0,0.0,40,80,40,0,0,80,3,1,4,4,0,1,0,0,1,0,1,0,0,10,1,1,1,0,1,3,4,1,1,0,0,0,0,5,0,0,0,0,0,1,0,0,0,1,0,0
Tarrasque,monstrosity (titan),Gargantuan,30,30.0,676 (33d20+330),676,25 (Natural Armor),25,676.0000109260668,1.0926066806860035e-05,1.6162820720207153e-06,10.0,799.1999999999999,27.0,19.0,312.0,27.0,19,20.0,148.0,0,148.0,-2.0,0.0,-164.0,-7.0,699.3,1442.3,-766.3,1442.3,1442.3,0.0,40,0,0,0,0,40,1,0,3,0,0,4,0,4,0,0,1,0,0,10,1,1,1,0,1,3,4,1,1,1,0,0,0,5,1,0,1,0,0,1,0,0,0,1,1,0
