Name,CR,actual_hp,hp_baseline,phase1_5_resistance_penalty,phase1_5_immunity_penalty,phase1_5_total_penalty,hp_after_phase1_5,phase2_ac_contribution,phase2_attack_contribution,phase2_dpr_contribution,phase2_save_dc_contribution,phase2_flying_contribution,phase2_total_contribution,hp_after_phase2,phase3_intercept,phase3_has_legendary_resistance_scaled,phase3_has_magic_resistance_scaled,phase3_has_regeneration_scaled,phase3_speed_ground_deviation,phase3_speed_fly_deviation,phase3_speed_swim,phase3_speed_burrow,phase3_speed_climb,phase3_movement_types_count,phase3_save_proficiency_count,phase3_skill_proficiency_count,phase3_vulnerability_count,phase3_condition_immunity_count,phase3_has_darkvision,phase3_darkvision_deviation,phase3_has_blindsight,phase3_has_truesight,phase3_has_tremorsense,phase3_trait_count,phase3_reaction_count,phase3_bonus_action_count,phase3_legendary_action_count,phase3_legendary_actions_per_round,phase3_total_ability_count,phase3_has_spellcasting,phase3_spellcaster_level,phase3_size_ordinal_deviation,phase3_has_grapple,phase3_has_advantage_condition,phase3_inflicts_poisoned,phase3_inflicts_blinded,phase3_inflicts_charmed,phase3_inflicts_deafened,phase3_inflicts_frightened,phase3_inflicts_incapacitated,phase3_inflicts_paralyzed,phase3_inflicts_petrified,phase3_inflicts_prone,phase3_inflicts_restrained,phase3_inflicts_stunned,phase3_total_contribution,predicted_hp,hp_error,hp_error_pct
Acolyte,0.25,9,19.5,-0.0,-0.0,-0.0,19.5,1.5,2.0,1.875,-3.5,-0.0,1.875,21.375,0.0,-0.0,-0.0,-0.0,0.0,0.0,0.0,-0.0,-0.0,-1.978254697546013,0.0,-0.6261172636084634,-0.0,0.0,-0.0,-0.0,0.0,0.0,-0.0,0.18481116296021058,0.1848111629602098,-0.0,-0.0,0.0,1.6633004666418816,-1.7896964112181388,-10.013886650989791,-0.0,0.0,0.0,0.0,-0.0,0.0,0.0,-0.0,-0.0,-0.0,-0.0,-0.0,0.0,0.0,-12.375032230800104,8.999967769199896,3.223080010350543e-05,0.0003581200011500604
Ape,0.5,19,33.0,-0.0,-0.0,-0.0,33.0,-0.0,-2.0,-3.75,-0.0,-0.0,-5.75,27.25,0.0,-0.0,-0.0,-0.0,0.0,0.0,0.0,-0.0,-0.4411580609337497,-3.956509395092026,0.0,-0.6261172636084634,-0.0,0.0,-0.0,-0.0,0.0,0.0,-0.0,0.18481116296021058,0.1848111629602098,-0.0,-0.0,0.0,1.6633004666418816,-0.0,-0.0,-0.0,0.0,0.0,0.0,-0.0,0.0,0.0,-0.0,-0.0,-0.0,-0.0,-0.0,0.0,0.0,-2.990861927071937,24.259138072928064,-5.259138072928064,-27.67967406804244
Awakened Shrub,0.0,10,4.5,-1.125,-0.0,-1.125,3.375,1.5,2.0,-1.125,-0.0,-0.0,2.375,5.75,0.0,-0.0,-0.0,-0.0,-1.9952099397970295,0.0,0.0,-0.0,-0.0,-1.978254697546013,0.0,-0.0,-3.6375929917636878,0.0,-0.0,-0.0,0.0,0.0,-0.0,0.18481116296021058,0.1848111629602098,-0.0,-0.0,0.0,1.6633004666418816,-0.0,-0.0,0.4799185035290005,0.0,0.0,0.0,-0.0,0.0,0.0,-0.0,-0.0,-0.0,-0.0,-0.0,0.0,0.0,-5.0982163330154275,0.6517836669845725,9.348216333015428,93.48216333015428
Axe Beak,0.25,19,19.5,-0.0,-0.0,-0.0,19.5,-0.0,-2.0,-1.125,-0.0,-0.0,-3.125,16.375,0.0,-0.0,-0.0,-0.0,3.990419879594059,0.0,0.0,-0.0,-0.0,-1.978254697546013,0.0,-0.0,-0.0,0.0,-0.0,-0.0,0.0,0.0,-0.0,0.18481116296021058,0.1848111629602098,-0.0,-0.0,0.0,1.6633004666418816,-0.0,-0.0,-0.4799185035290005,0.0,0.0,0.0,-0.0,0.0,0.0,-0.0,-0.0,-0.0,-0.0,-0.0,0.0,0.0,3.5651694710813473,19.940169471081347,-0.9401694710813473,-4.948260374112355
Baboon,0.0,3,4.5,-0.0,-0.0,-0.0,4.5,-3.0,2.0,-1.125,-0.0,-0.0,-2.125,2.375,0.0,-0.0,-0.0,-0.0,0.0,0.0,0.0,-0.0,-0.4411580609337497,-3.956509395092026,0.0,-0.0,-0.0,0.0,-0.0,-0.0,0.0,0.0,-0.0,0.18481116296021058,0.1848111629602098,-0.0,-0.0,0.0,1.6633004666418816,-0.0,-0.0,0.4799185035290005,0.0,0.0,0.0,-0.0,0.0,0.0,-0.0,-2.676651702353203,-0.0,-0.0,-0.0,0.0,0.0,-4.561477862287676,-2.186477862287676,5.186477862287676,172.8825954095892
Badger,0.0,3,4.5,-0.0,-0.0,-0.0,4.5,-0.0,-0.0,0.75,-0.0,-0.0,0.75,5.25,0.0,-0.0,-0.0,-0.0,-1.9952099397970295,0.0,0.0,-1.2354548565891685,-0.0,-3.956509395092026,0.0,-0.0,-0.0,0.0,-0.7064793715868897,0.6554395172669033,0.0,0.0,-0.0,0.18481116296021058,0.1848111629602098,-0.0,-0.0,0.0,1.6633004666418816,-0.0,-0.0,0.959837007058001,0.0,0.0,0.0,-0.0,0.0,0.0,-0.0,-0.0,-0.0,-0.0,-0.0,0.0,0.0,-4.245454246177908,1.004545753822092,1.995454246177908,66.5151415392636
Bandit,0.125,11,13.5,-0.0,-0.0,-0.0,13.5,-1.5,-0.0,-1.875,-0.0,-0.0,-3.375,10.125,0.0,-0.0,-0.0,-0.0,0.0,0.0,0.0,-0.0,-0.0,-1.978254697546013,0.0,-0.0,-0.0,0.0,-0.0,-0.0,0.0,0.0,-0.0,0.18481116296021058,0.1848111629602098,-0.0,-0.0,0.0,1.6633004666418816,-0.0,-0.0,-0.0,0.0,0.0,0.0,-0.0,0.0,0.0,-0.0,-0.0,-0.0,-0.0,-0.0,0.0,0.0,0.054668095016289,10.17966809501629,0.8203319049837106,7.457562772579187
Bat,0.0,1,4.5,-0.0,-0.0,-0.0,4.5,-3.0,4.0,0.75,-0.0,-2.5,-0.75,3.75,0.0,-0.0,-0.0,-0.0,-4.988024849492573,0.0,0.0,-0.0,-0.0,-3.956509395092026,0.0,-0.0,-0.0,0.0,-0.0,-0.0,0.0,0.0,-0.0,0.18481116296021058,0.1848111629602098,-0.0,-0.0,0.0,1.6633004666418816,-0.0,-0.0,0.959837007058001,0.0,0.0,0.0,-0.0,0.0,0.0,-0.0,-0.0,-0.0,-0.0,-0.0,0.0,0.0,-5.951774444964297,-2.201774444964297,3.201774444964297,320.1774444964297
Black Bear,0.5,19,33.0,-0.0,-0.0,-0.0,33.0,1.5,2.0,-3.375,-0.0,-0.0,0.125,33.125,0.0,-0.0,-0.0,-0.0,1.9952099397970295,0.0,0.0,-0.0,-0.4411580609337497,-3.956509395092026,0.0,-0.0,-0.0,0.0,-0.0,-0.0,0.0,0.0,-0.0,0.18481116296021058,0.1848111629602098,-0.0,-0.0,0.0,1.6633004666418816,-0.0,-0.0,-0.0,0.0,0.0,0.0,-0.0,0.0,0.0,-0.0,-0.0,-0.0,-0.0,-0.0,0.0,0.0,-0.36953472366644435,32.75546527633355,-13.755465276333553,-72.39718566491344
Blink Dog,0.25,22,19.5,-0.0,-0.0,-0.0,19.5,-3.0,-0.0,0.375,-0.0,-0.0,-2.625,16.875,0.0,-0.0,-0.0,-0.0,1.9952099397970295,0.0,0.0,-0.0,-0.0,-1.978254697546013,0.0,-0.6261172636084634,-0.0,0.0,-0.0,-0.0,0.0,0.0,-0.0,0.18481116296021058,0.1848111629602098,-0.0,-0.0,0.0,1.6633004666418816,-0.0,-0.0,-0.0,0.0,0.0,0.0,-0.0,0.0,0.0,-0.0,-0.0,-0.0,-0.0,-0.0,0.0,0.0,1.423760771204855,18.298760771204854,3.7012392287951457,16.823814676341573
Blood Hawk,0.125,7,13.5,-0.0,-0.0,-0.0,13.5,-1.5,-2.0,-1.125,-0.0,-2.5,-7.125,6.375,0.0,-0.0,-0.0,-0.0,-3.990419879594059,12.277477558511636,0.0,-0.0,-0.0,-3.956509395092026,0.0,-0.3130586318042317,-0.0,0.0,-0.0,-0.0,0.0,0.0,-0.0,0.18481116296021058,0.1848111629602098,-0.0,-0.0,0.0,1.6633004666418816,-0.0,-0.0,0.4799185035290005,0.0,0.0,0.0,-0.0,0.0,0.0,-0.0,-2.676651702353203,-0.0,-0.0,-0.0,0.0,0.0,3.8536792457594196,10.22867924575942,-3.2286792457594196,-46.123989225134565
Boar,0.25,11,19.5,-0.0,-0.0,-0.0,19.5,-0.0,-0.0,0.375,-0.0,-0.0,0.375,19.875,0.0,-0.0,-0.0,-0.0,1.9952099397970295,0.0,0.0,-0.0,-0.0,-1.978254697546013,0.0,-0.0,-0.0,0.0,-0.0,-0.0,0.0,0.0,-0.0,0.18481116296021058,0.1848111629602098,-0.0,-0.0,0.0,1.6633004666418816,-0.0,-0.0,-0.0,0.0,0.0,0.0,-0.0,0.0,0.0,-0.0,-0.0,-0.0,-0.0,-4.614946907471635,0.0,0.0,-2.5650688726583173,17.309931127341684,-6.3099311273416845,-57.36301024856076
Camel,0.125,15,13.5,-0.0,-0.0,-0.0,13.5,3.0,-4.0,0.375,-0.0,-0.0,-0.625,12.875,0.0,-0.0,-0.0,-0.0,3.990419879594059,0.0,0.0,-0.0,-0.0,-1.978254697546013,0.0,-0.0,-0.0,0.0,-0.0,-0.0,0.0,0.0,-0.0,0.18481116296021058,0.1848111629602098,-0.0,-0.0,0.0,1.6633004666418816,-0.0,-0.0,-0.4799185035290005,0.0,0.0,0.0,-0.0,0.0,0.0,-0.0,-0.0,-0.0,-0.0,-0.0,0.0,0.0,3.5651694710813473,16.440169471081347,-1.4401694710813473,-9.60112980720898
Cat,0.0,2,4.5,-0.0,-0.0,-0.0,4.5,-3.0,4.0,0.75,-0.0,-0.0,1.75,6.25,0.0,-0.0,-0.0,-0.0,1.9952099397970295,0.0,0.0,-0.0,-0.4411580609337497,-3.956509395092026,0.0,-0.6261172636084634,-0.0,0.0,-0.0,-0.0,0.0,0.0,-0.0,0.18481116296021058,0.1848111629602098,-0.0,-0.0,0.0,1.6633004666418816,-0.0,-0.0,0.959837007058001,0.0,0.0,0.0,-0.0,0.0,0.0,-0.0,-0.0,-0.0,-0.0,-0.0,0.0,0.0,-0.035814980216906545,6.214185019783093,-4.214185019783093,-210.70925098915464
Cockatrice,0.5,27,33.0,-0.0,-0.0,-0.0,33.0,1.5,2.0,3.375,3.5,-2.5,7.875,40.875,0.0,-0.0,-0.0,-0.0,-1.9952099397970295,4.09249251950388,0.0,-0.0,-0.0,-3.956509395092026,0.0,-0.0,-0.0,0.0,-0.7064793715868897,-0.0,0.0,0.0,-0.0,0.18481116296021058,0.1848111629602098,-0.0,-0.0,0.0,1.6633004666418816,-0.0,-0.0,0.4799185035290005,0.0,0.0,0.0,-0.0,0.0,0.0,-0.0,-0.0,-0.0,-13.822128895759715,-0.0,0.0,0.0,-13.874993786640477,27.000006213359523,-6.213359522888595e-06,-2.3012442677365165e-05
Commoner,0.0,4,4.5,-0.0,-0.0,-0.0,4.5,-0.0,-0.0,-0.375,-0.0,-0.0,-0.375,4.125,0.0,-0.0,-0.0,-0.0,0.0,0.0,0.0,-0.0,-0.0,-1.978254697546013,0.0,-0.0,-0.0,0.0,-0.0,-0.0,0.0,0.0,-0.0,0.18481116296021058,0.1848111629602098,-0.0,-0.0,0.0,1.6633004666418816,-0.0,-0.0,-0.0,0.0,0.0,0.0,-0.0,0.0,0.0,-0.0,-0.0,-0.0,-0.0,-0.0,0.0,0.0,0.054668095016289,4.179668095016289,-0.17966809501628944,-4.491702375407236
Constrictor Snake,0.25,13,19.5,-0.0,-0.0,-0.0,19.5,-1.5,-2.0,-1.125,-10.5,-0.0,-15.125,4.375,0.0,-0.0,-0.0,-0.0,0.0,0.0,0.7171949981893111,-0.0,-0.0,-3.956509395092026,0.0,-0.0,-0.0,0.0,-0.0,-0.0,0.0,0.0,-0.0,0.18481116296021058,0.1848111629602098,-0.0,-0.0,0.0,1.6633004666418816,-0.0,-0.0,-0.4799185035290005,0.0,0.0,0.0,-0.0,0.0,0.0,-0.0,-0.0,-0.0,-0.0,-0.0,0.0,0.0,-1.6863101078694127,2.6886898921305873,10.311310107869414,79.31777006053396
Crab,0.0,2,4.5,-0.0,-0.0,-0.0,4.5,-1.5,4.0,0.75,-0.0,-0.0,3.25,7.75,0.0,-0.0,-0.0,-0.0,-1.9952099397970295,0.0,0.4781299987928741,-0.0,-0.0,-3.956509395092026,0.0,-0.3130586318042317,-0.0,0.0,-0.0,-0.0,0.0,0.0,-0.0,0.18481116296021058,0.1848111629602098,-0.0,-0.0,0.0,1.6633004666418816,-0.0,-0.0,0.959837007058001,0.0,0.0,0.0,-0.0,0.0,0.0,-0.0,-0.0,-0.0,-0.0,-0.0,0.0,0.0,-2.79388816828011,4.956111831719889,-2.9561118317198893,-147.80559158599448
Crocodile,0.5,19,33.0,-0.0,-0.0,-0.0,33.0,-0.0,-0.0,0.375,-0.0,-0.0,0.375,33.375,0.0,-0.0,-0.0,-0.0,-1.9952099397970295,0.0,0.7171949981893111,-0.0,-0.0,-3.956509395092026,0.0,-0.3130586318042317,-0.0,0.0,-0.0,-0.0,0.0,0.0,-0.0,0.18481116296021058,0.1848111629602098,-0.0,-0.0,0.0,1.6633004666418816,-0.0,-0.0,-0.4799185035290005,0.0,0.0,0.0,-0.0,0.0,0.0,-0.0,-0.0,-0.0,-0.0,-0.0,0.0,0.0,-3.994578679470674,29.380421320529326,-10.380421320529326,-54.633796423838554
Cultist,0.125,9,13.5,-0.0,-0.0,-0.0,13.5,-1.5,-0.0,-1.125,-0.0,-0.0,-2.625,10.875,0.0,-0.0,-0.0,-0.0,0.0,0.0,0.0,-0.0,-0.0,-1.978254697546013,0.0,-0.6261172636084634,-0.0,0.0,-0.0,-0.0,0.0,0.0,-0.0,0.18481116296021058,0.1848111629602098,-0.0,-0.0,0.0,1.6633004666418816,-0.0,-0.0,-0.0,0.0,0.0,0.0,-0.0,0.0,0.0,-1.303473392921686,-0.0,-0.0,-0.0,-0.0,0.0,0.0,-1.8749225615138605,9.000077438486139,-7.743848613905868e-05,-0.0008604276237673187
Darkmantle,0.5,22,33.0,-0.0,-0.0,-0.0,33.0,1.5,-2.0,1.125,-3.5,-2.5,-5.375,27.625,0.0,-0.0,-0.0,-0.0,-3.990419879594059,0.0,0.0,-0.0,-0.0,-3.956509395092026,0.0,-0.3130586318042317,-0.0,0.0,-0.0,-0.0,0.0,0.0,-0.0,0.18481116296021058,0.1848111629602098,-0.0,-0.0,0.0,1.6633004666418816,-0.0,-0.0,0.4799185035290005,0.0,0.0,0.0,-0.9466657581066352,0.0,0.0,-0.0,-0.0,-0.0,-0.0,-0.0,0.0,0.0,-6.693812368505649,20.93118763149435,1.0688123685056503,4.858238038662047
Deep Gnome (Svirfneblin),0.5,16,33.0,-0.0,-0.0,-0.0,33.0,-4.5,-0.0,1.125,-0.0,-0.0,-3.375,29.625,0.0,-0.0,-0.0,-0.0,-1.9952099397970295,0.0,0.0,-0.0,-0.0,-1.978254697546013,0.0,-0.9391758954126953,-0.0,0.0,-0.7064793715868897,-1.3108790345338066,0.0,0.0,-0.0,0.18481116296021058,0.1848111629602098,-0.0,-0.0,0.0,1.6633004666418816,-1.7896964112181388,-0.0,0.4799185035290005,0.0,0.0,0.0,-0.0,0.0,0.0,-0.0,-0.0,-0.0,-0.0,-0.0,0.0,0.0,-6.20685405400327,23.41814594599673,-7.418145945996731,-46.36341216247957
Deer,0.0,4,4.5,-0.0,-0.0,-0.0,4.5,-4.5,-0.0,-0.375,-0.0,-0.0,-4.875,-0.375,0.0,0.0,0.0,0.0,3.990419879594059,0.0,0.0,-0.0,-0.0,-1.978254697546013,0.0,-0.0,-0.0,0.0,-0.0,-0.0,0.0,0.0,-0.0,0.18481116296021058,0.1848111629602098,-0.0,-0.0,0.0,1.6633004666418816,-0.0,-0.0,-0.0,0.0,0.0,0.0,-0.0,0.0,0.0,-0.0,-0.0,-0.0,-0.0,-0.0,0.0,0.0,4.0450879746103485,3.6700879746103485,0.3299120253896515,8.247800634741287
Diseased Giant Rat,0.125,7,13.5,-0.0,-0.0,-0.0,13.5,-1.5,-2.0,-1.125,3.5,-0.0,-1.125,12.375,0.0,-0.0,-0.0,-0.0,0.0,0.0,0.0,-0.0,-0.0,-1.978254697546013,0.0,-0.0,-0.0,0.0,-0.7064793715868897,-0.0,0.0,0.0,-0.0,0.18481116296021058,0.1848111629602098,-0.0,-0.0,0.0,1.6633004666418816,-0.0,-0.0,0.4799185035290005,0.0,0.0,0.0,-0.0,0.0,0.0,-0.0,-2.676651702353203,-0.0,-0.0,-0.0,0.0,0.0,-2.848544475394803,9.526455524605197,-2.526455524605197,-36.09222178007424
Draft Horse,0.25,19,19.5,-0.0,-0.0,-0.0,19.5,1.5,-6.0,-3.0,-0.0,-0.0,-7.5,12.0,0.0,-0.0,-0.0,-0.0,1.9952099397970295,0.0,0.0,-0.0,-0.0,-1.978254697546013,0.0,-0.0,-0.0,0.0,-0.0,-0.0,0.0,0.0,-0.0,0.18481116296021058,0.1848111629602098,-0.0,-0.0,0.0,1.6633004666418816,-0.0,-0.0,-0.4799185035290005,0.0,0.0,0.0,-0.0,0.0,0.0,-0.0,-0.0,-0.0,-0.0,-0.0,0.0,0.0,1.569959531284318,13.569959531284319,5.430040468715681,28.579160361661483
Dretch,0.25,18,19.5,-4.875,-4.875,-9.75,9.75,-0.0,2.0,-2.625,-0.0,-0.0,-0.625,9.125,0.0,-0.0,-0.0,-0.0,-1.9952099397970295,0.0,0.0,-0.0,-0.0,-1.978254697546013,0.0,-0.0,-0.0,0.9141444703913854,-0.7064793715868897,-0.0,0.0,0.0,-0.0,0.18481116296021058,0.1848111629602098,-0.0,-0.0,0.0,1.6633004666418816,-0.0,-0.0,0.4799185035290005,0.0,0.0,0.0,-0.0,0.0,0.0,-0.0,-0.0,-0.0,-0.0,-0.0,0.0,0.0,-1.2529582424472445,7.872041757552756,10.127958242447244,56.26643468026246
Drow,0.25,13,19.5,-0.0,-0.0,-0.0,19.5,-6.0,-2.0,-0.375,-7.0,-0.0,-15.375,4.125,0.0,-0.0,-0.0,-0.0,0.0,0.0,0.0,-0.0,-0.0,-1.978254697546013,0.0,-0.6261172636084634,-0.0,0.0,-0.7064793715868897,-1.3108790345338066,0.0,0.0,-0.0,0.18481116296021058,0.1848111629602098,-0.0,-0.0,0.0,1.6633004666418816,-1.7896964112181388,-0.0,-0.0,0.0,0.0,0.0,-0.0,0.0,0.0,-0.0,-0.0,-0.0,-0.0,-0.0,0.0,0.0,-4.378503985931009,-0.2535039859310091,13.253503985931008,101.95003066100776
Dust Mephit,0.5,17,33.0,-0.0,-8.25,-8.25,24.75,-0.0,-0.0,2.625,7.0,-2.5,7.125,31.875,0.0,-0.0,-0.0,-0.0,0.0,0.0,0.0,-0.0,-0.0,-3.956509395092026,0.0,-0.6261172636084634,-3.6375929917636878,0.9141444703913854,-0.7064793715868897,-0.0,0.0,0.0,-0.0,0.18481116296021058,0.1848111629602098,-0.0,-0.0,0.0,1.6633004666418816,-1.7896964112181388,-0.0,0.4799185035290005,0.0,0.0,0.0,-0.9466657581066352,0.0,0.0,-0.0,-0.0,-0.0,-0.0,-0.0,0.0,0.0,-8.236075424893155,23.638924575106845,-6.638924575106845,-39.052497500628505
Eagle,0.0,3,4.5,-0.0,-0.0,-0.0,4.5,-3.0,-4.0,-1.875,-0.0,-2.5,-11.375,-6.875,0.0,0.0,0.0,0.0,-3.990419879594059,12.277477558511636,0.0,-0.0,-0.0,-3.956509395092026,0.0,-0.3130586318042317,-0.0,0.0,-0.0,-0.0,0.0,0.0,-0.0,0.18481116296021058,0.1848111629602098,-0.0,-0.0,0.0,1.6633004666418816,-0.0,-0.0,0.4799185035290005,0.0,0.0,0.0,-0.0,0.0,0.0,-0.0,-0.0,-0.0,-0.0,-0.0,0.0,0.0,6.530330948112622,-0.3446690518873776,3.3446690518873776,111.48896839624591
Elk,0.25,13,19.5,-0.0,-0.0,-0.0,19.5,1.5,-4.0,-2.25,-7.0,-0.0,-11.75,7.75,0.0,-0.0,-0.0,-0.0,3.990419879594059,0.0,0.0,-0.0,-0.0,-1.978254697546013,0.0,-0.0,-0.0,0.0,-0.0,-0.0,0.0,0.0,-0.0,0.18481116296021058,0.1848111629602098,-0.0,-0.0,0.0,1.6633004666418816,-0.0,-0.0,-0.4799185035290005,0.0,0.0,0.0,-0.0,0.0,0.0,-0.0,-0.0,-0.0,-0.0,-4.614946907471635,0.0,0.0,-1.0497774363902879,6.700222563609712,6.299777436390288,48.45982643377145
Flying Snake,0.125,5,13.5,-0.0,-0.0,-0.0,13.5,-4.5,-6.0,-4.125,-0.0,-2.5,-17.125,-3.625,0.0,0.0,0.0,0.0,0.0,12.277477558511636,0.7171949981893111,-0.0,-0.0,-5.934764092638039,0.0,-0.0,-0.0,0.0,-0.0,-0.0,0.0,0.0,-0.0,0.18481116296021058,0.1848111629602098,-0.0,-0.0,0.0,1.6633004666418816,-0.0,-0.0,0.959837007058001,0.0,0.0,0.0,-0.0,0.0,0.0,-0.0,-0.0,-0.0,-0.0,-0.0,0.0,0.0,10.052668263683213,6.427668263683213,-1.4276682636832128,-28.553365273664255
Flying Sword,0.25,17,19.5,-0.0,-4.875,-4.875,14.625,-9.0,-0.0,-0.375,-0.0,-2.5,-11.875,2.75,0.0,-0.0,-0.0,-0.0,-5.985629819391088,8.18498503900776,0.0,-0.0,-0.0,-1.978254697546013,6.013303706063479,-0.0,-0.0,6.399011292739698,-0.0,-0.0,0.0,0.0,-0.0,0.18481116296021058,0.1848111629602098,-0.0,-0.0,0.0,1.6633004666418816,-0.0,-0.0,0.4799185035290005,0.0,0.0,0.0,-0.0,0.0,0.0,-0.0,-2.676651702353203,-0.0,-0.0,-0.0,0.0,0.0,12.469605114611936,15.219605114611936,1.7803948853880645,10.472911090518027
Frog,0.0,1,4.5,-0.0,-0.0,-0.0,4.5,-1.5,4.0,1.5,-0.0,-0.0,4.0,8.5,0.0,-0.0,-0.0,-0.0,-1.9952099397970295,0.0,0.4781299987928741,-0.0,-0.0,-3.956509395092026,0.0,-0.6261172636084634,-0.0,0.0,-0.7064793715868897,0.6554395172669033,0.0,0.0,-0.0,0.18481116296021058,0.1848111629602098,-0.0,-0.0,0.0,1.6633004666418816,-0.0,-0.0,0.959837007058001,0.0,0.0,0.0,-0.0,0.0,0.0,-0.0,-0.0,-0.0,-0.0,-0.0,0.0,0.0,-3.1579866544043282,5.342013345595672,-4.342013345595672,-434.20133455956716
Giant Badger,0.25,13,19.5,-0.0,-0.0,-0.0,19.5,1.5,-0.0,-4.125,-0.0,-0.0,-2.625,16.875,0.0,-0.0,-0.0,-0.0,0.0,0.0,0.0,-2.470909713178337,-0.0,-3.956509395092026,0.0,-0.0,-0.0,0.0,-0.7064793715868897,0.6554395172669033,0.0,0.0,-0.0,0.18481116296021058,0.1848111629602098,-0.0,-0.0,0.0,1.6633004666418816,-0.0,-0.0,-0.0,0.0,0.0,0.0,-0.0,0.0,0.0,-0.0,-0.0,-0.0,-0.0,-0.0,0.0,0.0,-4.445536170028047,12.429463829971953,0.5705361700280474,4.388739769446518
Giant Bat,0.25,22,19.5,-0.0,-0.0,-0.0,19.5,-3.0,-2.0,-0.375,-0.0,-2.5,-7.875,11.625,0.0,-0.0,-0.0,-0.0,-3.990419879594059,12.277477558511636,0.0,-0.0,-0.0,-3.956509395092026,0.0,-0.0,-0.0,0.0,-0.0,-0.0,0.0,0.0,-0.0,0.18481116296021058,0.1848111629602098,-0.0,-0.0,0.0,1.6633004666418816,-0.0,-0.0,-0.4799185035290005,0.0,0.0,0.0,-0.0,0.0,0.0,-0.0,-0.0,-0.0,-0.0,-0.0,0.0,0.0,5.883552572858854,17.508552572858854,4.491447427141146,20.415670123368848
Giant Centipede,0.25,4,19.5,-0.0,-0.0,-0.0,19.5,-3.0,-2.0,-7.5,-0.0,-0.0,-12.5,7.0,0.0,-0.0,-0.0,-0.0,0.0,0.0,0.0,-0.0,-0.4411580609337497,-3.956509395092026,0.0,-0.0,-0.0,0.0,-0.0,-0.0,0.0,0.0,-0.0,0.18481116296021058,0.1848111629602098,-0.0,-0.0,0.0,1.6633004666418816,-0.0,-0.0,0.4799185035290005,0.0,0.0,0.0,-0.0,0.0,0.0,-0.0,-0.0,-5.878061090050457,-0.0,-0.0,0.0,0.0,-7.76288724998493,-0.7628872499849297,4.76288724998493,119.07218124962324
Giant Crab,0.125,13,13.5,-0.0,-0.0,-0.0,13.5,-6.0,-0.0,-1.125,-0.0,-0.0,-7.125,6.375,0.0,-0.0,-0.0,-0.0,0.0,0.0,0.7171949981893111,-0.0,-0.0,-3.956509395092026,0.0,-0.3130586318042317,-0.0,0.0,-0.0,-0.0,0.0,0.0,-0.0,0.18481116296021058,0.1848111629602098,-0.0,-0.0,0.0,1.6633004666418816,-0.0,-0.0,-0.0,0.0,0.0,0.0,-0.0,0.0,0.0,-0.0,-0.0,-0.0,-0.0,-0.0,0.0,0.0,-1.5194502361446443,4.855549763855356,8.144450236144644,62.64961720111265
Giant Fire Beetle,0.0,4,4.5,-0.0,-0.0,-0.0,4.5,-4.5,2.0,-1.875,-0.0,-0.0,-4.375,0.125,0.0,-0.0,-0.0,-0.0,0.0,0.0,0.0,-0.0,-0.0,-1.978254697546013,0.0,-0.0,-0.0,0.0,-0.0,-0.0,0.0,0.0,-0.0,0.18481116296021058,0.1848111629602098,-0.0,-0.0,0.0,1.6633004666418816,-0.0,-0.0,0.4799185035290005,0.0,0.0,0.0,-0.0,0.0,0.0,-0.0,-0.0,-0.0,-0.0,-0.0,0.0,0.0,0.5345865985452896,0.6595865985452896,3.34041340145471,83.51033503636775
Giant Frog,0.25,18,19.5,-0.0,-0.0,-0.0,19.5,-0.0,-0.0,0.375,-0.0,-0.0,0.375,19.875,0.0,-0.0,-0.0,-0.0,0.0,0.0,0.7171949981893111,-0.0,-0.0,-3.956509395092026,0.0,-0.6261172636084634,-0.0,0.0,-0.7064793715868897,0.6554395172669033,0.0,0.0,-0.0,0.18481116296021058,0.1848111629602098,-0.0,-0.0,0.0,1.6633004666418816,-0.0,-0.0,-0.0,0.0,0.0,0.0,-0.9466657581066352,0.0,0.0,-0.0,-0.0,-0.0,-0.0,-4.614946907471635,0.0,0.0,-7.445161387847133,12.429838612152867,5.570161387847133,30.94534104359518
Giant Goat,0.5,19,33.0,-0.0,-0.0,-0.0,33.0,1.5,-2.0,-0.0,-3.5,-0.0,-4.0,29.0,0.0,-0.0,-0.0,-0.0,1.9952099397970295,0.0,0.0,-0.0,-0.0,-1.978254697546013,0.0,-0.0,-0.0,0.0,-0.0,-0.0,0.0,0.0,-0.0,0.18481116296021058,0.1848111629602098,-0.0,-0.0,0.0,1.6633004666418816,-0.0,-0.0,-0.4799185035290005,0.0,0.0,0.0,-0.0,0.0,0.0,-0.0,-0.0,-0.0,-0.0,-4.614946907471635,0.0,0.0,-3.0449873761873176,25.95501262381268,-6.9550126238126815,-36.60532959901411
Giant Lizard,0.25,19,19.5,-0.0,-0.0,-0.0,19.5,-1.5,-2.0,-1.125,-0.0,-0.0,-4.625,14.875,0.0,-0.0,-0.0,-0.0,0.0,0.0,0.0,-0.0,-0.4411580609337497,-3.956509395092026,0.0,-0.0,-0.0,0.0,-0.7064793715868897,0.6554395172669033,0.0,0.0,-0.0,0.18481116296021058,0.1848111629602098,-0.0,-0.0,0.0,1.6633004666418816,-0.0,-0.0,-0.4799185035290005,0.0,0.0,0.0,-0.0,0.0,0.0,-0.0,-0.0,-0.0,-0.0,-0.0,0.0,0.0,-2.89570302131246,11.97929697868754,7.02070302131246,36.95106853322348
Giant Owl,0.25,19,19.5,-0.0,-0.0,-0.0,19.5,-1.5,-0.0,-2.25,-0.0,-2.5,-6.25,13.25,0.0,-0.0,-0.0,-0.0,-4.988024849492573,12.277477558511636,0.0,-0.0,-0.0,-3.956509395092026,0.0,-0.6261172636084634,-0.0,0.0,-0.7064793715868897,-1.3108790345338066,0.0,0.0,-0.0,0.18481116296021058,0.1848111629602098,-0.0,-0.0,0.0,1.6633004666418816,-0.0,-0.0,-0.4799185035290005,0.0,0.0,0.0,-0.0,0.0,0.0,-0.0,-0.0,-0.0,-0.0,-0.0,0.0,0.0,2.2424719332311795,15.49247193323118,3.5075280667688205,18.46067403562537
Giant Poisonous Snake,0.25,11,19.5,-0.0,-0.0,-0.0,19.5,-4.5,-6.0,-9.0,-0.0,-0.0,-19.5,0.0,0.0,-0.0,-0.0,-0.0,0.0,0.0,0.7171949981893111,-0.0,-0.0,-3.956509395092026,0.0,-0.3130586318042317,-0.0,0.0,-0.0,-0.0,0.0,0.0,-0.0,0.18481116296021058,0.1848111629602098,-0.0,-0.0,0.0,1.6633004666418816,-0.0,-0.0,-0.0,0.0,0.0,0.0,-0.0,0.0,0.0,-0.0,-0.0,-0.0,-0.0,-0.0,0.0,0.0,-1.5194502361446443,-1.5194502361446443,12.519450236144644,113.8131839649513
Giant Rat,0.125,7,13.5,-0.0,-0.0,-0.0,13.5,-1.5,-2.0,-1.125,-0.0,-0.0,-4.625,8.875,0.0,-0.0,-0.0,-0.0,0.0,0.0,0.0,-0.0,-0.0,-1.978254697546013,0.0,-0.0,-0.0,0.0,-0.7064793715868897,-0.0,0.0,0.0,-0.0,0.18481116296021058,0.1848111629602098,-0.0,-0.0,0.0,1.6633004666418816,-0.0,-0.0,0.4799185035290005,0.0,0.0,0.0,-0.0,0.0,0.0,-0.0,-2.676651702353203,-0.0,-0.0,-0.0,0.0,0.0,-2.848544475394803,6.026455524605197,0.973544475394803,13.907778219925756
Giant Sea Horse,0.5,16,33.0,-0.0,-0.0,-0.0,33.0,-1.5,2.0,2.625,3.5,-0.0,6.625,39.625,0.0,-0.0,-0.0,-0.0,-5.985629819391088,0.0,0.9562599975857482,-0.0,-0.0,-1.978254697546013,0.0,-0.0,-0.0,0.0,-0.0,-0.0,0.0,0.0,-0.0,0.18481116296021058,0.1848111629602098,-0.0,-0.0,0.0,1.6633004666418816,-0.0,-0.0,-0.4799185035290005,0.0,0.0,0.0,-0.0,0.0,0.0,-0.0,-0.0,-0.0,-0.0,-4.614946907471635,0.0,0.0,-10.069567137789686,29.555432862210314,-13.555432862210314,-84.72145538881446
Giant Wasp,0.5,13,33.0,-0.0,-0.0,-0.0,33.0,-0.0,-0.0,-6.0,3.5,-2.5,-5.0,28.0,0.0,-0.0,-0.0,-0.0,-3.990419879594059,8.18498503900776,0.0,-0.0,-0.0,-3.956509395092026,0.0,-0.0,-0.0,0.0,-0.0,-0.0,0.0,0.0,-0.0,0.18481116296021058,0.1848111629602098,-0.0,-0.0,0.0,1.6633004666418816,-0.0,-0.0,-0.0,0.0,0.0,0.0,-0.0,0.0,0.0,-0.0,-0.0,-5.878061090050457,-0.0,-0.0,0.0,0.0,-3.60708253316648,24.39291746683352,-11.39291746683352,-87.63782666795016
Giant Weasel,0.125,9,13.5,-0.0,-0.0,-0.0,13.5,-3.0,-4.0,-1.875,-0.0,-0.0,-8.875,4.625,0.0,-0.0,-0.0,-0.0,1.9952099397970295,0.0,0.0,-0.0,-0.0,-1.978254697546013,0.0,-0.6261172636084634,-0.0,0.0,-0.7064793715868897,-0.0,0.0,0.0,-0.0,0.18481116296021058,0.1848111629602098,-0.0,-0.0,0.0,1.6633004666418816,-0.0,-0.0,-0.0,0.0,0.0,0.0,-0.0,0.0,0.0,-0.0,-0.0,-0.0,-0.0,-0.0,0.0,0.0,0.7172813996179653,5.342281399617965,3.657718600382035,40.641317782022604
Giant Wolf Spider,0.25,11,19.5,-0.0,-0.0,-0.0,19.5,-3.0,-0.0,-4.875,-0.0,-0.0,-7.875,11.625,0.0,-0.0,-0.0,-0.0,1.9952099397970295,0.0,0.0,-0.0,-0.5882107479116663,-3.956509395092026,0.0,-0.6261172636084634,-0.0,0.0,-0.7064793715868897,-0.0,0.0,0.0,-0.0,0.18481116296021058,0.1848111629602098,-0.0,-0.0,0.0,1.6633004666418816,-0.0,-0.0,-0.0,0.0,0.0,0.0,-0.0,0.0,0.0,-0.0,-0.0,-5.878061090050457,-0.0,-0.0,0.0,0.0,-7.72724513589017,3.89775486410983,7.10224513589017,64.56586487172882
Gnoll,0.5,22,33.0,-0.0,-0.0,-0.0,33.0,-4.5,-0.0,1.03125,-0.0,-0.0,-3.46875,29.53125,0.0,-0.0,-0.0,-0.0,0.0,0.0,0.0,-0.0,-0.0,-1.978254697546013,0.0,-0.0,-0.0,0.0,-0.7064793715868897,-0.0,0.0,0.0,-0.0,0.18481116296021058,0.1848111629602098,-0.0,-0.0,0.0,1.6633004666418816,-0.0,-0.0,-0.0,0.0,0.0,0.0,-0.0,0.0,0.0,-0.0,-0.0,-0.0,-0.0,-0.0,0.0,0.0,-0.6518112765706007,28.8794387234294,-6.8794387234293986,-31.270176015588174
Goat,0.0,4,4.5,-0.0,-0.0,-0.0,4.5,-0.0,-2.0,-1.125,-0.0,-0.0,-3.125,1.375,0.0,-0.0,-0.0,-0.0,1.9952099397970295,0.0,0.0,-0.0,-0.0,-1.978254697546013,0.0,-0.0,-0.0,0.0,-0.0,-0.0,0.0,0.0,-0.0,0.18481116296021058,0.1848111629602098,-0.0,-0.0,0.0,1.6633004666418816,-0.0,-0.0,-0.0,0.0,0.0,0.0,-0.0,0.0,0.0,-0.0,-0.0,-0.0,-0.0,-4.614946907471635,0.0,0.0,-2.5650688726583173,-1.1900688726583173,5.190068872658317,129.75172181645794
Goblin,0.25,7,19.5,-0.0,-0.0,-0.0,19.5,-6.0,-2.0,-0.375,-0.0,-0.0,-8.375,11.125,0.0,-0.0,-0.0,-0.0,0.0,0.0,0.0,-0.0,-0.0,-1.978254697546013,0.0,-0.3130586318042317,-0.0,0.0,-0.7064793715868897,-0.0,0.0,0.0,-0.0,0.18481116296021058,0.1848111629602098,-0.0,-0.0,0.0,1.6633004666418816,-0.0,-0.0,0.4799185035290005,0.0,0.0,0.0,-0.0,0.0,0.0,-0.0,-0.0,-0.0,-0.0,-0.0,0.0,0.0,-0.48495140484583177,10.640048595154168,-3.640048595154168,-52.00069421648811
Gray Ooze,0.5,22,33.0,-8.25,-0.0,-8.25,24.75,6.0,2.0,-2.625,-0.0,-0.0,5.375,30.125,0.0,-0.0,-0.0,-0.0,-3.990419879594059,0.0,0.0,-0.0,-0.14705268697791657,-3.956509395092026,0.0,-0.3130586318042317,-0.0,5.484866822348312,-0.0,-0.0,0.0,0.0,-0.0,0.18481116296021058,0.1848111629602098,-0.0,-0.0,0.0,1.6633004666418816,-0.0,-0.0,-0.0,0.0,0.0,0.0,-0.0,0.0,0.0,-0.0,-0.0,-0.0,-0.0,-0.0,0.0,0.0,-0.8892509785576186,29.23574902144238,-7.2357490214423805,-32.88976827928355
Grimlock,0.25,11,19.5,-0.0,-4.875,-4.875,14.625,-0.0,-4.0,-2.25,-0.0,-0.0,-6.25,8.375,0.0,-0.0,-0.0,-0.0,0.0,0.0,0.0,-0.0,-0.0,-1.978254697546013,0.0,-0.9391758954126953,-0.0,0.0,-0.0,-0.0,0.0,0.0,-0.0,0.18481116296021058,0.1848111629602098,-0.0,-0.0,0.0,1.6633004666418816,-0.0,-0.0,-0.0,0.0,0.0,0.0,-0.0,0.0,0.0,-0.0,-0.0,-0.0,-0.0,-0.0,0.0,0.0,-0.8845078003964062,7.490492199603594,3.509507800396406,31.904616367240056
Guard,0.125,11,13.5,-0.0,-0.0,-0.0,13.5,-7.5,-0.0,-1.875,-0.0,-0.0,-9.375,4.125,0.0,-0.0,-0.0,-0.0,0.0,0.0,0.0,-0.0,-0.0,-1.978254697546013,0.0,-0.3130586318042317,-0.0,0.0,-0.0,-0.0,0.0,0.0,-0.0,0.18481116296021058,0.1848111629602098,-0.0,-0.0,0.0,1.6633004666418816,-0.0,-0.0,-0.0,0.0,0.0,0.0,-0.0,0.0,0.0,-0.0,-0.0,-0.0,-0.0,-0.0,0.0,0.0,-0.25839053678794266,3.8666094632120576,7.133390536787942,64.84900487989039
Hawk,0.0,1,4.5,-0.0,-0.0,-0.0,4.5,-4.5,-6.0,0.75,-0.0,-2.5,-12.25,-7.75,0.0,0.0,0.0,0.0,-3.990419879594059,12.277477558511636,0.0,-0.0,-0.0,-3.956509395092026,0.0,-0.3130586318042317,-0.0,0.0,-0.0,-0.0,0.0,0.0,-0.0,0.18481116296021058,0.1848111629602098,-0.0,-0.0,0.0,1.6633004666418816,-0.0,-0.0,0.959837007058001,0.0,0.0,0.0,-0.0,0.0,0.0,-0.0,-0.0,-0.0,-0.0,-0.0,0.0,0.0,7.010249451641623,-0.7397505483583773,1.7397505483583773,173.97505483583774
Hobgoblin,0.5,11,33.0,-0.0,-0.0,-0.0,33.0,-9.0,2.0,1.875,-0.0,-0.0,-5.125,27.875,0.0,-0.0,-0.0,-0.0,0.0,0.0,0.0,-0.0,-0.0,-1.978254697546013,0.0,-0.0,-0.0,0.0,-0.7064793715868897,-0.0,0.0,0.0,-0.0,0.18481116296021058,0.1848111629602098,-0.0,-0.0,0.0,1.6633004666418816,-0.0,-0.0,-0.0,0.0,0.0,0.0,-0.0,0.0,0.0,-0.0,-2.676651702353203,-0.0,-0.0,-0.0,0.0,0.0,-3.3284629789238034,24.546537021076198,-13.546537021076198,-123.15033655523816
Homunculus,0.0,5,4.5,-0.0,-1.125,-1.125,3.375,-4.5,-4.0,0.75,-0.0,-2.5,-10.25,-6.875,0.0,0.0,0.0,0.0,-1.9952099397970295,4.09249251950388,0.0,-0.0,-0.0,-3.956509395092026,0.0,-0.0,-0.0,1.8282889407827707,-0.7064793715868897,-0.0,0.0,0.0,-0.0,0.18481116296021058,0.1848111629602098,-0.0,-0.0,0.0,1.6633004666418816,-0.0,-0.0,0.959837007058001,0.0,0.0,0.0,-0.0,0.0,0.0,-0.0,-0.0,-0.0,-0.0,-0.0,0.0,0.0,2.2553425534310083,-4.619657446568992,9.619657446568992,192.39314893137984
Hyena,0.0,5,4.5,-0.0,-0.0,-0.0,4.5,-1.5,-0.0,-1.125,-0.0,-0.0,-2.625,1.875,0.0,-0.0,-0.0,-0.0,3.990419879594059,0.0,0.0,-0.0,-0.0,-1.978254697546013,0.0,-0.3130586318042317,-0.0,0.0,-0.0,-0.0,0.0,0.0,-0.0,0.18481116296021058,0.1848111629602098,-0.0,-0.0,0.0,1.6633004666418816,-0.0,-0.0,-0.0,0.0,0.0,0.0,-0.0,0.0,0.0,-0.0,-2.676651702353203,-0.0,-0.0,-0.0,0.0,0.0,1.0553776404529136,2.930377640452914,2.069622359547086,41.39244719094172
Ice Mephit,0.5,21,33.0,-0.0,-8.25,-8.25,24.75,1.5,2.0,1.5,7.0,-2.5,9.5,34.25,0.0,-0.0,-0.0,-0.0,0.0,0.0,0.0,-0.0,-0.0,-3.956509395092026,0.0,-0.6261172636084634,-7.2751859835273756,0.9141444703913854,-0.7064793715868897,-0.0,0.0,0.0,-0.0,0.18481116296021058,0.1848111629602098,-0.0,-0.0,0.0,1.6633004666418816,-1.7896964112181388,-0.0,0.4799185035290005,0.0,0.0,0.0,-0.0,0.0,0.0,-0.0,-0.0,-0.0,-0.0,-0.0,0.0,0.0,-10.927002658550206,23.322997341449792,-2.322997341449792,-11.061892102141867
Jackal,0.0,3,4.5,-0.0,-0.0,-0.0,4.5,-3.0,2.0,-1.125,-0.0,-0.0,-2.125,2.375,0.0,-0.0,-0.0,-0.0,1.9952099397970295,0.0,0.0,-0.0,-0.0,-1.978254697546013,0.0,-0.3130586318042317,-0.0,0.0,-0.0,-0.0,0.0,0.0,-0.0,0.18481116296021058,0.1848111629602098,-0.0,-0.0,0.0,1.6633004666418816,-0.0,-0.0,0.4799185035290005,0.0,0.0,0.0,-0.0,0.0,0.0,-0.0,-2.676651702353203,-0.0,-0.0,-0.0,0.0,0.0,-0.4599137958151158,1.9150862041848842,1.0849137958151158,36.16379319383719
Kobold,0.125,5,13.5,-0.0,-0.0,-0.0,13.5,-1.5,-2.0,-1.125,-0.0,-0.0,-4.625,8.875,0.0,-0.0,-0.0,-0.0,0.0,0.0,0.0,-0.0,-0.0,-1.978254697546013,0.0,-0.0,-0.0,0.0,-0.7064793715868897,-0.0,0.0,0.0,-0.0,0.18481116296021058,0.1848111629602098,-0.0,-0.0,0.0,1.6633004666418816,-0.0,-0.0,0.4799185035290005,0.0,0.0,0.0,-0.0,0.0,0.0,-0.0,-2.676651702353203,-0.0,-0.0,-0.0,0.0,0.0,-2.848544475394803,6.026455524605197,-1.026455524605197,-20.52911049210394
Lemure,0.0,13,4.5,-1.125,-1.125,-2.25,2.25,4.5,-2.0,-0.375,-0.0,-0.0,2.125,4.375,0.0,-0.0,-0.0,-0.0,-2.992814909695544,0.0,0.0,-0.0,-0.0,-1.978254697546013,0.0,-0.0,-0.0,2.742433411174156,-0.7064793715868897,-1.3108790345338066,0.0,0.0,-0.0,0.18481116296021058,0.1848111629602098,-0.0,-0.0,0.0,1.6633004666418816,-0.0,-0.0,-0.0,0.0,0.0,0.0,-0.0,0.0,0.0,-0.0,-0.0,-0.0,-0.0,-0.0,0.0,0.0,-2.213071809625795,2.161928190374205,10.838071809625795,83.36978315096766
Lizard,0.0,2,4.5,-0.0,-0.0,-0.0,4.5,-0.0,4.0,0.75,-0.0,-0.0,4.75,9.25,0.0,-0.0,-0.0,-0.0,-1.9952099397970295,0.0,0.0,-0.0,-0.29410537395583314,-3.956509395092026,0.0,-0.0,-0.0,0.0,-0.7064793715868897,0.6554395172669033,0.0,0.0,-0.0,0.18481116296021058,0.1848111629602098,-0.0,-0.0,0.0,1.6633004666418816,-0.0,-0.0,0.959837007058001,0.0,0.0,0.0,-0.0,0.0,0.0,-0.0,-0.0,-0.0,-0.0,-0.0,0.0,0.0,-3.3041047635445717,5.945895236455428,-3.945895236455428,-197.2947618227714
Lizardfolk,0.5,22,33.0,-0.0,-0.0,-0.0,33.0,-4.5,-0.0,-2.25,-0.0,-0.0,-6.75,26.25,0.0,-0.0,-0.0,-0.0,0.0,0.0,0.7171949981893111,-0.0,-0.0,-3.956509395092026,0.0,-0.9391758954126953,-0.0,0.0,-0.0,-0.0,0.0,0.0,-0.0,0.18481116296021058,0.1848111629602098,-0.0,-0.0,0.0,1.6633004666418816,-0.0,-0.0,-0.0,0.0,0.0,0.0,-0.0,0.0,0.0,-0.0,-0.0,-0.0,-0.0,-0.0,0.0,0.0,-2.145567499753108,24.104432500246894,-2.1044325002468938,-9.565602273849517
Magma Mephit,0.5,22,33.0,-0.0,-8.25,-8.25,24.75,1.5,2.0,1.5,3.5,-2.5,6.0,30.75,0.0,-0.0,-0.0,-0.0,0.0,0.0,0.0,-0.0,-0.0,-3.956509395092026,0.0,-0.3130586318042317,-3.6375929917636878,0.9141444703913854,-0.7064793715868897,-0.0,0.0,0.0,-0.0,0.18481116296021058,0.1848111629602098,-0.0,-0.0,0.0,1.6633004666418816,-1.7896964112181388,-0.0,0.4799185035290005,0.0,0.0,0.0,-0.0,0.0,0.0,-0.0,-0.0,-0.0,-0.0,-0.0,0.0,0.0,-6.976351034982287,23.773648965017713,-1.7736489650177134,-8.062040750080515
Magmin,0.5,9,33.0,-8.25,-8.25,-16.5,16.5,-3.0,-0.0,-1.875,3.5,-0.0,-1.375,15.125,0.0,-0.0,-0.0,-0.0,0.0,0.0,0.0,-0.0,-0.0,-1.978254697546013,0.0,-0.0,-0.0,0.0,-0.7064793715868897,-0.0,0.0,0.0,-0.0,0.18481116296021058,0.1848111629602098,-0.0,-0.0,0.0,1.6633004666418816,-0.0,-0.0,0.4799185035290005,0.0,0.0,0.0,-0.0,0.0,0.0,-0.0,-0.0,-0.0,-0.0,-0.0,0.0,0.0,-0.1718927730416001,14.9531072269584,-5.9531072269584,-66.14563585509333
Mastiff,0.125,5,13.5,-0.0,-0.0,-0.0,13.5,-1.5,-0.0,-1.125,-0.0,-0.0,-2.625,10.875,0.0,-0.0,-0.0,-0.0,1.9952099397970295,0.0,0.0,-0.0,-0.0,-1.978254697546013,0.0,-0.3130586318042317,-0.0,0.0,-0.0,-0.0,0.0,0.0,-0.0,0.18481116296021058,0.1848111629602098,-0.0,-0.0,0.0,1.6633004666418816,-0.0,-0.0,-0.0,0.0,0.0,0.0,-0.0,0.0,0.0,-0.0,-0.0,-0.0,-0.0,-4.614946907471635,0.0,0.0,-2.8781275044625483,7.996872495537452,-2.9968724955374517,-59.93744991074903
Merfolk,0.125,11,13.5,-0.0,-0.0,-0.0,13.5,-0.0,2.0,-0.375,-0.0,-0.0,1.625,15.125,0.0,-0.0,-0.0,-0.0,-3.990419879594059,0.0,0.9562599975857482,-0.0,-0.0,-3.956509395092026,0.0,-0.3130586318042317,-0.0,0.0,-0.0,-0.0,0.0,0.0,-0.0,0.18481116296021058,0.1848111629602098,-0.0,-0.0,0.0,1.6633004666418816,-0.0,-0.0,-0.0,0.0,0.0,0.0,-0.0,0.0,0.0,-0.0,-0.0,-0.0,-0.0,-0.0,0.0,0.0,-5.270805116342267,9.854194883657733,1.1458051163422667,10.41641014856606
Mule,0.125,11,13.5,-0.0,-0.0,-0.0,13.5,1.5,2.0,-1.125,-0.0,-0.0,2.375,15.875,0.0,-0.0,-0.0,-0.0,1.9952099397970295,0.0,0.0,-0.0,-0.0,-1.978254697546013,0.0,-0.0,-0.0,0.0,-0.0,-0.0,0.0,0.0,-0.0,0.18481116296021058,0.1848111629602098,-0.0,-0.0,0.0,1.6633004666418816,-0.0,-0.0,-0.0,0.0,0.0,0.0,-0.0,0.0,0.0,-0.0,-0.0,-0.0,-0.0,-4.614946907471635,0.0,0.0,-2.5650688726583173,13.309931127341683,-2.3099311273416827,-20.99937388492439
Noble,0.125,9,13.5,-0.0,-0.0,-0.0,13.5,-6.0,-0.0,-1.875,-0.0,-0.0,-7.875,5.625,0.0,-0.0,-0.0,-0.0,0.0,0.0,0.0,-0.0,-0.0,-1.978254697546013,0.0,-0.9391758954126953,-0.0,0.0,-0.0,-0.0,0.0,0.0,-0.0,0.18481116296021058,0.1848111629602098,-0.0,-0.0,0.0,1.6633004666418816,-0.0,-0.0,-0.0,0.0,0.0,0.0,-0.0,0.0,0.0,-0.0,-0.0,-0.0,-0.0,-0.0,0.0,0.0,-0.8845078003964062,4.740492199603594,4.259507800396406,47.327864448848956
Octopus,0.0,3,4.5,-0.0,-0.0,-0.0,4.5,-3.0,-4.0,0.75,-0.0,-0.0,-6.25,-1.75,0.0,0.0,0.0,0.0,-4.988024849492573,0.0,0.7171949981893111,-0.0,-0.0,-3.956509395092026,0.0,-0.6261172636084634,-0.0,0.0,-0.7064793715868897,0.6554395172669033,0.0,0.0,-0.0,0.18481116296021058,0.1848111629602098,-0.0,-0.0,0.0,1.6633004666418816,-0.0,-0.0,0.4799185035290005,0.0,0.0,0.0,-0.0,0.0,0.0,-0.0,-0.0,-0.0,-0.0,-0.0,0.0,0.0,-6.391655068232436,-8.141655068232435,11.141655068232435,371.3885022744145
Orc,0.5,15,33.0,-0.0,-0.0,-0.0,33.0,-1.5,-2.0,-1.125,-0.0,-0.0,-4.625,28.375,0.0,-0.0,-0.0,-0.0,0.0,0.0,0.0,-0.0,-0.0,-1.978254697546013,0.0,-0.3130586318042317,-0.0,0.0,-0.7064793715868897,-0.0,0.0,0.0,-0.0,0.18481116296021058,0.1848111629602098,-0.0,-0.0,0.0,1.6633004666418816,-0.0,-0.0,-0.0,0.0,0.0,0.0,-0.0,0.0,0.0,-0.0,-0.0,-0.0,-0.0,-0.0,0.0,0.0,-0.9648699083748323,27.410130091625167,-12.410130091625167,-82.73420061083443
Owl,0.0,1,4.5,-0.0,-0.0,-0.0,4.5,-1.5,-2.0,0.75,-0.0,-2.5,-5.25,-0.75,0.0,0.0,0.0,0.0,-4.988024849492573,12.277477558511636,0.0,-0.0,-0.0,-3.956509395092026,0.0,-0.6261172636084634,-0.0,0.0,-0.7064793715868897,-1.3108790345338066,0.0,0.0,-0.0,0.18481116296021058,0.1848111629602098,-0.0,-0.0,0.0,1.6633004666418816,-0.0,-0.0,0.959837007058001,0.0,0.0,0.0,-0.0,0.0,0.0,-0.0,-0.0,-0.0,-0.0,-0.0,0.0,0.0,3.6822274438181815,2.9322274438181815,-1.9322274438181815,-193.22274438181813
Panther,0.25,13,19.5,-0.0,-0.0,-0.0,19.5,-1.5,-2.0,-2.4375,-3.5,-0.0,-9.4375,10.0625,0.0,-0.0,-0.0,-0.0,3.990419879594059,0.0,0.0,-0.0,-0.5882107479116663,-3.956509395092026,0.0,-0.6261172636084634,-0.0,0.0,-0.0,-0.0,0.0,0.0,-0.0,0.18481116296021058,0.1848111629602098,-0.0,-0.0,0.0,1.6633004666418816,-0.0,-0.0,-0.0,0.0,0.0,0.0,-0.0,0.0,0.0,-0.0,-0.0,-0.0,-0.0,-4.614946907471635,0.0,0.0,-3.7624416419274302,6.30005835807257,6.69994164192743,51.53801263021101
Poisonous Snake,0.125,2,13.5,-0.0,-0.0,-0.0,13.5,-3.0,-4.0,-2.25,3.5,-0.0,-5.75,7.75,0.0,-0.0,-0.0,-0.0,0.0,0.0,0.7171949981893111,-0.0,-0.0,-3.956509395092026,0.0,-0.0,-0.0,0.0,-0.0,-0.0,0.0,0.0,-0.0,0.18481116296021058,0.1848111629602098,-0.0,-0.0,0.0,1.6633004666418816,-0.0,-0.0,0.959837007058001,0.0,0.0,0.0,-0.0,0.0,0.0,-0.0,-0.0,-0.0,-0.0,-0.0,0.0,0.0,-0.2465545972824117,7.503445402717588,-5.503445402717588,-275.17227013587944
Pony,0.125,11,13.5,-0.0,-0.0,-0.0,13.5,1.5,-2.0,-3.0,-0.0,-0.0,-3.5,10.0,0.0,-0.0,-0.0,-0.0,1.9952099397970295,0.0,0.0,-0.0,-0.0,-1.978254697546013,0.0,-0.0,-0.0,0.0,-0.0,-0.0,0.0,0.0,-0.0,0.18481116296021058,0.1848111629602098,-0.0,-0.0,0.0,1.6633004666418816,-0.0,-0.0,-0.0,0.0,0.0,0.0,-0.0,0.0,0.0,-0.0,-0.0,-0.0,-0.0,-0.0,0.0,0.0,2.049878034813318,12.049878034813318,-1.049878034813318,-9.544345771030164
Pseudodragon,0.25,7,19.5,-0.0,-0.0,-0.0,19.5,-3.0,-2.0,0.375,-0.0,-2.5,-7.125,12.375,0.0,-0.0,-1.6155780266415867,-0.0,-2.992814909695544,12.277477558511636,0.0,-0.0,-0.0,-3.956509395092026,0.0,-0.6261172636084634,-0.0,0.0,-0.7064793715868897,-0.0,0.0,0.0,-0.0,0.18481116296021058,0.1848111629602098,-0.0,-0.0,0.0,1.6633004666418816,-0.0,-0.0,0.959837007058001,0.0,0.0,0.0,-0.0,0.0,0.0,-0.0,-0.0,-0.0,-0.0,-0.0,0.0,0.0,5.372738391507431,17.747738391507433,-10.747738391507433,-153.5391198786776
Quipper,0.0,1,4.5,-0.0,-0.0,-0.0,4.5,-4.5,-6.0,0.75,-0.0,-0.0,-9.75,-5.25,0.0,0.0,0.0,0.0,-5.985629819391088,0.0,0.9562599975857482,-0.0,-0.0,-1.978254697546013,0.0,-0.0,-0.0,0.0,-0.7064793715868897,-0.0,0.0,0.0,-0.0,0.18481116296021058,0.1848111629602098,-0.0,-0.0,0.0,1.6633004666418816,-0.0,-0.0,0.959837007058001,0.0,0.0,0.0,-0.0,0.0,0.0,-0.0,-0.0,-0.0,-0.0,-0.0,0.0,0.0,-4.721344091317938,-9.971344091317938,10.971344091317938,1097.1344091317937
Rat,0.0,1,4.5,-0.0,-0.0,-0.0,4.5,-0.0,4.0,0.75,-0.0,-0.0,4.75,9.25,0.0,-0.0,-0.0,-0.0,-1.9952099397970295,0.0,0.0,-0.0,-0.0,-1.978254697546013,0.0,-0.0,-0.0,0.0,-0.7064793715868897,0.6554395172669033,0.0,0.0,-0.0,0.18481116296021058,0.1848111629602098,-0.0,-0.0,0.0,1.6633004666418816,-0.0,-0.0,0.959837007058001,0.0,0.0,0.0,-0.0,0.0,0.0,-0.0,-0.0,-0.0,-0.0,-0.0,0.0,0.0,-1.0317446920427256,8.218255307957275,-7.218255307957275,-721.8255307957274
Raven,0.0,1,4.5,-0.0,-0.0,-0.0,4.5,-3.0,-4.0,0.75,-0.0,-2.5,-8.75,-4.25,0.0,0.0,0.0,0.0,-3.990419879594059,8.18498503900776,0.0,-0.0,-0.0,-3.956509395092026,0.0,-0.3130586318042317,-0.0,0.0,-0.0,-0.0,0.0,0.0,-0.0,0.18481116296021058,0.1848111629602098,-0.0,-0.0,0.0,1.6633004666418816,-0.0,-0.0,0.959837007058001,0.0,0.0,0.0,-0.0,0.0,0.0,-0.0,-0.0,-0.0,-0.0,-0.0,0.0,0.0,2.9177569321377463,-1.3322430678622537,2.3322430678622537,233.22430678622536
Reef Shark,0.5,22,33.0,-0.0,-0.0,-0.0,33.0,-0.0,-0.0,1.125,-0.0,-0.0,1.125,34.125,0.0,-0.0,-0.0,-0.0,-5.985629819391088,0.0,0.9562599975857482,-0.0,-0.0,-1.978254697546013,0.0,-0.3130586318042317,-0.0,0.0,-0.0,-0.0,0.0,0.0,-0.0,0.18481116296021058,0.1848111629602098,-0.0,-0.0,0.0,1.6633004666418816,-0.0,-0.0,-0.0,0.0,0.0,0.0,-0.0,0.0,0.0,-0.0,-2.676651702353203,-0.0,-0.0,-0.0,0.0,0.0,-7.9644120609464855,26.160587939053514,-4.160587939053514,-18.911763359334152
Riding Horse,0.25,13,19.5,-0.0,-0.0,-0.0,19.5,1.5,-4.0,-2.25,-0.0,-0.0,-4.75,14.75,0.0,-0.0,-0.0,-0.0,5.985629819391088,0.0,0.0,-0.0,-0.0,-1.978254697546013,0.0,-0.0,-0.0,0.0,-0.0,-0.0,0.0,0.0,-0.0,0.18481116296021058,0.1848111629602098,-0.0,-0.0,0.0,1.6633004666418816,-0.0,-0.0,-0.4799185035290005,0.0,0.0,0.0,-0.0,0.0,0.0,-0.0,-0.0,-0.0,-0.0,-0.0,0.0,0.0,5.560379410878376,20.310379410878376,-7.310379410878376,-56.233687775987505
Rust Monster,0.5,27,33.0,-0.0,-0.0,-0.0,33.0,-3.0,2.0,1.875,3.5,-0.0,4.375,37.375,0.0,-0.0,-0.0,-0.0,1.9952099397970295,0.0,0.0,-0.0,-0.0,-1.978254697546013,0.0,-0.0,-0.0,0.0,-0.7064793715868897,-0.0,0.0,0.0,-0.0,0.18481116296021058,0.1848111629602098,-0.0,-0.0,0.0,1.6633004666418816,-0.0,-0.0,-0.0,0.0,0.0,0.0,-0.0,0.0,0.0,-0.0,-0.0,-0.0,-0.0,-0.0,0.0,0.0,1.3433986632264285,38.71839866322643,-11.71839866322643,-43.401476530468265
Sahuagin,0.5,22,33.0,-0.0,-0.0,-0.0,33.0,-0.0,2.0,0.75,-0.0,-0.0,2.75,35.75,0.0,-0.0,-0.0,-0.0,0.0,0.0,0.9562599975857482,-0.0,-0.0,-3.956509395092026,0.0,-0.3130586318042317,-0.0,0.0,-0.7064793715868897,-1.3108790345338066,0.0,0.0,-0.0,0.18481116296021058,0.1848111629602098,-0.0,-0.0,0.0,1.6633004666418816,-0.0,-0.0,-0.0,0.0,0.0,0.0,-0.0,0.0,0.0,-0.0,-0.0,-0.0,-0.0,-0.0,0.0,0.0,-3.2977436428689035,32.4522563571311,-10.452256357131098,-47.51025616877772
Satyr,0.5,31,33.0,-0.0,-0.0,-0.0,33.0,-3.0,-2.0,1.125,-0.0,-0.0,-3.875,29.125,0.0,-0.0,-3.802320002095855,-0.0,1.9952099397970295,0.0,0.0,-0.0,-0.0,-1.978254697546013,0.0,-0.9391758954126953,-0.0,0.0,-0.0,-0.0,0.0,0.0,-0.0,0.18481116296021058,0.1848111629602098,-0.0,-0.0,0.0,1.6633004666418816,-0.0,-0.0,-0.0,0.0,0.0,0.0,-0.0,0.0,0.0,-0.0,-0.0,-0.0,-0.0,-0.0,0.0,0.0,-2.691617862695232,26.43338213730477,4.566617862695232,14.731025363533004
Scorpion,0.0,1,4.5,-0.0,-0.0,-0.0,4.5,-1.5,-0.0,-2.625,3.5,-0.0,-0.625,3.875,0.0,-0.0,-0.0,-0.0,-3.990419879594059,0.0,0.0,-0.0,-0.0,-1.978254697546013,0.0,-0.0,-0.0,0.0,-0.0,-0.0,0.0,0.0,-0.0,0.18481116296021058,0.1848111629602098,-0.0,-0.0,0.0,1.6633004666418816,-0.0,-0.0,0.959837007058001,0.0,0.0,0.0,-0.0,0.0,0.0,-0.0,-0.0,-0.0,-0.0,-0.0,0.0,0.0,-2.9759147775197694,0.8990852224802306,0.1009147775197694,10.09147775197694
Scout,0.5,16,33.0,-0.0,-0.0,-0.0,33.0,-1.5,-0.0,-3.75,-0.0,-0.0,-5.25,27.75,0.0,-0.0,-0.0,-0.0,0.0,0.0,0.0,-0.0,-0.0,-1.978254697546013,0.0,-1.2522345272169269,-0.0,0.0,-0.0,-0.0,0.0,0.0,-0.0,0.18481116296021058,0.1848111629602098,-0.0,-0.0,0.0,1.6633004666418816,-0.0,-0.0,-0.0,0.0,0.0,0.0,-0.0,0.0,0.0,-0.0,-0.0,-0.0,-0.0,-0.0,0.0,0.0,-1.1975664322006376,26.552433567799362,-10.552433567799362,-65.95270979874601
Sea Horse,0.0,1,4.5,-0.0,-0.0,-0.0,4.5,-1.5,4.0,1.5,-0.0,-0.0,4.0,8.5,0.0,-0.0,-0.0,-0.0,-5.985629819391088,0.0,0.4781299987928741,-0.0,-0.0,-1.978254697546013,0.0,-0.0,-0.0,0.0,-0.0,-0.0,0.0,0.0,-0.0,0.18481116296021058,0.1848111629602098,-0.0,-0.0,0.0,1.6633004666418816,-0.0,-0.0,0.959837007058001,0.0,0.0,0.0,-0.0,0.0,0.0,-0.0,-0.0,-0.0,-0.0,-0.0,0.0,0.0,-4.4929947185239225,4.0070052814760775,-3.0070052814760775,-300.70052814760777
Shadow,0.5,16,33.0,-8.25,-8.25,-16.5,16.5,-0.0,-0.0,-0.75,-0.0,-0.0,-0.75,15.75,0.0,-0.0,-0.0,-0.0,1.9952099397970295,0.0,0.0,-0.0,-0.0,-1.978254697546013,0.0,-0.3130586318042317,-3.6375929917636878,7.313155763131083,-0.7064793715868897,-0.0,0.0,0.0,-0.0,0.18481116296021058,0.1848111629602098,-0.0,-0.0,0.0,1.6633004666418816,-0.0,-0.0,-0.0,0.0,0.0,0.0,-0.0,0.0,0.0,-0.0,-0.0,-0.0,-0.0,-0.0,0.0,0.0,4.705902802789592,20.45590280278959,-4.455902802789591,-27.849392517434946
Shrieker,0.0,13,4.5,-0.0,-0.0,-0.0,4.5,7.5,4.0,1.5,-0.0,-0.0,13.0,17.5,0.0,-0.0,-0.0,-0.0,-5.985629819391088,0.0,0.0,-0.0,-0.0,-0.0,0.0,-0.0,-0.0,2.742433411174156,-0.0,-0.0,0.0,0.0,-0.0,0.18481116296021058,0.1848111629602098,-0.0,-0.0,0.0,1.6633004666418816,-0.0,-0.0,-0.0,0.0,0.0,0.0,-0.0,0.0,0.0,-0.0,-0.0,-0.0,-0.0,-0.0,0.0,0.0,-1.2102736156546294,16.28972638434537,-3.2897263843453715,-25.30558757188747
Skeleton,0.25,13,19.5,-0.0,-4.875,-4.875,14.625,-3.0,-2.0,-0.375,-0.0,-0.0,-5.375,9.25,0.0,-0.0,-0.0,-0.0,0.0,0.0,0.0,-0.0,-0.0,-1.978254697546013,0.0,-0.0,-3.6375929917636878,1.8282889407827707,-0.7064793715868897,-0.0,0.0,0.0,-0.0,0.18481116296021058,0.1848111629602098,-0.0,-0.0,0.0,1.6633004666418816,-0.0,-0.0,-0.0,0.0,0.0,0.0,-0.0,0.0,0.0,-0.0,-0.0,-0.0,-0.0,-0.0,0.0,0.0,-2.461115327551518,6.788884672448482,6.211115327551518,47.77781021193475
Spider,0.0,1,4.5,-0.0,-0.0,-0.0,4.5,-3.0,-4.0,-1.125,3.5,-0.0,-4.625,-0.125,0.0,0.0,0.0,0.0,-1.9952099397970295,0.0,0.0,-0.0,-0.29410537395583314,-3.956509395092026,0.0,-0.3130586318042317,-0.0,0.0,-0.7064793715868897,0.6554395172669033,0.0,0.0,-0.0,0.18481116296021058,0.1848111629602098,-0.0,-0.0,0.0,1.6633004666418816,-0.0,-0.0,0.959837007058001,0.0,0.0,0.0,-0.0,0.0,0.0,-0.0,-0.0,-0.0,-0.0,-0.0,0.0,0.0,-3.6171633953488036,-3.7421633953488036,4.742163395348804,474.2163395348804
Sprite,0.25,2,19.5,-0.0,-0.0,-0.0,19.5,-6.0,-6.0,3.0,3.5,-2.5,-8.0,11.5,0.0,-0.0,-0.0,-0.0,-3.990419879594059,4.09249251950388,0.0,-0.0,-0.0,-3.956509395092026,0.0,-0.6261172636084634,-0.0,0.0,-0.0,-0.0,0.0,0.0,-0.0,0.18481116296021058,0.1848111629602098,-0.0,-0.0,0.0,1.6633004666418816,-0.0,-0.0,0.959837007058001,0.0,0.0,0.0,-0.0,0.0,0.0,-0.0,-0.0,-0.0,-0.0,-0.0,0.0,0.0,-1.4877942191703646,10.012205780829635,-8.012205780829635,-400.6102890414818
Steam Mephit,0.25,21,19.5,-0.0,-4.875,-4.875,14.625,1.5,2.0,-0.0,3.5,-2.5,4.5,19.125,0.0,-0.0,-0.0,-0.0,0.0,0.0,0.0,-0.0,-0.0,-3.956509395092026,0.0,-0.0,-0.0,0.9141444703913854,-0.7064793715868897,-0.0,0.0,0.0,-0.0,0.18481116296021058,0.1848111629602098,-0.0,-0.0,0.0,1.6633004666418816,-1.7896964112181388,-0.0,0.4799185035290005,0.0,0.0,0.0,-0.0,0.0,0.0,-0.0,-0.0,-0.0,-0.0,-0.0,0.0,0.0,-3.0256994114143674,16.09930058858563,4.900699411414369,23.336663863877945
Stirge,0.125,2,13.5,-0.0,-0.0,-0.0,13.5,-4.5,-4.0,-1.875,-0.0,-2.5,-12.875,0.625,0.0,-0.0,-0.0,-0.0,-3.990419879594059,4.09249251950388,0.0,-0.0,-0.0,-3.956509395092026,0.0,-0.0,-0.0,0.0,-0.7064793715868897,-0.0,0.0,0.0,-0.0,0.18481116296021058,0.1848111629602098,-0.0,-0.0,0.0,1.6633004666418816,-0.0,-0.0,0.959837007058001,0.0,0.0,0.0,-0.0,0.0,0.0,-0.0,-0.0,-0.0,-0.0,-0.0,0.0,0.0,-1.5681563271487917,-0.9431563271487917,2.9431563271487917,147.15781635743957
Swarm of Bats,0.25,22,19.5,-4.875,-0.0,-4.875,14.625,-1.5,-2.0,-0.0,-0.0,-2.5,-6.0,8.625,0.0,-0.0,-0.0,-0.0,-5.985629819391088,0.0,0.0,-0.0,-0.0,-1.978254697546013,0.0,-0.0,-0.0,7.313155763131083,-0.0,-0.0,0.0,0.0,-0.0,0.18481116296021058,0.1848111629602098,-0.0,-0.0,0.0,1.6633004666418816,-0.0,-0.0,-0.0,0.0,0.0,0.0,-0.0,0.0,0.0,-0.0,-0.0,-0.0,-0.0,-0.0,0.0,0.0,1.3821940387562837,10.007194038756284,11.992805961243716,54.51275436928962
Swarm of Beetles,0.5,22,33.0,-8.25,-0.0,-8.25,24.75,-0.0,2.0,-1.5,-0.0,-0.0,0.5,25.25,0.0,-0.0,-0.0,-0.0,-1.9952099397970295,0.0,0.0,-1.2354548565891685,-0.29410537395583314,-5.934764092638039,0.0,-0.0,-0.0,7.313155763131083,-0.0,-0.0,0.0,0.0,-0.0,0.18481116296021058,0.1848111629602098,-0.0,-0.0,0.0,1.6633004666418816,-0.0,-0.0,-0.0,0.0,0.0,0.0,-0.0,0.0,0.0,-0.0,-0.0,-0.0,-0.0,-0.0,0.0,0.0,-0.1134557072866853,25.136544292713314,-3.136544292713314,-14.257019512333244
Swarm of Centipedes,0.5,22,33.0,-8.25,-0.0,-8.25,24.75,-0.0,2.0,-1.5,-0.0,-0.0,0.5,25.25,0.0,-0.0,-0.0,-0.0,-1.9952099397970295,0.0,0.0,-0.0,-0.29410537395583314,-3.956509395092026,0.0,-0.0,-0.0,7.313155763131083,-0.0,-0.0,0.0,0.0,-0.0,0.18481116296021058,0.1848111629602098,-0.0,-0.0,0.0,1.6633004666418816,-0.0,-0.0,-0.0,0.0,0.0,0.0,-0.0,0.0,0.0,-0.0,-0.0,-5.878061090050457,-0.0,-0.0,0.0,0.0,-2.777807243201961,22.472192756798037,-0.4721927567980373,-2.1463307127183513
Swarm of Insects,0.5,22,33.0,-8.25,-0.0,-8.25,24.75,-0.0,2.0,-1.5,-0.0,-0.0,0.5,25.25,0.0,-0.0,-0.0,-0.0,-1.9952099397970295,0.0,0.0,-0.0,-0.29410537395583314,-3.956509395092026,0.0,-0.0,-0.0,7.313155763131083,-0.0,-0.0,0.0,0.0,-0.0,0.18481116296021058,0.1848111629602098,-0.0,-0.0,0.0,1.6633004666418816,-0.0,-0.0,-0.0,0.0,0.0,0.0,-0.0,0.0,0.0,-0.0,-0.0,-0.0,-0.0,-0.0,0.0,0.0,3.1002538468484957,28.350253846848496,-6.350253846848496,-28.864790212947707
Swarm of Rats,0.25,24,19.5,-4.875,-0.0,-4.875,14.625,1.5,2.0,-1.5,-0.0,-0.0,2.0,16.625,0.0,-0.0,-0.0,-0.0,0.0,0.0,0.0,-0.0,-0.0,-1.978254697546013,0.0,-0.0,-0.0,7.313155763131083,-0.7064793715868897,0.6554395172669033,0.0,0.0,-0.0,0.18481116296021058,0.1848111629602098,-0.0,-0.0,0.0,1.6633004666418816,-0.0,-0.0,-0.0,0.0,0.0,0.0,-0.0,0.0,0.0,-0.0,-0.0,-0.0,-0.0,-0.0,0.0,0.0,7.316784003827385,23.941784003827387,0.058215996172613416,0.24256665071922257
Swarm of Ravens,0.25,24,19.5,-4.875,-0.0,-4.875,14.625,-1.5,-2.0,-1.5,-0.0,-2.5,-7.5,7.125,0.0,-0.0,-0.0,-0.0,-3.990419879594059,8.18498503900776,0.0,-0.0,-0.0,-3.956509395092026,0.0,-0.0,-0.0,7.313155763131083,-0.0,-0.0,0.0,0.0,-0.0,0.18481116296021058,0.1848111629602098,-0.0,-0.0,0.0,1.6633004666418816,-0.0,-0.0,-0.0,0.0,0.0,0.0,-0.0,0.0,0.0,-0.0,-0.0,-0.0,-0.0,-0.0,0.0,0.0,9.584134320015059,16.70913432001506,7.29086567998494,30.378606999937247
Swarm of Spiders,0.5,22,33.0,-8.25,-0.0,-8.25,24.75,-0.0,2.0,-1.5,-0.0,-0.0,0.5,25.25,0.0,-0.0,-0.0,-0.0,-1.9952099397970295,0.0,0.0,-0.0,-0.29410537395583314,-3.956509395092026,0.0,-0.0,-0.0,6.399011292739698,-0.0,-0.0,0.0,0.0,-0.0,0.18481116296021058,0.1848111629602098,-0.0,-0.0,0.0,1.6633004666418816,-0.0,-0.0,-0.0,0.0,0.0,0.0,-0.0,0.0,0.0,-0.0,-0.0,-0.0,-0.0,-0.0,0.0,0.0,2.186109376457112,27.43610937645711,-5.436109376457111,-24.70958807480505
Swarm of Wasps,0.5,22,33.0,-8.25,-0.0,-8.25,24.75,-0.0,2.0,-1.5,-0.0,-2.5,-2.0,22.75,0.0,-0.0,-0.0,-0.0,-4.988024849492573,0.0,0.0,-0.0,-0.0,-3.956509395092026,0.0,-0.0,-0.0,7.313155763131083,-0.0,-0.0,0.0,0.0,-0.0,0.18481116296021058,0.1848111629602098,-0.0,-0.0,0.0,1.6633004666418816,-0.0,-0.0,-0.0,0.0,0.0,0.0,-0.0,0.0,0.0,-0.0,-0.0,-0.0,-0.0,-0.0,0.0,0.0,0.4015443111087844,23.151544311108786,-1.1515443111087862,-5.234292323221756
Thug,0.5,32,33.0,-0.0,-0.0,-0.0,33.0,1.5,-0.0,-2.25,-0.0,-0.0,-0.75,32.25,0.0,-0.0,-0.0,-0.0,0.0,0.0,0.0,-0.0,-0.0,-1.978254697546013,0.0,-0.3130586318042317,-0.0,0.0,-0.0,-0.0,0.0,0.0,-0.0,0.18481116296021058,0.1848111629602098,-0.0,-0.0,0.0,1.6633004666418816,-0.0,-0.0,-0.0,0.0,0.0,0.0,-0.0,0.0,0.0,-0.0,-2.676651702353203,-0.0,-0.0,-0.0,0.0,0.0,-2.9350422391411457,29.314957760858853,2.685042239141147,8.390756997316085
Tribal Warrior,0.125,11,13.5,-0.0,-0.0,-0.0,13.5,-1.5,-0.0,-1.125,-0.0,-0.0,-2.625,10.875,0.0,-0.0,-0.0,-0.0,0.0,0.0,0.0,-0.0,-0.0,-1.978254697546013,0.0,-0.0,-0.0,0.0,-0.0,-0.0,0.0,0.0,-0.0,0.18481116296021058,0.1848111629602098,-0.0,-0.0,0.0,1.6633004666418816,-0.0,-0.0,-0.0,0.0,0.0,0.0,-0.0,0.0,0.0,-0.0,-2.676651702353203,-0.0,-0.0,-0.0,0.0,0.0,-2.621983607336914,8.253016392663087,2.7469836073369134,24.972578248517394
Violet Fungus,0.25,18,19.5,-0.0,-0.0,-0.0,19.5,9.0,2.0,-3.0,-0.0,-0.0,8.0,27.5,0.0,-0.0,-0.0,-0.0,-4.988024849492573,0.0,0.0,-0.0,-0.0,-1.978254697546013,0.0,-0.0,-0.0,2.742433411174156,-0.0,-0.0,0.0,0.0,-0.0,0.18481116296021058,0.1848111629602098,-0.0,-0.0,0.0,1.6633004666418816,-0.0,-0.0,-0.0,0.0,0.0,0.0,-0.0,0.0,0.0,-0.0,-0.0,-0.0,-0.0,-0.0,0.0,0.0,-2.190923343302128,25.309076656697872,-7.309076656697872,-40.60598142609929
Vulture,0.0,5,4.5,-0.0,-0.0,-0.0,4.5,-0.0,-0.0,-0.375,-0.0,-2.5,-2.875,1.625,0.0,-0.0,-0.0,-0.0,-3.990419879594059,8.18498503900776,0.0,-0.0,-0.0,-3.956509395092026,0.0,-0.3130586318042317,-0.0,0.0,-0.0,-0.0,0.0,0.0,-0.0,0.18481116296021058,0.1848111629602098,-0.0,-0.0,0.0,1.6633004666418816,-0.0,-0.0,-0.0,0.0,0.0,0.0,-0.0,0.0,0.0,-0.0,-2.676651702353203,-0.0,-0.0,-0.0,0.0,0.0,-0.7187317772734563,0.9062682227265437,4.093731777273456,81.87463554546912
Warhorse,0.5,19,33.0,-0.0,-0.0,-0.0,33.0,1.5,-4.0,-6.375,-7.0,-0.0,-15.875,17.125,0.0,-0.0,-0.0,-0.0,5.985629819391088,0.0,0.0,-0.0,-0.0,-1.978254697546013,0.0,-0.0,-0.0,0.0,-0.0,-0.0,0.0,0.0,-0.0,0.18481116296021058,0.1848111629602098,-0.0,-0.0,0.0,1.6633004666418816,-0.0,-0.0,-0.4799185035290005,0.0,0.0,0.0,-0.0,0.0,0.0,-0.0,-0.0,-0.0,-0.0,-4.614946907471635,0.0,0.0,0.945432503406741,18.070432503406742,0.9295674965932577,4.892460508385567
Warhorse Skeleton,0.5,22,33.0,-0.0,-8.25,-8.25,24.75,-1.5,-4.0,-2.25,-0.0,-0.0,-7.75,17.0,0.0,-0.0,-0.0,-0.0,5.985629819391088,0.0,0.0,-0.0,-0.0,-1.978254697546013,0.0,-0.0,-3.6375929917636878,1.8282889407827707,-0.7064793715868897,-0.0,0.0,0.0,-0.0,0.18481116296021058,0.1848111629602098,-0.0,-0.0,0.0,1.6633004666418816,-0.0,-0.0,-0.4799185035290005,0.0,0.0,0.0,-0.0,0.0,0.0,-0.0,-0.0,-0.0,-0.0,-0.0,0.0,0.0,3.0445959883105695,20.04459598831057,1.9554040116894313,8.888200053133778
Weasel,0.0,1,4.5,-0.0,-0.0,-0.0,4.5,-4.5,-6.0,0.75,-0.0,-0.0,-9.75,-5.25,0.0,0.0,0.0,0.0,0.0,0.0,0.0,-0.0,-0.0,-1.978254697546013,0.0,-0.6261172636084634,-0.0,0.0,-0.0,-0.0,0.0,0.0,-0.0,0.18481116296021058,0.1848111629602098,-0.0,-0.0,0.0,1.6633004666418816,-0.0,-0.0,0.959837007058001,0.0,0.0,0.0,-0.0,0.0,0.0,-0.0,-0.0,-0.0,-0.0,-0.0,0.0,0.0,0.3883878384658268,-4.861612161534174,5.861612161534174,586.1612161534174
Wolf,0.25,11,19.5,-0.0,-0.0,-0.0,19.5,-3.0,-2.0,-1.5,-0.0,-0.0,-6.5,13.0,0.0,-0.0,-0.0,-0.0,1.9952099397970295,0.0,0.0,-0.0,-0.0,-1.978254697546013,0.0,-0.6261172636084634,-0.0,0.0,-0.0,-0.0,0.0,0.0,-0.0,0.18481116296021058,0.1848111629602098,-0.0,-0.0,0.0,1.6633004666418816,-0.0,-0.0,-0.0,0.0,0.0,0.0,-0.0,0.0,0.0,-0.0,-2.676651702353203,-0.0,-0.0,-4.614946907471635,0.0,0.0,-5.867837838619984,7.132162161380016,3.867837838619984,35.162162169272584
Worg,0.5,26,33.0,-0.0,-0.0,-0.0,33.0,-1.5,-2.0,-1.5,-3.5,-0.0,-8.5,24.5,0.0,-0.0,-0.0,-0.0,3.990419879594059,0.0,0.0,-0.0,-0.0,-1.978254697546013,0.0,-0.3130586318042317,-0.0,0.0,-0.7064793715868897,-0.0,0.0,0.0,-0.0,0.18481116296021058,0.1848111629602098,-0.0,-0.0,0.0,1.6633004666418816,-0.0,-0.0,-0.4799185035290005,0.0,0.0,0.0,-0.0,0.0,0.0,-0.0,-0.0,-0.0,-0.0,-4.614946907471635,0.0,0.0,-2.06931543978141,22.43068456021859,3.569315439781409,13.728136306851574
Zombie,0.25,22,19.5,-0.0,-4.875,-4.875,14.625,4.5,-0.0,0.375,-0.0,-0.0,4.875,19.5,0.0,-0.0,-0.0,-0.0,-1.9952099397970295,0.0,0.0,-0.0,-0.0,-1.978254697546013,6.013303706063479,-0.0,-0.0,0.9141444703913854,-0.7064793715868897,-0.0,0.0,0.0,-0.0,0.18481116296021058,0.1848111629602098,-0.0,-0.0,0.0,1.6633004666418816,-0.0,-0.0,-0.0,0.0,0.0,0.0,-0.0,0.0,0.0,-0.0,-0.0,-0.0,-0.0,-0.0,0.0,0.0,4.280426960087235,23.780426960087233,-1.7804269600872331,-8.092849818578332
Animated Armor,1.0,33,49.5,-0.0,-12.375,-12.375,37.125,-15.0,3.0,1.0,-0.0,-0.0,-11.0,26.125,0.0,-0.0,-0.0,0.0,-0.37160423300468604,0.0,0.0,-0.0,-0.0,-1.3088840586792871,0.0,-0.0,0.0,-3.4313136291134794,0.0,0.0,-2.9026671301848963,0.0,-0.0,-0.4385342808791222,-0.4385342808791171,-0.0,0.0,0.0,-3.946808527912049,0.0,-0.0,0.0,0.0,-0.0,0.0,0.0,-0.0,0.0,-0.0,-3.937854921217862,-0.0,-0.0,0.0,0.0,0.0,-16.7762010618705,9.348798938129502,23.6512010618705,71.67030624809242
Ankheg,2.0,39,54.0,-0.0,-0.0,-0.0,54.0,-2.5,-0.0,3.5,-0.0,-0.0,1.0,55.0,0.0,-0.0,-0.0,0.0,0.0,0.0,0.0,-10.94821487526841,-0.0,-2.6177681173585743,0.0,-0.0,0.0,-0.0,0.0,0.0,-0.0,0.0,-1.81583727457109,-0.4385342808791222,-0.4385342808791171,-0.0,0.0,0.0,-3.946808527912049,0.0,-0.0,4.446588265711567,0.0,-0.2408357849711399,0.0,0.0,-0.0,0.0,-0.0,-0.0,-0.0,-0.0,0.0,0.0,0.0,-15.999944876127936,39.000055123872066,-5.5123872066076274e-05,-0.00014134326170788788
Awakened Tree,2.0,59,54.0,-6.75,-0.0,-6.75,47.25,-0.0,-3.0,2.5,-0.0,-0.0,-0.5,46.75,0.0,-0.0,-0.0,0.0,-0.7432084660093721,0.0,0.0,-0.0,-0.0,-1.3088840586792871,0.0,-0.0,19.478978370710713,-0.0,0.0,0.0,-0.0,0.0,-0.0,-0.4385342808791222,-0.4385342808791171,-0.0,0.0,0.0,-3.946808527912049,0.0,-0.0,8.893176531423133,0.0,-0.0,0.0,0.0,-0.0,0.0,-0.0,-0.0,-0.0,-0.0,0.0,0.0,0.0,21.4961852877749,68.24618528777489,-9.246185287774892,-15.671500487754056
Azer,2.0,39,54.0,-0.0,-13.5,-13.5,40.5,-10.0,-0.0,6.0,-0.0,-0.0,-4.0,36.5,0.0,-0.0,-0.0,0.0,0.0,0.0,0.0,-0.0,-0.0,-1.3088840586792871,3.6695493890101125,-0.0,0.0,-0.4289142036391849,0.0,0.0,-0.0,0.0,-0.0,-0.4385342808791222,-0.4385342808791171,-0.0,0.0,0.0,-3.946808527912049,0.0,-0.0,0.0,0.0,-0.0,0.0,0.0,-0.0,0.0,-0.0,-0.0,-0.0,-0.0,0.0,0.0,0.0,-2.8921259629786484,33.607874037021354,5.392125962978646,13.825964007637554
Bandit Captain,2.0,65,54.0,-0.0,-0.0,-0.0,54.0,-5.0,-0.0,-1.5,-0.0,-0.0,-6.5,47.5,0.0,-0.0,-0.0,0.0,0.0,0.0,0.0,-0.0,-0.0,-1.3088840586792871,11.008648167030337,-4.283163978843956,0.0,-0.0,0.0,0.0,-0.0,0.0,-0.0,-0.4385342808791222,-0.4385342808791171,-0.0,0.0,0.0,-3.946808527912049,0.0,-0.0,0.0,0.0,-0.0,0.0,0.0,-0.0,0.0,-0.0,-0.0,-0.0,-0.0,0.0,0.0,0.0,0.5927230398368062,48.092723039836805,16.907276960163195,26.01119532332799
Basilisk,3.0,52,78.0,-0.0,-0.0,-0.0,78.0,-5.0,-0.0,6.0,5.0,-0.0,6.0,84.0,0.0,-0.0,-0.0,0.0,-0.7432084660093721,0.0,0.0,-0.0,-0.0,-1.3088840586792871,0.0,-0.0,0.0,-0.0,0.0,0.0,-0.0,0.0,-0.0,-0.4385342808791222,-0.4385342808791171,-0.0,0.0,0.0,-3.946808527912049,0.0,-0.0,0.0,0.0,-0.0,0.0,0.0,-0.0,0.0,-0.0,-3.937854921217862,-0.0,-21.18590826389382,0.0,0.0,0.0,-31.999732799470628,52.00026720052937,-0.0002672005293717916,-0.00051384717186883
Bearded Devil,3.0,52,78.0,-9.75,-19.5,-29.25,48.75,-0.0,-0.0,8.0,5.0,-0.0,13.0,61.75,0.0,-0.0,-13.024918786235064,0.0,0.0,0.0,0.0,-0.0,-0.0,-1.3088840586792871,11.008648167030337,-0.0,0.0,-0.4289142036391849,0.0,6.952727138366372,-0.0,0.0,-0.0,-0.4385342808791222,-0.4385342808791171,-0.0,0.0,0.0,-3.946808527912049,0.0,-0.0,0.0,0.0,-0.0,0.0,0.0,-0.0,0.0,-5.4214809054741195,-0.0,-0.0,-0.0,0.0,0.0,0.0,-7.0466997383012355,54.703300261698764,-2.7033002616987645,-5.198654349420702
Berserker,2.0,67,54.0,-0.0,-0.0,-0.0,54.0,-0.0,-0.0,7.5,-0.0,-0.0,7.5,61.5,0.0,-0.0,-0.0,0.0,0.0,0.0,0.0,-0.0,-0.0,-1.3088840586792871,0.0,-0.0,0.0,-0.0,0.0,0.0,-0.0,0.0,-0.0,-0.4385342808791222,-0.4385342808791171,-0.0,0.0,0.0,-3.946808527912049,0.0,-0.0,0.0,0.0,-0.2408357849711399,0.0,0.0,-0.0,0.0,-0.0,-0.0,-0.0,-0.0,0.0,0.0,0.0,-6.373596933320716,55.12640306667929,11.873596933320712,17.721786467642854
Black Dragon Wyrmling,2.0,33,54.0,-0.0,-13.5,-13.5,40.5,-10.0,3.0,7.0,10.0,-4.0,6.0,46.5,0.0,-0.0,-0.0,0.0,0.0,2.8390043367747184,5.709422427542263,-0.0,-0.0,-3.926652176037862,14.67819755604045,-4.283163978843956,0.0,-0.0,0.0,0.0,-2.9026671301848963,0.0,-0.0,-0.4385342808791222,-0.4385342808791171,-0.0,0.0,0.0,-3.946808527912049,0.0,-0.0,0.0,0.0,-0.0,0.0,0.0,-0.0,0.0,-0.0,-0.0,-0.0,-0.0,0.0,0.0,0.0,7.290263945620429,53.79026394562043,-20.79026394562043,-63.00079983521343
Black Pudding,4.0,85,100.8,-0.0,-25.2,-25.2,75.6,17.5,3.0,3.5,-0.0,-0.0,24.0,99.6,0.0,-0.0,-0.0,0.0,-0.7432084660093721,0.0,0.0,-0.0,-8.619409196974372,-2.6177681173585743,0.0,-0.0,0.0,-2.57348522183511,0.0,0.0,-2.9026671301848963,0.0,-0.0,-0.4385342808791222,-0.4385342808791171,-0.0,0.0,0.0,-3.946808527912049,0.0,-0.0,4.446588265711567,0.0,-0.0,0.0,0.0,-0.0,0.0,-0.0,-0.0,-0.0,-0.0,0.0,0.0,0.0,-17.833826956321047,81.76617304367895,3.233826956321053,3.80450230155418
Blue Dragon Wyrmling,3.0,52,78.0,-0.0,-19.5,-19.5,58.5,-10.0,-0.0,11.0,5.0,-4.0,2.0,60.5,0.0,-0.0,-0.0,0.0,0.0,2.8390043367747184,0.0,-16.422322312902615,-0.0,-3.926652176037862,14.67819755604045,-4.283163978843956,0.0,-0.0,0.0,0.0,-2.9026671301848963,0.0,-0.0,-0.4385342808791222,-0.4385342808791171,-0.0,0.0,0.0,-3.946808527912049,0.0,-0.0,0.0,0.0,-0.0,0.0,0.0,-0.0,0.0,-0.0,-0.0,-0.0,-0.0,0.0,0.0,0.0,-14.841480794824452,45.65851920517555,6.341480794824449,12.195155374662402
Brass Dragon Wyrmling,1.0,16,49.5,-0.0,-12.375,-12.375,37.125,-10.0,3.0,4.5,5.0,-4.0,-1.5,35.625,0.0,-0.0,-0.0,0.0,0.0,2.8390043367747184,0.0,-16.422322312902615,-0.0,-3.926652176037862,14.67819755604045,-4.283163978843956,0.0,-0.0,0.0,0.0,-2.9026671301848963,0.0,-0.0,-0.4385342808791222,-0.4385342808791171,-0.0,0.0,0.0,-3.946808527912049,0.0,-0.0,0.0,0.0,-0.0,0.0,0.0,-0.0,0.0,-0.0,-0.0,-0.0,-0.0,0.0,0.0,0.0,-14.841480794824452,20.783519205175548,-4.783519205175548,-29.896995032347174
Bronze Dragon Wyrmling,2.0,32,54.0,-0.0,-13.5,-13.5,40.5,-10.0,-0.0,8.5,5.0,-4.0,-0.5,40.0,0.0,-0.0,-0.0,0.0,0.0,2.8390043367747184,5.709422427542263,-0.0,-0.0,-3.926652176037862,14.67819755604045,-4.283163978843956,0.0,-0.0,0.0,0.0,-2.9026671301848963,0.0,-0.0,-0.4385342808791222,-0.4385342808791171,-0.0,0.0,0.0,-3.946808527912049,0.0,-0.0,0.0,0.0,-0.0,0.0,0.0,-0.0,0.0,-0.0,-0.0,-0.0,-0.0,0.0,0.0,0.0,7.290263945620429,47.29026394562043,-15.290263945620431,-47.78207483006385
Brown Bear,1.0,34,49.5,-0.0,-0.0,-0.0,49.5,2.5,-0.0,-7.5,-0.0,-0.0,-5.0,44.5,0.0,-0.0,-0.0,0.0,0.7432084660093721,0.0,0.0,-0.0,-12.929113795461559,-2.6177681173585743,0.0,-2.141581989421978,0.0,-0.0,0.0,0.0,-0.0,0.0,-0.0,-0.4385342808791222,-0.4385342808791171,-0.0,0.0,0.0,-3.946808527912049,0.0,-0.0,4.446588265711567,0.0,-0.0,0.0,0.0,-0.0,0.0,-0.0,-0.0,-0.0,-0.0,0.0,0.0,0.0,-17.32254426019146,27.17745573980854,6.82254426019146,20.066306647621943
Bugbear,1.0,27,49.5,-0.0,-0.0,-0.0,49.5,-10.0,3.0,1.0,-0.0,-0.0,-6.0,43.5,0.0,-0.0,-0.0,0.0,0.0,0.0,0.0,-0.0,-0.0,-1.3088840586792871,0.0,-4.283163978843956,0.0,-0.0,0.0,0.0,-0.0,0.0,-0.0,-0.4385342808791222,-0.4385342808791171,-0.0,0.0,0.0,-3.946808527912049,0.0,-0.0,0.0,0.0,-0.0,0.0,0.0,-0.0,0.0,-0.0,-0.0,-0.0,-0.0,0.0,0.0,0.0,-10.415925127193532,33.08407487280647,-6.084074872806468,-22.53361064002396
Centaur,2.0,45,54.0,-0.0,-0.0,-0.0,54.0,2.5,-3.0,-16.5,-0.0,-0.0,-17.0,37.0,0.0,-0.0,-0.0,0.0,1.4864169320187441,0.0,0.0,-0.0,-0.0,-1.3088840586792871,0.0,-6.424745968265935,0.0,-0.0,0.0,0.0,-0.0,0.0,-0.0,-0.4385342808791222,-0.4385342808791171,-0.0,0.0,0.0,-3.946808527912049,0.0,-0.0,4.446588265711567,0.0,-0.0,0.0,0.0,-0.0,0.0,-0.0,-0.0,-0.0,-0.0,0.0,0.0,0.0,-6.6245019188851995,30.3754980811148,14.624501918885201,32.49889315307822
Chuul,4.0,93,100.8,-0.0,-25.2,-25.2,75.6,-5.0,-0.0,6.0,-0.0,-0.0,1.0,76.6,0.0,-0.0,-0.0,0.0,0.0,0.0,5.709422427542263,-0.0,-0.0,-2.6177681173585743,0.0,-2.141581989421978,0.0,-0.4289142036391849,0.0,0.0,-0.0,0.0,-0.0,-0.4385342808791222,-0.4385342808791171,-0.0,0.0,0.0,-3.946808527912049,0.0,-0.0,4.446588265711567,0.0,-0.0,0.0,0.0,-0.0,0.0,-0.0,-0.0,-6.880465272585441,-0.0,0.0,0.0,0.0,-6.7365959794216375,69.86340402057836,23.136595979421642,24.878060192926498
Copper Dragon Wyrmling,1.0,22,49.5,-0.0,-12.375,-12.375,37.125,-10.0,3.0,4.5,5.0,-4.0,-1.5,35.625,0.0,-0.0,-0.0,0.0,0.0,2.8390043367747184,0.0,-0.0,-12.929113795461559,-3.926652176037862,14.67819755604045,-4.283163978843956,0.0,-0.0,0.0,0.0,-2.9026671301848963,0.0,-0.0,-0.4385342808791222,-0.4385342808791171,-0.0,0.0,0.0,-3.946808527912049,0.0,-0.0,0.0,0.0,-0.0,0.0,0.0,-0.0,0.0,-0.0,-0.0,-0.0,-0.0,0.0,0.0,0.0,-11.348272277383394,24.276727722616606,-2.276727722616606,-10.348762375530027
Couatl,4.0,97,100.8,-12.6,-25.2,-37.8,63.0,-12.5,-6.0,18.0,-5.0,-4.0,-9.5,53.5,0.0,-0.0,-0.0,0.0,0.0,7.0975108419367965,0.0,-0.0,-0.0,-2.6177681173585743,11.008648167030337,-0.0,0.0,-0.0,0.0,0.0,-0.0,0.0,-0.0,-0.4385342808791222,-0.4385342808791171,-0.0,0.0,0.0,-3.946808527912049,0.0,-0.0,0.0,0.0,-0.0,0.0,0.0,-0.0,0.0,-0.0,-0.0,-0.0,-0.0,0.0,0.0,0.0,10.66451380193827,64.16451380193827,32.83548619806173,33.85101669903271
Cult Fanatic,2.0,33,54.0,-0.0,-0.0,-0.0,54.0,-0.0,3.0,8.0,10.0,-0.0,21.0,75.0,0.0,-0.0,-0.0,0.0,0.0,0.0,0.0,-0.0,-0.0,-1.3088840586792871,0.0,-6.424745968265935,0.0,-0.0,0.0,0.0,-0.0,0.0,-0.0,-0.4385342808791222,-0.4385342808791171,-0.0,0.0,0.0,-3.946808527912049,0.0,-27.050772842105058,0.0,0.0,-0.0,0.0,0.0,-11.308815662713263,0.0,-5.4214809054741195,-0.0,-0.0,-0.0,0.0,0.0,0.0,-56.33857652690795,18.66142347309205,14.33857652690795,43.45023189972106
Death Dog,1.0,39,49.5,-0.0,-0.0,-0.0,49.5,-0.0,3.0,1.0,-0.0,-0.0,4.0,53.5,0.0,-0.0,-0.0,0.0,0.7432084660093721,0.0,0.0,-0.0,-0.0,-1.3088840586792871,0.0,-4.283163978843956,0.0,-0.0,0.0,6.952727138366372,-0.0,0.0,-0.0,-0.4385342808791222,-0.4385342808791171,-0.0,0.0,0.0,-3.946808527912049,0.0,-0.0,0.0,0.0,-0.0,0.0,0.0,-11.308815662713263,0.0,-5.4214809054741195,-0.0,-0.0,-0.0,0.0,0.0,0.0,-19.450286091005168,34.04971390899483,4.950286091005168,12.693041258987611
Dire Wolf,1.0,37,49.5,-0.0,-0.0,-0.0,49.5,-5.0,-0.0,2.0,-5.0,-0.0,-8.0,41.5,0.0,-0.0,-0.0,0.0,1.4864169320187441,0.0,0.0,-0.0,-0.0,-1.3088840586792871,0.0,-4.283163978843956,0.0,-0.0,0.0,0.0,-0.0,0.0,-0.0,-0.4385342808791222,-0.4385342808791171,-0.0,0.0,0.0,-3.946808527912049,0.0,-0.0,4.446588265711567,0.0,-0.2408357849711399,0.0,0.0,-0.0,0.0,-0.0,-3.937854921217862,-0.0,-0.0,0.0,0.0,0.0,-8.661610635652224,32.838389364347776,4.161610635652224,11.247596312573577
Doppelganger,3.0,52,78.0,-0.0,-0.0,-0.0,78.0,-2.5,-3.0,8.0,-0.0,-0.0,2.5,80.5,0.0,-0.0,-0.0,0.0,0.0,0.0,0.0,-0.0,-0.0,-1.3088840586792871,0.0,-4.283163978843956,0.0,-0.4289142036391849,0.0,0.0,-0.0,0.0,-0.0,-0.4385342808791222,-0.4385342808791171,-0.0,0.0,0.0,-3.946808527912049,0.0,-0.0,0.0,0.0,-0.2408357849711399,0.0,0.0,-0.0,0.0,-0.0,-0.0,-0.0,-0.0,0.0,0.0,0.0,-11.085675115803856,69.41432488419615,-17.414324884196148,-33.489086315761824
Druid,2.0,27,54.0,-0.0,-0.0,-0.0,54.0,5.0,3.0,10.5,5.0,-0.0,23.5,77.5,0.0,-0.0,-0.0,0.0,0.0,0.0,0.0,-0.0,-0.0,-1.3088840586792871,0.0,-6.424745968265935,0.0,-0.0,0.0,0.0,-0.0,0.0,-0.0,-0.4385342808791222,-0.4385342808791171,-0.0,0.0,0.0,-3.946808527912049,0.0,-27.050772842105058,0.0,0.0,-0.0,0.0,0.0,-0.0,0.0,-0.0,-0.0,-0.0,-0.0,0.0,0.0,0.0,-39.608279958720566,37.891720041279434,-10.891720041279434,-40.339703856590496
Dryad,1.0,22,49.5,-0.0,-0.0,-0.0,49.5,2.5,-3.0,3.5,-10.0,-0.0,-7.0,42.5,0.0,-0.0,-8.964519002671908,0.0,0.0,0.0,0.0,-0.0,-0.0,-1.3088840586792871,0.0,-4.283163978843956,0.0,-0.0,0.0,0.0,-0.0,0.0,-0.0,-0.4385342808791222,-0.4385342808791171,-0.0,0.0,0.0,-3.946808527912049,0.0,-0.0,0.0,0.0,-0.0,0.0,0.0,-11.308815662713263,0.0,-0.0,-0.0,-0.0,-0.0,0.0,0.0,0.0,-30.689259792578703,11.810740207421297,10.189259792578703,46.3148172389941
Duergar,1.0,26,49.5,-6.1875,-0.0,-6.1875,43.3125,-10.0,3.0,5.5,-0.0,-0.0,-1.5,41.8125,0.0,-0.0,-0.0,0.0,-0.37160423300468604,0.0,0.0,-0.0,-0.0,-1.3088840586792871,0.0,-0.0,0.0,-0.0,0.0,6.952727138366372,-0.0,0.0,-0.0,-0.4385342808791222,-0.4385342808791171,-0.0,0.0,0.0,-3.946808527912049,0.0,-0.0,0.0,0.0,-0.0,0.0,0.0,-11.308815662713263,0.0,-0.0,-0.0,-6.880465272585441,-0.0,0.0,0.0,0.0,-17.740919178286596,24.071580821713404,1.928419178286596,7.41699683956383
Elephant,4.0,76,100.8,-0.0,-0.0,-0.0,100.8,5.0,-6.0,-5.75,10.0,-0.0,3.25,104.05,0.0,-0.0,-0.0,0.0,0.7432084660093721,0.0,0.0,-0.0,-0.0,-1.3088840586792871,0.0,-0.0,0.0,-0.0,0.0,0.0,-0.0,0.0,-0.0,-0.4385342808791222,-0.4385342808791171,-0.0,0.0,0.0,-3.946808527912049,0.0,-0.0,8.893176531423133,0.0,-0.0,0.0,0.0,-0.0,0.0,-0.0,-0.0,-0.0,-0.0,0.0,0.0,0.0,3.5036238490829303,107.55362384908292,-31.553623849082925,-41.51792611721438
Ettercap,2.0,44,54.0,-0.0,-0.0,-0.0,54.0,-0.0,3.0,-1.0,10.0,-0.0,12.0,66.0,0.0,-0.0,-0.0,0.0,0.0,0.0,0.0,-0.0,-12.929113795461559,-2.6177681173585743,0.0,-6.424745968265935,0.0,-0.0,0.0,0.0,-0.0,0.0,-0.0,-0.4385342808791222,-0.4385342808791171,-0.0,0.0,0.0,-3.946808527912049,0.0,-0.0,0.0,0.0,-0.0,0.0,0.0,-0.0,0.0,-0.0,-0.0,-0.0,-0.0,0.0,0.0,0.0,-26.795504970756355,39.204495029243645,4.795504970756355,10.89887493353717
Ettin,4.0,85,100.8,-0.0,-0.0,-0.0,100.8,5.0,-3.0,-0.0,-0.0,-0.0,2.0,102.8,0.0,-0.0,-0.0,0.0,0.7432084660093721,0.0,0.0,-0.0,-0.0,-1.3088840586792871,0.0,-2.141581989421978,0.0,-0.0,0.0,0.0,-0.0,0.0,-0.0,-0.4385342808791222,-0.4385342808791171,-0.0,0.0,0.0,-3.946808527912049,0.0,-0.0,4.446588265711567,0.0,-0.0,0.0,0.0,-11.308815662713263,0.0,-5.4214809054741195,-0.0,-0.0,-0.0,0.0,0.0,0.0,-19.814842974237997,82.98515702576199,2.0148429742380074,2.370403499103538
Gargoyle,2.0,52,54.0,-6.75,-13.5,-20.25,33.75,-5.0,3.0,6.0,-0.0,-4.0,0.0,33.75,0.0,-0.0,-0.0,0.0,0.0,2.8390043367747184,0.0,-0.0,-0.0,-2.6177681173585743,0.0,-0.0,0.0,-1.286742610917555,0.0,0.0,-0.0,0.0,-0.0,-0.4385342808791222,-0.4385342808791171,-0.0,0.0,0.0,-3.946808527912049,0.0,-0.0,0.0,0.0,-0.0,0.0,0.0,-0.0,0.0,-0.0,-0.0,-0.0,-0.0,0.0,0.0,0.0,-5.889383481171699,27.8606165188283,24.1393834811717,46.42189130994557
Gelatinous Cube,2.0,84,54.0,-0.0,-0.0,-0.0,54.0,17.5,3.0,6.5,-10.0,-0.0,17.0,71.0,0.0,-0.0,-0.0,0.0,-1.1148126990140583,0.0,0.0,-0.0,-0.0,-1.3088840586792871,0.0,-0.0,0.0,-2.57348522183511,0.0,0.0,-2.9026671301848963,0.0,-0.0,-0.4385342808791222,-0.4385342808791171,-0.0,0.0,0.0,-3.946808527912049,0.0,-0.0,4.446588265711567,0.0,-0.0,0.0,0.0,-0.0,0.0,-0.0,-0.0,-0.0,-0.0,0.0,0.0,0.0,-8.277137933672075,62.72286206632793,21.277137933672073,25.32992611151437
Ghast,2.0,36,54.0,-6.75,-13.5,-20.25,33.75,-0.0,-0.0,5.0,15.0,-0.0,20.0,53.75,0.0,-0.0,-0.0,0.0,0.0,0.0,0.0,-0.0,-0.0,-1.3088840586792871,0.0,-0.0,0.0,-1.286742610917555,0.0,0.0,-0.0,0.0,-0.0,-0.4385342808791222,-0.4385342808791171,-0.0,0.0,0.0,-3.946808527912049,0.0,-0.0,0.0,0.0,-0.0,0.0,0.0,-0.0,0.0,-0.0,-0.0,-6.880465272585441,-0.0,0.0,0.0,0.0,-14.299969031852573,39.45003096814743,-3.4500309681474306,-9.583419355965086
Ghost,4.0,45,100.8,-12.6,-25.2,-37.8,63.0,7.5,3.0,11.0,5.0,-4.0,22.5,85.5,0.0,-0.0,-0.0,0.0,-2.2296253980281167,0.0,0.0,-0.0,-0.0,-1.3088840586792871,0.0,-0.0,0.0,-3.8602278327526647,0.0,0.0,-0.0,0.0,-0.0,-0.4385342808791222,-0.4385342808791171,-0.0,0.0,0.0,-3.946808527912049,0.0,-0.0,0.0,0.0,-0.0,0.0,0.0,-11.308815662713263,0.0,-5.4214809054741195,-3.937854921217862,-0.0,-0.0,0.0,0.0,0.0,-32.890765868535595,52.609234131464405,-7.6092341314644045,-16.90940918103201
Ghoul,1.0,22,49.5,-0.0,-12.375,-12.375,37.125,-0.0,3.0,3.0,10.0,-0.0,16.0,53.125,0.0,-0.0,-0.0,0.0,0.0,0.0,0.0,-0.0,-0.0,-1.3088840586792871,0.0,-0.0,0.0,-1.286742610917555,0.0,0.0,-0.0,0.0,-0.0,-0.4385342808791222,-0.4385342808791171,-0.0,0.0,0.0,-3.946808527912049,0.0,-0.0,0.0,0.0,-0.0,0.0,0.0,-0.0,0.0,-0.0,-0.0,-6.880465272585441,-0.0,0.0,0.0,0.0,-14.299969031852573,38.82503096814743,-16.82503096814743,-76.47741349157923
Giant Boar,2.0,42,54.0,-0.0,-0.0,-0.0,54.0,2.5,-0.0,7.0,-0.0,-0.0,9.5,63.5,0.0,-0.0,-0.0,0.0,0.7432084660093721,0.0,0.0,-0.0,-0.0,-1.3088840586792871,0.0,-0.0,0.0,-0.0,0.0,0.0,-0.0,0.0,-0.0,-0.4385342808791222,-0.4385342808791171,-0.0,0.0,0.0,-3.946808527912049,0.0,-0.0,4.446588265711567,0.0,-0.0,0.0,0.0,-0.0,0.0,-0.0,-0.0,-0.0,-0.0,0.0,0.0,0.0,-0.9429644166286373,62.55703558337136,-20.55703558337136,-48.94532281755086
Giant Constrictor Snake,2.0,60,54.0,-0.0,-0.0,-0.0,54.0,2.5,-3.0,4.0,-15.0,-0.0,-11.5,42.5,0.0,-0.0,-0.0,0.0,0.0,0.0,5.709422427542263,-0.0,-0.0,-2.6177681173585743,0.0,-2.141581989421978,0.0,-0.0,0.0,0.0,-2.9026671301848963,0.0,-0.0,-0.4385342808791222,-0.4385342808791171,-0.0,0.0,0.0,-3.946808527912049,0.0,-0.0,8.893176531423133,0.0,-0.0,0.0,0.0,-0.0,0.0,-0.0,-0.0,-0.0,-0.0,0.0,0.0,0.0,2.1167046323296583,44.61670463232966,15.383295367670343,25.638825612783904
Giant Eagle,1.0,26,49.5,-0.0,-0.0,-0.0,49.5,-2.5,-0.0,-4.5,-0.0,-4.0,-11.0,38.5,0.0,-0.0,-0.0,0.0,-1.4864169320187441,5.678008673549437,0.0,-0.0,-0.0,-2.6177681173585743,0.0,-2.141581989421978,0.0,-0.0,0.0,0.0,-0.0,0.0,-0.0,-0.4385342808791222,-0.4385342808791171,-0.0,0.0,0.0,-3.946808527912049,0.0,-0.0,4.446588265711567,0.0,-0.0,0.0,0.0,-0.0,0.0,-0.0,-0.0,-0.0,-0.0,0.0,0.0,0.0,-0.9450471892085814,37.55495281079142,-11.55495281079142,-44.44212619535162
Giant Elk,2.0,42,54.0,-0.0,-0.0,-0.0,54.0,-2.5,-3.0,-5.0,-5.0,-0.0,-15.5,38.5,0.0,-0.0,-0.0,0.0,2.2296253980281167,0.0,0.0,-0.0,-0.0,-1.3088840586792871,0.0,-2.141581989421978,0.0,-0.0,0.0,0.0,-0.0,0.0,-0.0,-0.4385342808791222,-0.4385342808791171,-0.0,0.0,0.0,-3.946808527912049,0.0,-0.0,8.893176531423133,0.0,-0.0,0.0,0.0,-0.0,0.0,-0.0,-0.0,-0.0,-0.0,0.0,0.0,0.0,2.848458791679696,41.3484587916797,0.6515412083203032,1.551288591238817
Giant Hyena,1.0,45,49.5,-0.0,-0.0,-0.0,49.5,-0.0,-0.0,-0.5,-0.0,-0.0,-0.5,49.0,0.0,-0.0,-0.0,0.0,1.4864169320187441,0.0,0.0,-0.0,-0.0,-1.3088840586792871,0.0,-2.141581989421978,0.0,-0.0,0.0,0.0,-0.0,0.0,-0.0,-0.4385342808791222,-0.4385342808791171,-0.0,0.0,0.0,-3.946808527912049,0.0,-0.0,4.446588265711567,0.0,-0.0,0.0,0.0,-0.0,0.0,-0.0,-0.0,-0.0,-0.0,0.0,0.0,0.0,-2.341337940041243,46.65866205995876,-1.6586620599587576,-3.6859156887972393
Giant Octopus,1.0,52,49.5,-0.0,-0.0,-0.0,49.5,2.5,-0.0,2.0,-20.0,-0.0,-15.5,34.0,0.0,-0.0,-0.0,0.0,-1.4864169320187441,0.0,11.418844855084526,-0.0,-0.0,-2.6177681173585743,0.0,-4.283163978843956,0.0,-0.0,0.0,0.0,-0.0,0.0,-0.0,-0.4385342808791222,-0.4385342808791171,-0.0,0.0,0.0,-3.946808527912049,0.0,-0.0,4.446588265711567,0.0,-0.0,0.0,0.0,-0.0,0.0,-0.0,-0.0,-0.0,-0.0,0.0,0.0,0.0,2.6542070029045295,36.65420700290453,15.345792997095472,29.511140379029754
Giant Scorpion,3.0,52,78.0,-0.0,-0.0,-0.0,78.0,-5.0,3.0,-8.5,5.0,-0.0,-5.5,72.5,0.0,-0.0,-0.0,0.0,0.7432084660093721,0.0,0.0,-0.0,-0.0,-1.3088840586792871,0.0,-0.0,0.0,-0.0,0.0,0.0,-2.9026671301848963,0.0,-0.0,-0.4385342808791222,-0.4385342808791171,-0.0,0.0,0.0,-3.946808527912049,0.0,-0.0,4.446588265711567,0.0,-0.0,0.0,0.0,-0.0,0.0,-0.0,-0.0,-0.0,-0.0,0.0,0.0,0.0,-3.845631546813534,68.65436845318646,-16.654368453186464,-32.027631640743195
Giant Spider,1.0,26,49.5,-0.0,-0.0,-0.0,49.5,-5.0,-0.0,-4.5,-0.0,-0.0,-9.5,40.0,0.0,-0.0,-0.0,0.0,0.0,0.0,0.0,-0.0,-12.929113795461559,-2.6177681173585743,0.0,-2.141581989421978,0.0,-0.0,0.0,0.0,-2.9026671301848963,0.0,-0.0,-0.4385342808791222,-0.4385342808791171,-0.0,0.0,0.0,-3.946808527912049,0.0,-0.0,4.446588265711567,0.0,-0.0,0.0,0.0,-0.0,0.0,-0.0,-0.0,-6.880465272585441,-0.0,0.0,0.0,0.0,-27.84888512897117,12.151114871028831,13.848885128971169,53.26494280373526
Giant Toad,1.0,39,49.5,-0.0,-0.0,-0.0,49.5,2.5,3.0,-1.0,-5.0,-0.0,-0.5,49.0,0.0,-0.0,-0.0,0.0,-0.7432084660093721,0.0,7.612563236723018,-0.0,-0.0,-2.6177681173585743,0.0,-0.0,0.0,-0.0,0.0,-3.476363569183186,-0.0,0.0,-0.0,-0.4385342808791222,-0.4385342808791171,-0.0,0.0,0.0,-3.946808527912049,0.0,-0.0,4.446588265711567,0.0,-0.0,0.0,0.0,-0.0,0.0,-0.0,-0.0,-0.0,-0.0,0.0,0.0,0.0,0.3979342602131637,49.39793426021316,-10.397934260213162,-26.661369897982468
Giant Vulture,1.0,22,49.5,-0.0,-0.0,-0.0,49.5,5.0,3.0,-4.0,-0.0,-4.0,0.0,49.5,0.0,-0.0,-0.0,0.0,-1.4864169320187441,2.8390043367747184,0.0,-0.0,-0.0,-2.6177681173585743,0.0,-2.141581989421978,0.0,-0.0,0.0,0.0,-0.0,0.0,-0.0,-0.4385342808791222,-0.4385342808791171,-0.0,0.0,0.0,-3.946808527912049,0.0,-0.0,4.446588265711567,0.0,-0.2408357849711399,0.0,0.0,-0.0,0.0,-0.0,-3.937854921217862,-0.0,-0.0,0.0,0.0,0.0,-7.962742232172301,41.5372577678277,-19.537257767827697,-88.80571712648954
Gibbering Mouther,2.0,67,54.0,-0.0,-0.0,-0.0,54.0,10.0,9.0,-18.0,-0.0,-0.0,1.0,55.0,0.0,-0.0,-0.0,0.0,-1.4864169320187441,0.0,1.9031408091807545,-0.0,-0.0,-2.6177681173585743,0.0,-0.0,0.0,-0.4289142036391849,0.0,0.0,-0.0,0.0,-0.0,-0.4385342808791222,-0.4385342808791171,-0.0,0.0,0.0,-3.946808527912049,0.0,-0.0,0.0,0.0,-0.0,0.0,0.0,-0.0,0.0,-0.0,-3.937854921217862,-0.0,-0.0,0.0,0.0,0.0,-11.3916904547239,43.6083095452761,23.3916904547239,34.91297082794612
Gold Dragon Wyrmling,3.0,60,78.0,-0.0,-19.5,-19.5,58.5,-10.0,-3.0,13.5,-0.0,-4.0,-3.5,55.0,0.0,-0.0,-0.0,0.0,0.0,2.8390043367747184,5.709422427542263,-0.0,-0.0,-3.926652176037862,14.67819755604045,-4.283163978843956,0.0,-0.0,0.0,0.0,-2.9026671301848963,0.0,-0.0,-0.4385342808791222,-0.4385342808791171,-0.0,0.0,0.0,-3.946808527912049,0.0,-0.0,0.0,0.0,-0.0,0.0,0.0,-0.0,0.0,-0.0,-0.0,-0.0,-0.0,0.0,0.0,0.0,7.290263945620429,62.29026394562043,-2.2902639456204312,-3.8171065760340523
Green Dragon Wyrmling,2.0,38,54.0,-0.0,-13.5,-13.5,40.5,-10.0,3.0,6.0,10.0,-4.0,5.0,45.5,0.0,-0.0,-0.0,0.0,0.0,2.8390043367747184,5.709422427542263,-0.0,-0.0,-3.926652176037862,14.67819755604045,-4.283163978843956,0.0,-0.4289142036391849,0.0,0.0,-2.9026671301848963,0.0,-0.0,-0.4385342808791222,-0.4385342808791171,-0.0,0.0,0.0,-3.946808527912049,0.0,-0.0,0.0,0.0,-0.0,0.0,0.0,-0.0,0.0,-0.0,-0.0,-0.0,-0.0,0.0,0.0,0.0,6.861349741981242,52.36134974198124,-14.361349741981243,-37.79302563679274
Green Hag,3.0,82,78.0,-0.0,-0.0,-0.0,78.0,-10.0,-3.0,10.0,-5.0,-0.0,-8.0,70.0,0.0,-0.0,-0.0,0.0,0.0,0.0,0.0,-0.0,-0.0,-1.3088840586792871,0.0,-8.566327957687912,0.0,-0.0,0.0,0.0,-0.0,0.0,-0.0,-0.4385342808791222,-0.4385342808791171,-0.0,0.0,0.0,-3.946808527912049,0.0,-0.0,0.0,0.0,-0.0,0.0,0.0,-0.0,0.0,-0.0,-0.0,-0.0,-0.0,0.0,0.0,0.0,-14.699089106037489,55.30091089396251,26.69908910603749,32.559864763460354
Grick,2.0,27,54.0,-6.75,-0.0,-6.75,47.25,-2.5,3.0,2.5,-0.0,-0.0,3.0,50.25,0.0,-0.0,-0.0,0.0,0.0,0.0,0.0,-0.0,-12.929113795461559,-2.6177681173585743,0.0,-0.0,0.0,-0.0,0.0,0.0,-0.0,0.0,-0.0,-0.4385342808791222,-0.4385342808791171,-0.0,0.0,0.0,-3.946808527912049,0.0,-0.0,0.0,0.0,-0.0,0.0,0.0,-0.0,0.0,-0.0,-0.0,-0.0,-0.0,0.0,0.0,0.0,-20.370759002490423,29.879240997509577,-2.8792409975095765,-10.663855546331764
Griffon,2.0,59,54.0,-0.0,-0.0,-0.0,54.0,2.5,-3.0,-2.5,-0.0,-4.0,-7.0,47.0,0.0,-0.0,-0.0,0.0,0.0,5.678008673549437,0.0,-0.0,-0.0,-2.6177681173585743,0.0,-2.141581989421978,0.0,-0.0,0.0,0.0,-0.0,0.0,-0.0,-0.4385342808791222,-0.4385342808791171,-0.0,0.0,0.0,-3.946808527912049,0.0,-0.0,4.446588265711567,0.0,-0.0,0.0,0.0,-0.0,0.0,-0.0,-0.0,-0.0,-0.0,0.0,0.0,0.0,0.5413697428101627,47.54136974281016,11.458630257189839,19.421407215575996
Harpy,1.0,38,49.5,-0.0,-0.0,-0.0,49.5,2.5,6.0,2.5,5.0,-4.0,12.0,61.5,0.0,-0.0,-0.0,0.0,-0.7432084660093721,0.0,0.0,-0.0,-0.0,-2.6177681173585743,0.0,-0.0,0.0,-0.0,0.0,0.0,-0.0,0.0,-0.0,-0.4385342808791222,-0.4385342808791171,-0.0,0.0,0.0,-3.946808527912049,0.0,-0.0,0.0,0.0,-0.0,0.0,0.0,-11.308815662713263,0.0,-0.0,-3.937854921217862,-0.0,-0.0,0.0,0.0,0.0,-23.43152425696936,38.06847574303064,-0.06847574303063908,-0.1801993237648397
Hell Hound,3.0,45,78.0,-0.0,-19.5,-19.5,58.5,-5.0,-0.0,8.5,5.0,-0.0,8.5,67.0,0.0,-0.0,-0.0,0.0,1.4864169320187441,0.0,0.0,-0.0,-0.0,-1.3088840586792871,0.0,-2.141581989421978,0.0,-0.0,0.0,0.0,-0.0,0.0,-0.0,-0.4385342808791222,-0.4385342808791171,-0.0,0.0,0.0,-3.946808527912049,0.0,-0.0,0.0,0.0,-0.2408357849711399,0.0,0.0,-0.0,0.0,-0.0,-3.937854921217862,-0.0,-0.0,0.0,0.0,0.0,-10.966616911941813,56.03338308805819,-11.033383088058187,-24.51862908457375
Hippogriff,1.0,19,49.5,-0.0,-0.0,-0.0,49.5,2.5,-0.0,-6.5,-0.0,-4.0,-8.0,41.5,0.0,-0.0,-0.0,0.0,0.7432084660093721,2.8390043367747184,0.0,-0.0,-0.0,-2.6177681173585743,0.0,-2.141581989421978,0.0,-0.0,0.0,0.0,-0.0,0.0,-0.0,-0.4385342808791222,-0.4385342808791171,-0.0,0.0,0.0,-3.946808527912049,0.0,-0.0,4.446588265711567,0.0,-0.0,0.0,0.0,-0.0,0.0,-0.0,-0.0,-0.0,-0.0,0.0,0.0,0.0,-1.5544261279551836,39.94557387204482,-20.945573872044818,-110.23986248444642
Hunter Shark,2.0,45,54.0,-0.0,-0.0,-0.0,54.0,2.5,-3.0,4.0,-0.0,-0.0,3.5,57.5,0.0,-0.0,-0.0,0.0,-2.2296253980281167,0.0,7.612563236723018,-0.0,-0.0,-1.3088840586792871,0.0,-2.141581989421978,0.0,-0.0,0.0,0.0,-2.9026671301848963,0.0,-0.0,-0.4385342808791222,-0.4385342808791171,-0.0,0.0,0.0,-3.946808527912049,0.0,-0.0,4.446588265711567,0.0,-0.2408357849711399,0.0,0.0,-0.0,0.0,-0.0,-0.0,-0.0,-0.0,0.0,0.0,0.0,-1.5883199485211228,55.911680051478875,-10.911680051478875,-24.248177892175278
Imp,1.0,10,49.5,-6.1875,-12.375,-18.5625,30.9375,-2.5,-0.0,-4.0,5.0,-4.0,-5.5,25.4375,0.0,-0.0,-5.365528285422744,0.0,-0.7432084660093721,0.0,0.0,-0.0,-0.0,-2.6177681173585743,0.0,-8.566327957687912,0.0,-0.4289142036391849,0.0,6.952727138366372,-0.0,0.0,-0.0,-0.4385342808791222,-0.4385342808791171,-0.0,0.0,0.0,-3.946808527912049,0.0,-0.0,-8.893176531423133,0.0,-0.0,0.0,0.0,-0.0,0.0,-0.0,-0.0,-0.0,-0.0,0.0,0.0,0.0,-24.486073512844836,0.9514264871551639,9.048573512844836,90.48573512844837
Incubus,4.0,66,100.8,-12.6,-0.0,-12.6,88.2,-2.5,3.0,21.5,-5.0,-4.0,13.0,101.2,0.0,-0.0,-0.0,0.0,0.0,2.8390043367747184,0.0,-0.0,-0.0,-2.6177681173585743,0.0,-10.707909947109892,0.0,-0.0,0.0,0.0,-0.0,0.0,-0.0,-0.4385342808791222,-0.4385342808791171,-0.0,0.0,0.0,-3.946808527912049,0.0,-0.0,0.0,0.0,-0.0,0.0,0.0,-11.308815662713263,0.0,-0.0,-0.0,-0.0,-0.0,0.0,0.0,0.0,-26.6193664800773,74.5806335199227,-8.5806335199227,-13.000959878670756
Killer Whale,3.0,90,78.0,-0.0,-0.0,-0.0,78.0,2.5,-3.0,1.5,-0.0,-0.0,1.0,79.0,0.0,-0.0,-0.0,0.0,-2.2296253980281167,0.0,11.418844855084526,-0.0,-0.0,-1.3088840586792871,0.0,-2.141581989421978,0.0,-0.0,0.0,0.0,-2.9026671301848963,0.0,-0.0,-0.4385342808791222,-0.4385342808791171,-0.0,0.0,0.0,-3.946808527912049,0.0,-0.0,8.893176531423133,0.0,-0.0,0.0,0.0,-0.0,0.0,-0.0,-0.0,-0.0,-0.0,0.0,0.0,0.0,6.905385720523092,85.90538572052309,4.0946142794769145,4.549571421641016
Knight,3.0,52,78.0,-0.0,-0.0,-0.0,78.0,-12.5,-0.0,3.0,-0.0,-0.0,-9.5,68.5,0.0,-0.0,-0.0,0.0,0.0,0.0,0.0,-0.0,-0.0,-1.3088840586792871,7.339098778020225,-0.0,0.0,-0.0,0.0,0.0,-0.0,0.0,-0.0,-0.4385342808791222,-0.4385342808791171,-0.0,0.0,0.0,-3.946808527912049,0.0,-0.0,0.0,0.0,-0.0,0.0,0.0,-0.0,0.0,-5.4214809054741195,-3.937854921217862,-0.0,-0.0,0.0,0.0,0.0,-8.152998197021333,60.34700180297867,-8.347001802978667,-16.051926544189747
Lamia,4.0,97,100.8,-0.0,-0.0,-0.0,100.8,2.5,3.0,8.5,5.0,-0.0,19.0,119.8,0.0,-0.0,-0.0,0.0,0.0,0.0,0.0,-0.0,-0.0,-1.3088840586792871,0.0,-6.424745968265935,0.0,-0.0,0.0,0.0,-0.0,0.0,-0.0,-0.4385342808791222,-0.4385342808791171,-0.0,0.0,0.0,-3.946808527912049,0.0,-0.0,4.446588265711567,0.0,-0.0,0.0,0.0,-0.0,0.0,-0.0,-0.0,-0.0,-0.0,0.0,0.0,0.0,-8.110918850903943,111.68908114909605,-14.689081149096054,-15.143382627934077
Lion,1.0,26,49.5,-0.0,-0.0,-0.0,49.5,-0.0,-0.0,0.75,-5.0,-0.0,-4.25,45.25,0.0,-0.0,-0.0,0.0,1.4864169320187441,0.0,0.0,-0.0,-0.0,-1.3088840586792871,0.0,-4.283163978843956,0.0,-0.0,0.0,0.0,-0.0,0.0,-0.0,-0.4385342808791222,-0.4385342808791171,-0.0,0.0,0.0,-3.946808527912049,0.0,-0.0,4.446588265711567,0.0,-0.2408357849711399,0.0,0.0,-0.0,0.0,-0.0,-3.937854921217862,-0.0,-0.0,0.0,0.0,0.0,-8.661610635652224,36.588389364347776,-10.588389364347776,-40.72457447826068
Manticore,3.0,68,78.0,-0.0,-0.0,-0.0,78.0,-2.5,-0.0,-20.0,-0.0,-4.0,-26.5,51.5,0.0,-0.0,-0.0,0.0,0.0,1.4195021683873592,0.0,-0.0,-0.0,-2.6177681173585743,0.0,-0.0,0.0,-0.0,0.0,0.0,-0.0,0.0,-0.0,-0.4385342808791222,-0.4385342808791171,-0.0,0.0,0.0,-3.946808527912049,0.0,-0.0,4.446588265711567,0.0,-0.0,0.0,0.0,-0.0,0.0,-0.0,-0.0,-0.0,-0.0,0.0,0.0,0.0,-1.5755547729299368,49.924445227070066,18.075554772929934,26.5816981954852
Merrow,2.0,45,54.0,-0.0,-0.0,-0.0,54.0,-0.0,-3.0,-0.5,-0.0,-0.0,-3.5,50.5,0.0,-0.0,-0.0,0.0,-1.4864169320187441,0.0,7.612563236723018,-0.0,-0.0,-2.6177681173585743,0.0,-0.0,0.0,-0.0,0.0,0.0,-0.0,0.0,-0.0,-0.4385342808791222,-0.4385342808791171,-0.0,0.0,0.0,-3.946808527912049,0.0,-0.0,4.446588265711567,0.0,-0.0,0.0,0.0,-0.0,0.0,-0.0,-0.0,-0.0,-0.0,0.0,0.0,0.0,3.1310893633869776,53.63108936338698,-8.631089363386977,-19.180198585304392
Mimic,2.0,58,54.0,-0.0,-13.5,-13.5,40.5,2.5,-0.0,5.0,-0.0,-0.0,7.5,48.0,0.0,-0.0,-0.0,0.0,-1.1148126990140583,0.0,0.0,-0.0,-0.0,-1.3088840586792871,0.0,-2.141581989421978,0.0,-0.4289142036391849,0.0,0.0,-0.0,0.0,-0.0,-0.4385342808791222,-0.4385342808791171,-0.0,0.0,0.0,-3.946808527912049,0.0,-0.0,0.0,0.0,-0.2408357849711399,0.0,0.0,-0.0,0.0,-0.0,-0.0,-0.0,-0.0,0.0,0.0,0.0,-10.058905825395936,37.94109417460406,20.05890582539594,34.58432038861369
Minotaur,3.0,76,78.0,-0.0,-0.0,-0.0,78.0,-2.5,-3.0,6.0,-5.0,-0.0,-4.5,73.5,0.0,-0.0,-0.0,0.0,0.7432084660093721,0.0,0.0,-0.0,-0.0,-1.3088840586792871,0.0,-2.141581989421978,0.0,-0.0,0.0,0.0,-0.0,0.0,-0.0,-0.4385342808791222,-0.4385342808791171,-0.0,0.0,0.0,-3.946808527912049,0.0,-0.0,4.446588265711567,0.0,-0.2408357849711399,0.0,0.0,-0.0,0.0,-0.0,-0.0,-0.0,-0.0,0.0,0.0,0.0,-3.325382191021755,70.17461780897824,5.82538219102176,7.664976567133894
Minotaur Skeleton,2.0,67,54.0,-0.0,-13.5,-13.5,40.5,2.5,-3.0,-0.0,-5.0,-0.0,-5.5,35.0,0.0,-0.0,-0.0,0.0,0.7432084660093721,0.0,0.0,-0.0,-0.0,-1.3088840586792871,0.0,-0.0,19.478978370710713,-0.8578284072783698,0.0,0.0,-0.0,0.0,-0.0,-0.4385342808791222,-0.4385342808791171,-0.0,0.0,0.0,-3.946808527912049,0.0,-0.0,4.446588265711567,0.0,-0.0,0.0,0.0,-0.0,0.0,-0.0,-0.0,-0.0,-0.0,0.0,0.0,0.0,17.678185546803704,52.678185546803704,14.321814453196296,21.375842467457158
Mummy,3.0,58,78.0,-9.75,-19.5,-29.25,48.75,5.0,-0.0,2.5,5.0,-0.0,12.5,61.25,0.0,-0.0,-0.0,0.0,-0.7432084660093721,0.0,0.0,-0.0,-0.0,-1.3088840586792871,3.6695493890101125,-0.0,19.478978370710713,-2.1445710181959248,0.0,0.0,-0.0,0.0,-0.0,-0.4385342808791222,-0.4385342808791171,-0.0,0.0,0.0,-3.946808527912049,0.0,-0.0,0.0,0.0,-0.0,0.0,0.0,-0.0,0.0,-5.4214809054741195,-0.0,-6.880465272585441,-0.0,0.0,0.0,0.0,1.8260409491063934,63.07604094910639,-5.0760409491063925,-8.751794739838607
Nightmare,3.0,68,78.0,-0.0,-19.5,-19.5,58.5,-0.0,-3.0,3.0,-0.0,-4.0,-4.0,54.5,0.0,-0.0,-0.0,0.0,2.2296253980281167,7.0975108419367965,0.0,-0.0,-0.0,-2.6177681173585743,0.0,-0.0,0.0,-0.0,0.0,0.0,-0.0,0.0,-0.0,-0.4385342808791222,-0.4385342808791171,-0.0,0.0,0.0,-3.946808527912049,0.0,-0.0,4.446588265711567,0.0,-0.0,0.0,0.0,-0.0,0.0,-0.0,-0.0,-0.0,-0.0,0.0,0.0,0.0,6.332079298647617,60.83207929864761,7.1679207013523865,10.54105985492998
Ochre Jelly,2.0,45,54.0,-6.75,-13.5,-20.25,33.75,12.5,3.0,4.5,-0.0,-0.0,20.0,53.75,0.0,-0.0,-0.0,0.0,-1.4864169320187441,0.0,0.0,-0.0,-4.309704598487186,-2.6177681173585743,0.0,-0.0,0.0,-2.57348522183511,0.0,0.0,-2.9026671301848963,0.0,-0.0,-0.4385342808791222,-0.4385342808791171,-0.0,0.0,0.0,-3.946808527912049,0.0,-0.0,4.446588265711567,0.0,-0.0,0.0,0.0,-0.0,0.0,-0.0,-0.0,-0.0,-0.0,0.0,0.0,0.0,-14.267330823843231,39.48266917615677,5.517330823843231,12.260735164096069
Ogre,2.0,59,54.0,-0.0,-0.0,-0.0,54.0,5.0,-3.0,4.0,-0.0,-0.0,6.0,60.0,0.0,-0.0,-0.0,0.0,0.7432084660093721,0.0,0.0,-0.0,-0.0,-1.3088840586792871,0.0,-0.0,0.0,-0.0,0.0,0.0,-0.0,0.0,-0.0,-0.4385342808791222,-0.4385342808791171,-0.0,0.0,0.0,-3.946808527912049,0.0,-0.0,4.446588265711567,0.0,-0.0,0.0,0.0,-0.0,0.0,-0.0,-0.0,-0.0,-0.0,0.0,0.0,0.0,-0.9429644166286373,59.05703558337136,-0.057035583371359166,-0.09667048029043927
Ogre Zombie,2.0,85,54.0,-0.0,-13.5,-13.5,40.5,12.5,-3.0,4.0,-0.0,-0.0,13.5,54.0,0.0,-0.0,-0.0,0.0,0.0,0.0,0.0,-0.0,-0.0,-1.3088840586792871,3.6695493890101125,-0.0,0.0,-0.4289142036391849,0.0,0.0,-0.0,0.0,-0.0,-0.4385342808791222,-0.4385342808791171,-0.0,0.0,0.0,-3.946808527912049,0.0,-0.0,4.446588265711567,0.0,-0.0,0.0,0.0,-0.0,0.0,-0.0,-0.0,-0.0,-0.0,0.0,0.0,0.0,1.5544623027329179,55.554462302732915,29.445537697267085,34.641809055608334
Owlbear,3.0,59,78.0,-0.0,-0.0,-0.0,78.0,-0.0,-6.0,-1.5,-0.0,-0.0,-7.5,70.5,0.0,-0.0,-0.0,0.0,0.7432084660093721,0.0,0.0,-0.0,-0.0,-1.3088840586792871,0.0,-2.141581989421978,0.0,-0.0,0.0,0.0,-0.0,0.0,-0.0,-0.4385342808791222,-0.4385342808791171,-0.0,0.0,0.0,-3.946808527912049,0.0,-0.0,4.446588265711567,0.0,-0.0,0.0,0.0,-0.0,0.0,-0.0,-0.0,-0.0,-0.0,0.0,0.0,0.0,-3.084546406050615,67.41545359394938,-8.41545359394938,-14.263480667710812
Pegasus,2.0,59,54.0,-0.0,-0.0,-0.0,54.0,2.5,-3.0,6.0,-0.0,-4.0,1.5,55.5,0.0,-0.0,-0.0,0.0,2.2296253980281167,7.0975108419367965,0.0,-0.0,-0.0,-2.6177681173585743,11.008648167030337,-2.141581989421978,0.0,-0.0,0.0,0.0,-0.0,0.0,-0.0,-0.4385342808791222,-0.4385342808791171,-0.0,0.0,0.0,-3.946808527912049,0.0,-0.0,4.446588265711567,0.0,-0.0,0.0,0.0,-0.0,0.0,-0.0,-0.0,-0.0,-0.0,0.0,0.0,0.0,15.199145476255975,70.69914547625598,-11.699145476255978,-19.829060129247424
Phase Spider,3.0,32,78.0,-0.0,-0.0,-0.0,78.0,-0.0,3.0,-2.5,10.0,-0.0,10.5,88.5,0.0,-0.0,-0.0,0.0,0.0,0.0,0.0,-0.0,-12.929113795461559,-2.6177681173585743,0.0,-2.141581989421978,0.0,-0.0,0.0,0.0,-0.0,0.0,-0.0,-0.4385342808791222,-0.4385342808791171,-0.0,0.0,0.0,-3.946808527912049,0.0,-0.0,4.446588265711567,0.0,-0.0,0.0,0.0,-0.0,0.0,-0.0,-0.0,-6.880465272585441,-0.0,0.0,0.0,0.0,-24.946217998786274,63.553782001213726,-31.553782001213726,-98.6055687537929
Plesiosaurus,2.0,68,54.0,-0.0,-0.0,-0.0,54.0,-0.0,-3.0,2.5,-0.0,-0.0,-0.5,53.5,0.0,-0.0,-0.0,0.0,-0.7432084660093721,0.0,7.612563236723018,-0.0,-0.0,-2.6177681173585743,0.0,-4.283163978843956,0.0,-0.0,0.0,0.0,-0.0,0.0,-0.0,-0.4385342808791222,-0.4385342808791171,-0.0,0.0,0.0,-3.946808527912049,0.0,-0.0,4.446588265711567,0.0,-0.0,0.0,0.0,-0.0,0.0,-0.0,-0.0,-0.0,-0.0,0.0,0.0,0.0,-0.408866149447606,53.091133850552396,14.908866149447604,21.924803160952358
Polar Bear,2.0,42,54.0,-0.0,-0.0,-0.0,54.0,2.5,-6.0,-4.5,-0.0,-0.0,-8.0,46.0,0.0,-0.0,-0.0,0.0,0.7432084660093721,0.0,5.709422427542263,-0.0,-0.0,-2.6177681173585743,0.0,-2.141581989421978,0.0,-0.0,0.0,0.0,-0.0,0.0,-0.0,-0.4385342808791222,-0.4385342808791171,-0.0,0.0,0.0,-3.946808527912049,0.0,-0.0,4.446588265711567,0.0,-0.0,0.0,0.0,-0.0,0.0,-0.0,-0.0,-0.0,-0.0,0.0,0.0,0.0,1.3159919628123609,47.31599196281236,-5.315991962812362,-12.657123720981813
Priest,2.0,27,54.0,-0.0,-0.0,-0.0,54.0,-0.0,9.0,13.5,-0.0,-0.0,22.5,76.5,0.0,-0.0,-0.0,0.0,-0.37160423300468604,0.0,0.0,-0.0,-0.0,-1.3088840586792871,0.0,-6.424745968265935,0.0,-0.0,0.0,0.0,-0.0,0.0,-0.0,-0.4385342808791222,-0.4385342808791171,-0.0,0.0,0.0,-3.946808527912049,0.0,-33.81346605263132,0.0,0.0,-0.0,0.0,0.0,-0.0,0.0,-0.0,-0.0,-0.0,-0.0,0.0,0.0,0.0,-46.74257740225152,29.75742259774848,-2.75742259774848,-10.212676287957335
Quasit,1.0,7,49.5,-6.1875,-12.375,-18.5625,30.9375,-2.5,3.0,1.5,10.0,-0.0,12.0,42.9375,0.0,-0.0,-9.056800815934707,0.0,0.7432084660093721,0.0,0.0,-0.0,-0.0,-1.3088840586792871,0.0,-2.141581989421978,0.0,-0.4289142036391849,0.0,6.952727138366372,-0.0,0.0,-0.0,-0.4385342808791222,-0.4385342808791171,-0.0,0.0,0.0,-3.946808527912049,0.0,-0.0,-8.893176531423133,0.0,-0.0,0.0,0.0,-0.0,0.0,-5.4214809054741195,-0.0,-0.0,-0.0,0.0,0.0,0.0,-24.378779989866953,18.558720010133047,-11.558720010133047,-165.12457157332926
Red Dragon Wyrmling,4.0,75,100.8,-0.0,-25.2,-25.2,75.6,-7.5,-0.0,15.0,-0.0,-4.0,3.5,79.1,0.0,-0.0,-0.0,0.0,0.0,2.8390043367747184,0.0,-0.0,-12.929113795461559,-3.926652176037862,14.67819755604045,-4.283163978843956,0.0,-0.0,0.0,0.0,-2.9026671301848963,0.0,-0.0,-0.4385342808791222,-0.4385342808791171,-0.0,0.0,0.0,-3.946808527912049,0.0,-0.0,0.0,0.0,-0.0,0.0,0.0,-0.0,0.0,-0.0,-0.0,-0.0,-0.0,0.0,0.0,0.0,-11.348272277383394,67.75172772261661,7.248272277383393,9.66436303651119
Rhinoceros,2.0,45,54.0,-0.0,-0.0,-0.0,54.0,5.0,-6.0,3.0,-10.0,-0.0,-8.0,46.0,0.0,-0.0,-0.0,0.0,0.7432084660093721,0.0,0.0,-0.0,-0.0,-1.3088840586792871,0.0,-0.0,0.0,-0.0,0.0,0.0,-0.0,0.0,-0.0,-0.4385342808791222,-0.4385342808791171,-0.0,0.0,0.0,-3.946808527912049,0.0,-0.0,4.446588265711567,0.0,-0.0,0.0,0.0,-0.0,0.0,-0.0,-0.0,-0.0,-0.0,0.0,0.0,0.0,-0.9429644166286373,45.05703558337136,-0.057035583371359166,-0.1267457408252426
Rug of Smothering,2.0,33,54.0,-0.0,-13.5,-13.5,40.5,2.5,-0.0,17.0,-0.0,-0.0,19.5,60.0,0.0,-0.0,-0.0,0.0,-1.4864169320187441,0.0,0.0,-0.0,-0.0,-1.3088840586792871,0.0,-0.0,0.0,-3.0023994254742945,0.0,0.0,-2.9026671301848963,0.0,-0.0,-0.4385342808791222,-0.4385342808791171,-0.0,0.0,0.0,-3.946808527912049,0.0,-0.0,4.446588265711567,0.0,-0.0,0.0,0.0,-0.0,0.0,-0.0,-3.937854921217862,-0.0,-0.0,0.0,0.0,0.0,-13.015511291533807,46.984488708466195,-13.984488708466195,-42.377238510503624
Saber-Toothed Tiger,2.0,52,54.0,-0.0,-0.0,-0.0,54.0,2.5,-3.0,-0.25,-5.0,-0.0,-5.75,48.25,0.0,-0.0,-0.0,0.0,0.7432084660093721,0.0,0.0,-0.0,-0.0,-1.3088840586792871,0.0,-4.283163978843956,0.0,-0.0,0.0,0.0,-0.0,0.0,-0.0,-0.4385342808791222,-0.4385342808791171,-0.0,0.0,0.0,-3.946808527912049,0.0,-0.0,4.446588265711567,0.0,-0.0,0.0,0.0,-0.0,0.0,-0.0,-0.0,-0.0,-0.0,0.0,0.0,0.0,-5.226128395472593,43.02387160452741,8.976128395472593,17.26178537590883
Sea Hag,2.0,52,54.0,-0.0,-0.0,-0.0,54.0,-2.5,-0.0,7.0,-15.0,-0.0,-10.5,43.5,0.0,-0.0,-0.0,0.0,0.0,0.0,7.612563236723018,-0.0,-0.0,-2.6177681173585743,0.0,-0.0,0.0,-0.0,0.0,0.0,-0.0,0.0,-0.0,-0.4385342808791222,-0.4385342808791171,-0.0,0.0,0.0,-3.946808527912049,0.0,-0.0,0.0,0.0,-0.2408357849711399,0.0,0.0,-0.0,0.0,-5.4214809054741195,-0.0,-0.0,-0.0,0.0,0.0,0.0,-5.491398660751105,38.0086013392489,13.991398660751102,26.906535886059814
Silver Dragon Wyrmling,2.0,45,54.0,-0.0,-13.5,-13.5,40.5,-10.0,-3.0,7.5,-0.0,-4.0,-9.5,31.0,0.0,-0.0,-0.0,0.0,0.0,2.8390043367747184,0.0,-0.0,-0.0,-2.6177681173585743,14.67819755604045,-4.283163978843956,0.0,-0.0,0.0,0.0,-2.9026671301848963,0.0,-0.0,-0.4385342808791222,-0.4385342808791171,-0.0,0.0,0.0,-3.946808527912049,0.0,-0.0,0.0,0.0,-0.0,0.0,0.0,-0.0,0.0,-0.0,-0.0,-6.880465272585441,-0.0,0.0,0.0,0.0,-3.9907396958279895,27.00926030417201,17.99073969582799,39.97942154628442
Specter,1.0,22,49.5,-6.1875,-12.375,-18.5625,30.9375,-0.0,3.0,1.5,10.0,-4.0,10.5,41.4375,0.0,-0.0,-0.0,0.0,-2.2296253980281167,1.4195021683873592,0.0,-0.0,-0.0,-1.3088840586792871,0.0,-0.0,0.0,-3.8602278327526647,0.0,0.0,-0.0,0.0,-0.0,-0.4385342808791222,-0.4385342808791171,-0.0,0.0,0.0,-3.946808527912049,0.0,-0.0,0.0,0.0,-0.0,0.0,0.0,-0.0,0.0,-0.0,-0.0,-0.0,-0.0,0.0,0.0,0.0,-10.803112210742999,30.634387789257,-8.634387789257001,-39.24721722389546
Spy,1.0,27,49.5,-0.0,-0.0,-0.0,49.5,-0.0,3.0,1.0,-0.0,-0.0,4.0,53.5,0.0,-0.0,-0.0,0.0,0.0,0.0,0.0,-0.0,-0.0,-1.3088840586792871,0.0,-14.991073925953849,0.0,-0.0,0.0,0.0,-0.0,0.0,-0.0,-0.4385342808791222,-0.4385342808791171,-0.0,0.0,0.0,-3.946808527912049,0.0,-0.0,0.0,0.0,-0.2408357849711399,0.0,0.0,-0.0,0.0,-0.0,-3.937854921217862,-0.0,-0.0,0.0,0.0,0.0,-25.302525780492427,28.197474219507573,-1.1974742195075727,-4.435089701879899
Succubus,4.0,66,100.8,-12.6,-0.0,-12.6,88.2,-2.5,3.0,21.5,-5.0,-4.0,13.0,101.2,0.0,-0.0,-0.0,0.0,0.0,2.8390043367747184,0.0,-0.0,-0.0,-2.6177681173585743,0.0,-10.707909947109892,0.0,-0.0,0.0,0.0,-0.0,0.0,-0.0,-0.4385342808791222,-0.4385342808791171,-0.0,0.0,0.0,-3.946808527912049,0.0,-0.0,0.0,0.0,-0.0,0.0,0.0,-11.308815662713263,0.0,-0.0,-0.0,-0.0,-0.0,0.0,0.0,0.0,-26.6193664800773,74.5806335199227,-8.5806335199227,-13.000959878670756
Succubus (Incubus),4.0,66,100.8,-12.6,-0.0,-12.6,88.2,-2.5,3.0,21.5,-5.0,-4.0,13.0,101.2,0.0,-0.0,-0.0,0.0,0.0,2.8390043367747184,0.0,-0.0,-0.0,-2.6177681173585743,0.0,-10.707909947109892,0.0,-0.0,0.0,0.0,-0.0,0.0,-0.0,-0.4385342808791222,-0.4385342808791171,-0.0,0.0,0.0,-3.946808527912049,0.0,-0.0,0.0,0.0,-0.0,0.0,0.0,-11.308815662713263,0.0,-0.0,-0.0,-0.0,-0.0,0.0,0.0,0.0,-26.6193664800773,74.5806335199227,-8.5806335199227,-13.000959878670756
Swarm of Poisonous Snakes,2.0,36,54.0,-6.75,-0.0,-6.75,47.25,-2.5,-3.0,3.0,15.0,-0.0,12.5,59.75,0.0,-0.0,-0.0,0.0,0.0,0.0,5.709422427542263,-0.0,-0.0,-2.6177681173585743,0.0,-0.0,0.0,-3.4313136291134794,0.0,0.0,-2.9026671301848963,0.0,-0.0,-0.4385342808791222,-0.4385342808791171,-0.0,0.0,0.0,-3.946808527912049,0.0,-0.0,0.0,0.0,-0.0,0.0,0.0,-0.0,0.0,-0.0,-0.0,-0.0,-0.0,0.0,0.0,0.0,-8.066203538784976,51.683796461215024,-15.683796461215024,-43.56610128115285
Swarm of Quippers,1.0,28,49.5,-6.1875,-0.0,-6.1875,43.3125,-2.5,-0.0,-2.0,-0.0,-0.0,-4.5,38.8125,0.0,-0.0,-0.0,0.0,-2.2296253980281167,0.0,7.612563236723018,-0.0,-0.0,-1.3088840586792871,0.0,-0.0,0.0,-3.4313136291134794,0.0,0.0,-0.0,0.0,-0.0,-0.4385342808791222,-0.4385342808791171,-0.0,0.0,0.0,-3.946808527912049,0.0,-0.0,0.0,0.0,-0.2408357849711399,0.0,0.0,-0.0,0.0,-0.0,-0.0,-0.0,-0.0,0.0,0.0,0.0,-4.421972723739294,34.390527276260705,-6.3905272762607055,-22.82331170093109
Tiger,1.0,37,49.5,-0.0,-0.0,-0.0,49.5,-0.0,-0.0,-0.75,-5.0,-0.0,-5.75,43.75,0.0,-0.0,-0.0,0.0,0.7432084660093721,0.0,0.0,-0.0,-0.0,-1.3088840586792871,0.0,-4.283163978843956,0.0,-0.0,0.0,0.0,-0.0,0.0,-0.0,-0.4385342808791222,-0.4385342808791171,-0.0,0.0,0.0,-3.946808527912049,0.0,-0.0,4.446588265711567,0.0,-0.0,0.0,0.0,-0.0,0.0,-0.0,-0.0,-0.0,-0.0,0.0,0.0,0.0,-5.226128395472593,38.52387160452741,-1.5238716045274074,-4.118571904128128
Veteran,3.0,58,78.0,-0.0,-0.0,-0.0,78.0,-10.0,-0.0,16.5,-0.0,-0.0,6.5,84.5,0.0,-0.0,-0.0,0.0,0.0,0.0,0.0,-0.0,-0.0,-1.3088840586792871,0.0,-4.283163978843956,0.0,-0.0,0.0,0.0,-0.0,0.0,-0.0,-0.4385342808791222,-0.4385342808791171,-0.0,0.0,0.0,-3.946808527912049,0.0,-0.0,0.0,0.0,-0.0,0.0,0.0,-0.0,0.0,-0.0,-0.0,-0.0,-0.0,0.0,0.0,0.0,-10.415925127193532,74.08407487280647,-16.084074872806468,-27.731163573804256
Wereboar,4.0,78,100.8,-0.0,-25.2,-25.2,75.6,10.0,3.0,18.0,5.0,-0.0,36.0,111.6,0.0,-0.0,-0.0,0.0,0.0,0.0,0.0,-0.0,-0.0,-1.3088840586792871,0.0,-2.141581989421978,0.0,-0.0,0.0,0.0,-0.0,0.0,-0.0,-0.4385342808791222,-0.4385342808791171,-0.0,0.0,0.0,-3.946808527912049,0.0,-0.0,0.0,0.0,-0.0,0.0,0.0,-0.0,0.0,-0.0,-0.0,-0.0,-0.0,0.0,0.0,0.0,-8.274343137771554,103.32565686222844,-25.325656862228442,-32.46879084901082
Wererat,2.0,33,54.0,-0.0,-13.5,-13.5,40.5,2.5,3.0,11.5,10.0,-0.0,27.0,67.5,0.0,-0.0,-0.0,0.0,0.0,0.0,0.0,-0.0,-0.0,-1.3088840586792871,0.0,-4.283163978843956,0.0,-0.0,0.0,0.0,-0.0,0.0,-0.0,-0.4385342808791222,-0.4385342808791171,-0.0,0.0,0.0,-3.946808527912049,0.0,-0.0,0.0,0.0,-0.0,0.0,0.0,-0.0,0.0,-0.0,-0.0,-0.0,-0.0,0.0,0.0,0.0,-10.415925127193532,57.08407487280647,-24.084074872806468,-72.98204506911051
Weretiger,4.0,120,100.8,-0.0,-25.2,-25.2,75.6,5.0,3.0,15.25,-0.0,-0.0,23.25,98.85,0.0,-0.0,-0.0,0.0,0.0,0.0,0.0,-0.0,-0.0,-1.3088840586792871,0.0,-4.283163978843956,0.0,-0.0,0.0,0.0,-0.0,0.0,-0.0,-0.4385342808791222,-0.4385342808791171,-0.0,0.0,0.0,-3.946808527912049,0.0,-0.0,0.0,0.0,-0.0,0.0,0.0,-0.0,0.0,-0.0,-0.0,-0.0,-0.0,0.0,0.0,0.0,-10.415925127193532,88.43407487280646,31.565925127193537,26.304937605994617
Werewolf,3.0,58,78.0,-0.0,-19.5,-19.5,58.5,5.0,3.0,16.0,5.0,-0.0,29.0,87.5,0.0,-0.0,-0.0,0.0,0.0,0.0,0.0,-0.0,-0.0,-1.3088840586792871,0.0,-2.141581989421978,0.0,-0.0,0.0,0.0,-0.0,0.0,-0.0,-0.4385342808791222,-0.4385342808791171,-0.0,0.0,0.0,-3.946808527912049,0.0,-0.0,0.0,0.0,-0.0,0.0,0.0,-0.0,0.0,-0.0,-0.0,-0.0,-0.0,0.0,0.0,0.0,-8.274343137771554,79.22565686222845,-21.225656862228448,-36.59596010729042
White Dragon Wyrmling,2.0,32,54.0,-0.0,-13.5,-13.5,40.5,-7.5,3.0,7.0,5.0,-4.0,3.5,44.0,0.0,-0.0,-0.0,0.0,0.0,2.8390043367747184,5.709422427542263,-16.422322312902615,-0.0,-5.235536234717149,14.67819755604045,-4.283163978843956,0.0,-0.0,0.0,0.0,-2.9026671301848963,0.0,-0.0,-0.4385342808791222,-0.4385342808791171,-0.0,0.0,0.0,-3.946808527912049,0.0,-0.0,0.0,0.0,-0.0,0.0,0.0,-0.0,0.0,-0.0,-0.0,-0.0,-0.0,0.0,0.0,0.0,-10.440942425961474,33.559057574038526,-1.5590575740385262,-4.872054918870394
Wight,3.0,45,78.0,-9.75,-19.5,-29.25,48.75,-2.5,3.0,-3.0,-0.0,-0.0,-2.5,46.25,0.0,-0.0,-0.0,0.0,0.0,0.0,0.0,-0.0,-0.0,-1.3088840586792871,0.0,-4.283163978843956,0.0,-0.8578284072783698,0.0,0.0,-0.0,0.0,-0.0,-0.4385342808791222,-0.4385342808791171,-0.0,0.0,0.0,-3.946808527912049,0.0,-0.0,0.0,0.0,-0.0,0.0,0.0,-0.0,0.0,-0.0,-0.0,-0.0,-0.0,0.0,0.0,0.0,-11.2737535344719,34.9762464655281,10.0237535344719,22.275007854382
Will-o'-Wisp,2.0,22,54.0,-6.75,-13.5,-20.25,33.75,-15.0,3.0,8.0,15.0,-4.0,7.0,40.75,0.0,-0.0,-0.0,0.0,-2.2296253980281167,1.4195021683873592,0.0,-0.0,-0.0,-1.3088840586792871,0.0,-0.0,0.0,-3.0023994254742945,0.0,6.952727138366372,-0.0,0.0,-0.0,-0.4385342808791222,-0.4385342808791171,-0.0,0.0,0.0,-3.946808527912049,0.0,-0.0,-8.893176531423133,0.0,-0.0,0.0,0.0,-0.0,0.0,-0.0,-0.0,-0.0,-0.0,0.0,0.0,0.0,-11.885733196521388,28.864266803478614,-6.864266803478614,-31.20121274308461
Winter Wolf,3.0,75,78.0,-0.0,-19.5,-19.5,58.5,-0.0,-3.0,12.0,-5.0,-0.0,4.0,62.5,0.0,-0.0,-0.0,0.0,1.4864169320187441,0.0,0.0,-0.0,-0.0,-1.3088840586792871,0.0,-4.283163978843956,0.0,-0.0,0.0,0.0,-0.0,0.0,-0.0,-0.4385342808791222,-0.4385342808791171,-0.0,0.0,0.0,-3.946808527912049,0.0,-0.0,4.446588265711567,0.0,-0.2408357849711399,0.0,0.0,-0.0,0.0,-0.0,-3.937854921217862,-0.0,-0.0,0.0,0.0,0.0,-8.661610635652224,53.838389364347776,21.161610635652224,28.215480847536302
Aboleth,10.0,135,186.0,-0.0,-0.0,-0.0,186.0,-0.0,-0.0,9.25,15.0,-0.0,24.25,215.5625,0.0,-0.0,-0.0,0.0,-1.4864169320187441,0.0,7.612563236723018,-0.0,-0.0,-2.6177681173585743,11.008648167030337,-4.283163978843956,0.0,-0.0,0.0,6.952727138366372,-0.0,0.0,-0.0,-0.4385342808791222,-0.4385342808791171,-0.0,0.0,0.0,-5.2624113705493984,0.0,-0.0,4.446588265711567,0.0,-0.0,0.0,0.0,-11.308815662713263,0.0,-0.0,-0.0,-0.0,-0.0,0.0,0.0,0.0,4.184882184589117,219.74738218458913,-84.74738218458913,-62.775838655251206
Air Elemental,5.0,90,114.0,-7.125,-28.5,-35.625,78.375,-0.0,-3.0,7.0,10.0,-4.0,10.0,90.125,0.0,-0.0,-0.0,0.0,-2.2296253980281167,4.258506505162077,0.0,-0.0,-0.0,-1.3088840586792871,0.0,-0.0,0.0,-3.4313136291134794,0.0,0.0,-0.0,0.0,-0.0,-0.4385342808791222,-0.4385342808791171,-0.0,0.0,0.0,-3.946808527912049,0.0,-0.0,4.446588265711567,0.0,-0.0,0.0,0.0,-0.0,0.0,-0.0,-0.0,-0.0,-0.0,0.0,0.0,0.0,-3.0886054046175277,87.03639459538248,2.9636054046175246,3.292894894019472
Assassin,8.0,78,163.2,-10.2,-0.0,-10.2,153.0,-0.0,3.0,-9.0,-0.0,-0.0,-6.0,145.75,0.0,-0.0,-0.0,0.0,0.0,0.0,0.0,-0.0,-0.0,-1.3088840586792871,7.339098778020225,-8.566327957687912,0.0,-0.0,0.0,0.0,-0.0,0.0,-0.0,-0.4385342808791222,-0.4385342808791171,-0.0,0.0,0.0,-3.946808527912049,0.0,-0.0,0.0,0.0,-0.2408357849711399,0.0,0.0,-0.0,0.0,-0.0,-3.937854921217862,-0.0,-0.0,0.0,0.0,0.0,-11.538681034206267,134.21131896579374,-56.21131896579374,-72.0657935458894
Barbed Devil,5.0,110,114.0,-7.125,-28.5,-35.625,78.375,-0.0,3.0,12.0,-0.0,-0.0,15.0,97.375,0.0,-0.0,-20.539295009062986,0.0,0.0,0.0,0.0,-0.0,-0.0,-1.3088840586792871,14.67819755604045,-6.424745968265935,0.0,-0.4289142036391849,0.0,6.952727138366372,-0.0,0.0,-0.0,-0.4385342808791222,-0.4385342808791171,-0.0,0.0,0.0,-3.946808527912049,0.0,-0.0,0.0,0.0,-0.0,0.0,0.0,-0.0,0.0,-0.0,-0.0,-0.0,-0.0,0.0,0.0,0.0,-11.89479163491086,85.48020836508914,24.51979163491086,22.29071966810078
Bone Devil,9.0,142,174.0,-10.875,-43.5,-54.375,119.625,-7.5,-0.0,11.5,10.0,-4.0,10.0,130.5,0.0,-0.0,-27.526346584674915,0.0,0.7432084660093721,-2.8390043367747184,0.0,-0.0,-0.0,-2.6177681173585743,11.008648167030337,-4.283163978843956,0.0,-0.4289142036391849,0.0,6.952727138366372,-0.0,0.0,-0.0,-0.4385342808791222,-0.4385342808791171,-0.0,0.0,0.0,-3.946808527912049,0.0,-0.0,4.446588265711567,0.0,-0.0,0.0,0.0,-0.0,0.0,-0.0,-0.0,-0.0,-0.0,0.0,0.0,0.0,-19.36790227384399,111.13209772615602,30.86790227384398,21.73795934777745
Bulette,5.0,94,114.0,-0.0,-0.0,-0.0,114.0,-5.0,-0.0,5.0,-5.0,-0.0,-5.0,107.25,0.0,-0.0,-0.0,0.0,0.7432084660093721,0.0,0.0,-43.79285950107364,-0.0,-2.6177681173585743,0.0,-2.141581989421978,0.0,-0.0,0.0,0.0,-0.0,0.0,-1.81583727457109,-0.4385342808791222,-0.4385342808791171,-0.0,0.0,0.0,-3.946808527912049,0.0,-0.0,4.446588265711567,0.0,-0.0,0.0,0.0,-0.0,0.0,-0.0,-0.0,-0.0,-0.0,0.0,0.0,0.0,-50.002127240374634,57.247872759625366,36.752127240374634,39.0980077025262
Chain Devil,8.0,85,163.2,-10.2,-40.8,-51.0,112.19999999999999,-2.5,-3.0,17.0,5.0,-0.0,16.5,131.95,0.0,-0.0,-27.83219488006019,0.0,0.0,0.0,0.0,-0.0,-0.0,-1.3088840586792871,11.008648167030337,-0.0,0.0,-0.4289142036391849,0.0,6.952727138366372,-0.0,0.0,-0.0,-0.4385342808791222,-0.4385342808791171,-0.0,0.0,0.0,-3.946808527912049,0.0,-0.0,0.0,0.0,-0.0,0.0,0.0,-0.0,0.0,-0.0,-3.937854921217862,-0.0,-0.0,0.0,0.0,0.0,-20.370349847870102,111.57965015212989,-26.579650152129886,-31.270176649564576
Chimera,6.0,114,134.4,-0.0,-0.0,-0.0,134.4,2.5,-0.0,8.5,-0.0,-4.0,7.0,143.525,0.0,-0.0,-0.0,0.0,0.0,0.0,0.0,-0.0,-0.0,-2.6177681173585743,0.0,-2.141581989421978,0.0,-0.0,0.0,0.0,-0.0,0.0,-0.0,-0.4385342808791222,-0.4385342808791171,-0.0,0.0,0.0,-3.946808527912049,0.0,-0.0,4.446588265711567,0.0,-0.0,0.0,0.0,-0.0,0.0,-0.0,-0.0,-0.0,-0.0,0.0,0.0,0.0,-5.136638930739274,138.38836106926072,-24.388361069260725,-21.39329918356204
Clay Golem,9.0,133,174.0,-0.0,-43.5,-43.5,130.5,5.0,-0.0,27.0,5.0,-0.0,37.0,177.25,0.0,-0.0,-37.38731748761401,0.0,-0.7432084660093721,0.0,0.0,-0.0,-0.0,-1.3088840586792871,0.0,-0.0,0.0,-2.57348522183511,0.0,0.0,-0.0,0.0,-0.0,-0.4385342808791222,-0.4385342808791171,-0.0,0.0,0.0,-3.946808527912049,0.0,-0.0,4.446588265711567,0.0,-0.0,0.0,0.0,-0.0,0.0,-0.0,-0.0,-0.0,-0.0,0.0,0.0,0.0,-42.39018405809651,134.8598159419035,-1.8598159419034914,-1.3983578510552568
Cloaker,8.0,78,163.2,-0.0,-0.0,-0.0,163.2,2.5,3.0,35.5,-5.0,-4.0,32.0,204.075,0.0,-0.0,-0.0,0.0,-1.4864169320187441,-2.8390043367747184,0.0,-0.0,-0.0,-2.6177681173585743,0.0,-2.141581989421978,0.0,-0.0,0.0,0.0,-0.0,0.0,-0.0,-0.4385342808791222,-0.4385342808791171,-0.0,0.0,0.0,-3.946808527912049,0.0,-0.0,4.446588265711567,0.0,-0.2408357849711399,0.0,0.0,-0.0,0.0,-5.4214809054741195,-0.0,-0.0,-0.0,0.0,0.0,0.0,-15.124376889977997,188.95062311002198,-110.95062311002198,-142.24438860259227
Cloud Giant,9.0,200,174.0,-0.0,-0.0,-0.0,174.0,5.0,-12.0,16.0,-0.0,-0.0,9.0,185.0,0.0,-0.0,-0.0,0.0,0.7432084660093721,0.0,0.0,-0.0,-0.0,-1.3088840586792871,11.008648167030337,-4.283163978843956,0.0,-0.0,0.0,0.0,-0.0,0.0,-0.0,-0.4385342808791222,-0.4385342808791171,-0.0,0.0,0.0,-3.946808527912049,0.0,-0.0,8.893176531423133,0.0,-0.0,0.0,0.0,-0.0,0.0,-0.0,-0.0,-0.0,-0.0,0.0,0.0,0.0,10.229108037269311,195.2291080372693,4.770891962730701,2.3854459813653506
Deva,10.0,136,186.0,-11.625,-0.0,-11.625,174.375,-0.0,3.0,14.0,-0.0,-4.0,13.0,190.875,0.0,-0.0,-40.261236814941185,0.0,0.0,4.258506505162077,0.0,-0.0,-0.0,-2.6177681173585743,7.339098778020225,-4.283163978843956,0.0,-1.286742610917555,0.0,6.952727138366372,-0.0,0.0,-0.0,-0.4385342808791222,-0.4385342808791171,-0.0,0.0,0.0,-3.946808527912049,0.0,-0.0,0.0,0.0,-0.0,0.0,0.0,-0.0,0.0,-0.0,-0.0,-0.0,-0.0,0.0,0.0,0.0,-34.72245619018288,156.15254380981713,-20.152543809817132,-14.818046918983185
Drider,6.0,123,134.4,-0.0,-0.0,-0.0,134.4,-10.0,3.0,5.5,10.0,-0.0,8.5,143.275,0.0,-0.0,-0.0,0.0,0.0,0.0,0.0,-0.0,-12.929113795461559,-2.6177681173585743,0.0,-4.283163978843956,0.0,-0.0,0.0,6.952727138366372,-0.0,0.0,-0.0,-0.4385342808791222,-0.4385342808791171,-0.0,0.0,0.0,-3.946808527912049,0.0,-0.0,4.446588265711567,0.0,-0.0,0.0,0.0,-11.308815662713263,0.0,-0.0,-0.0,-0.0,-0.0,0.0,0.0,0.0,-24.563423239969705,118.7115767600303,4.288423239969703,3.4865229593249616
Earth Elemental,5.0,126,114.0,-7.125,-28.5,-35.625,78.375,-5.0,-3.0,7.0,-0.0,-0.0,-1.0,76.125,0.0,-0.0,-0.0,0.0,0.0,0.0,0.0,-32.84464462580523,-0.0,-2.6177681173585743,0.0,-0.0,19.478978370710713,-2.1445710181959248,0.0,0.0,-0.0,0.0,-1.81583727457109,-0.4385342808791222,-0.4385342808791171,-0.0,0.0,0.0,-3.946808527912049,0.0,-0.0,4.446588265711567,0.0,-0.0,0.0,0.0,-0.0,0.0,-0.0,-0.0,-0.0,-0.0,0.0,0.0,0.0,-20.32113148917883,55.803868510821175,70.19613148917882,55.71121546760224
Fire Elemental,5.0,102,114.0,-7.125,-28.5,-35.625,78.375,5.0,3.0,4.0,-0.0,-0.0,12.0,94.375,0.0,-0.0,-0.0,0.0,1.4864169320187441,0.0,0.0,-0.0,-0.0,-1.3088840586792871,0.0,-0.0,0.0,-3.4313136291134794,0.0,0.0,-0.0,0.0,-0.0,-0.4385342808791222,-0.4385342808791171,-0.0,0.0,0.0,-3.946808527912049,0.0,-0.0,4.446588265711567,0.0,-0.0,0.0,0.0,-0.0,0.0,-0.0,-0.0,-0.0,-0.0,0.0,0.0,0.0,-3.6310695797327437,90.74393042026726,11.256069579732738,11.035362333071312
Fire Giant,9.0,162,174.0,-0.0,-43.5,-43.5,130.5,-5.0,-9.0,3.0,-0.0,-0.0,-11.0,115.25,0.0,-0.0,-0.0,0.0,0.0,0.0,0.0,-0.0,-0.0,-1.3088840586792871,11.008648167030337,-4.283163978843956,0.0,-0.0,0.0,0.0,-0.0,0.0,-0.0,-0.4385342808791222,-0.4385342808791171,-0.0,0.0,0.0,-3.946808527912049,0.0,-0.0,8.893176531423133,0.0,-0.0,0.0,0.0,-0.0,0.0,-0.0,-0.0,-0.0,-0.0,0.0,0.0,0.0,9.48589957125994,124.73589957125994,37.264100428740065,23.002531128851892
Flesh Golem,5.0,93,114.0,-0.0,-28.5,-28.5,85.5,15.0,-0.0,9.0,-0.0,-0.0,24.0,117.75,0.0,-0.0,-24.836990883873344,0.0,0.0,0.0,0.0,-0.0,-0.0,-1.3088840586792871,0.0,-0.0,0.0,-2.57348522183511,0.0,0.0,-0.0,0.0,-0.0,-0.4385342808791222,-0.4385342808791171,-0.0,0.0,0.0,-3.946808527912049,0.0,-0.0,0.0,0.0,-0.0,0.0,0.0,-0.0,0.0,-0.0,-0.0,-0.0,-0.0,0.0,0.0,0.0,-33.54323725405803,84.20676274594197,8.793237254058027,9.455093821567772
Frost Giant,8.0,138,163.2,-0.0,-40.8,-40.8,122.39999999999999,-0.0,-6.0,2.0,-0.0,-0.0,-4.0,116.89999999999999,0.0,-0.0,-0.0,0.0,0.7432084660093721,0.0,0.0,-0.0,-0.0,-1.3088840586792871,11.008648167030337,-4.283163978843956,0.0,-0.0,0.0,0.0,-0.0,0.0,-0.0,-0.4385342808791222,-0.4385342808791171,-0.0,0.0,0.0,-3.946808527912049,0.0,-0.0,8.893176531423133,0.0,-0.0,0.0,0.0,-0.0,0.0,-0.0,-0.0,-0.0,-0.0,0.0,0.0,0.0,10.229108037269311,127.1291080372693,10.870891962730695,7.87745794400775
Giant Ape,7.0,157,156.0,-0.0,-0.0,-0.0,156.0,7.5,-6.0,2.0,-0.0,-0.0,3.5,161.0,0.0,-0.0,-0.0,0.0,0.7432084660093721,0.0,0.0,-0.0,-17.238818393948744,-2.6177681173585743,0.0,-4.283163978843956,0.0,-0.0,0.0,0.0,-0.0,0.0,-0.0,-0.4385342808791222,-0.4385342808791171,-0.0,0.0,0.0,-3.946808527912049,0.0,-0.0,8.893176531423133,0.0,-0.0,0.0,0.0,-0.0,0.0,-0.0,-0.0,-0.0,-0.0,0.0,0.0,0.0,-19.32724258238906,141.67275741761094,15.327242582389061,9.76257489324144
Giant Crocodile,5.0,85,114.0,-0.0,-0.0,-0.0,114.0,2.5,-3.0,-0.5,-5.0,-0.0,-6.0,106.875,0.0,-0.0,-0.0,0.0,0.0,0.0,9.515704045903773,-0.0,-0.0,-2.6177681173585743,0.0,-2.141581989421978,0.0,-0.0,0.0,0.0,-0.0,0.0,-0.0,-0.4385342808791222,-0.4385342808791171,-0.0,0.0,0.0,-3.946808527912049,0.0,-0.0,8.893176531423133,0.0,-0.0,0.0,0.0,-0.0,0.0,-0.0,-0.0,-0.0,-0.0,0.0,0.0,0.0,8.825653380876066,115.70065338087606,-30.700653380876062,-36.118415742207134
Giant Shark,5.0,126,114.0,-0.0,-0.0,-0.0,114.0,5.0,-6.0,12.5,-0.0,-0.0,11.5,128.625,0.0,-0.0,-0.0,0.0,-2.2296253980281167,0.0,9.515704045903773,-0.0,-0.0,-1.3088840586792871,0.0,-2.141581989421978,0.0,-0.0,0.0,0.0,-2.9026671301848963,0.0,-0.0,-0.4385342808791222,-0.4385342808791171,-0.0,0.0,0.0,-3.946808527912049,0.0,-0.0,8.893176531423133,0.0,-0.2408357849711399,0.0,0.0,-0.0,0.0,-0.0,-0.0,-0.0,-0.0,0.0,0.0,0.0,4.761409126371199,133.3864091263712,-7.3864091263712055,-5.862229465373972
Glabrezu,9.0,157,174.0,-10.875,-43.5,-54.375,119.625,-2.5,-3.0,13.0,-0.0,-0.0,7.5,128.375,0.0,-0.0,-27.07812063454132,0.0,0.7432084660093721,0.0,0.0,-0.0,-0.0,-1.3088840586792871,14.67819755604045,-0.0,0.0,-0.4289142036391849,0.0,0.0,-0.0,0.0,-0.0,-0.4385342808791222,-0.4385342808791171,-0.0,0.0,0.0,-3.946808527912049,0.0,-0.0,4.446588265711567,0.0,-0.0,0.0,0.0,-0.0,0.0,-0.0,-0.0,-0.0,-0.0,0.0,0.0,0.0,-13.771801698768694,114.6031983012313,42.3968016987687,27.00433229220936
Gladiator,5.0,112,114.0,-0.0,-0.0,-0.0,114.0,-2.5,-0.0,9.0,-0.0,-0.0,6.5,121.75,0.0,-0.0,-0.0,0.0,0.0,0.0,0.0,-0.0,-0.0,-1.3088840586792871,11.008648167030337,-4.283163978843956,0.0,-0.0,0.0,0.0,-0.0,0.0,-0.0,-0.4385342808791222,-0.4385342808791171,-0.0,0.0,0.0,-3.946808527912049,0.0,-0.0,0.0,0.0,-0.0,0.0,0.0,-0.0,0.0,-5.4214809054741195,-0.0,-0.0,-0.0,0.0,0.0,0.0,-4.828757865637314,116.92124213436269,-4.921242134362686,-4.393966191395255
Gorgon,5.0,114,114.0,-0.0,-0.0,-0.0,114.0,-10.0,-3.0,9.0,-5.0,-0.0,-9.0,101.25,0.0,-0.0,-0.0,0.0,0.7432084660093721,0.0,0.0,-0.0,-0.0,-1.3088840586792871,0.0,-2.141581989421978,0.0,-0.4289142036391849,0.0,0.0,-0.0,0.0,-0.0,-0.4385342808791222,-0.4385342808791171,-0.0,0.0,0.0,-3.946808527912049,0.0,-0.0,4.446588265711567,0.0,-0.0,0.0,0.0,-0.0,0.0,-0.0,-0.0,-0.0,-21.18590826389382,0.0,0.0,0.0,-24.699368873583616,76.55063112641639,37.44936887358361,32.85032357331896
Guardian Naga,10.0,127,186.0,-0.0,-46.5,-46.5,139.5,-2.5,3.0,11.5,5.0,-0.0,17.0,160.375,0.0,-0.0,-0.0,0.0,0.7432084660093721,0.0,0.0,-0.0,-0.0,-1.3088840586792871,18.347746945050563,-0.0,0.0,-0.8578284072783698,0.0,0.0,-0.0,0.0,-0.0,-0.4385342808791222,-0.4385342808791171,-0.0,0.0,0.0,-3.946808527912049,0.0,-74.3896253157889,4.446588265711567,0.0,-0.0,0.0,0.0,-0.0,0.0,-0.0,-0.0,-0.0,-0.0,0.0,0.0,0.0,-57.842671194645355,102.53232880535464,24.467671194645362,19.26588283042942
Half-Red Dragon Veteran,5.0,65,114.0,-7.125,-0.0,-7.125,106.875,-7.5,6.0,13.5,-0.0,-0.0,12.0,121.25,0.0,-0.0,-0.0,0.0,0.0,0.0,0.0,-0.0,-0.0,-1.3088840586792871,0.0,-4.283163978843956,0.0,-0.0,0.0,0.0,-2.9026671301848963,0.0,-0.0,-0.4385342808791222,-0.4385342808791171,-0.0,0.0,0.0,-3.946808527912049,0.0,-0.0,0.0,0.0,-0.0,0.0,0.0,-0.0,0.0,-0.0,-0.0,-0.0,-0.0,0.0,0.0,0.0,-13.318592257378429,107.93140774262157,-42.93140774262157,-66.0483196040332
Hezrou,8.0,136,163.2,-10.2,-40.8,-51.0,112.19999999999999,-2.5,-0.0,16.0,5.0,-0.0,18.5,134.7,0.0,-0.0,-28.412251991997785,0.0,0.0,0.0,0.0,-0.0,-0.0,-1.3088840586792871,11.008648167030337,-0.0,0.0,-0.4289142036391849,0.0,6.952727138366372,-0.0,0.0,-0.0,-0.4385342808791222,-0.4385342808791171,-0.0,0.0,0.0,-3.946808527912049,0.0,-0.0,4.446588265711567,0.0,-0.0,0.0,0.0,-0.0,0.0,-0.0,-0.0,-0.0,-0.0,0.0,0.0,0.0,-12.565963772878268,122.13403622712173,13.865963772878274,10.195561597704614
Hill Giant,5.0,105,114.0,-0.0,-0.0,-0.0,114.0,5.0,-3.0,-2.0,-0.0,-0.0,0.0,114.5,0.0,-0.0,-0.0,0.0,0.7432084660093721,0.0,0.0,-0.0,-0.0,-1.3088840586792871,0.0,-2.141581989421978,0.0,-0.0,0.0,0.0,-0.0,0.0,-0.0,-0.4385342808791222,-0.4385342808791171,-0.0,0.0,0.0,-3.946808527912049,0.0,-0.0,8.893176531423133,0.0,-0.0,0.0,0.0,-0.0,0.0,-0.0,-0.0,-0.0,-0.0,0.0,0.0,0.0,1.362041859660951,115.86204185966095,-10.862041859660948,-10.344801771105665
Hydra,8.0,172,163.2,-0.0,-0.0,-0.0,163.2,-0.0,-3.0,32.0,-0.0,-0.0,29.0,199.2,0.0,-0.0,-0.0,0.0,0.0,0.0,5.709422427542263,-0.0,-0.0,-2.6177681173585743,0.0,-2.141581989421978,0.0,-0.0,0.0,0.0,-0.0,0.0,-0.0,-0.4385342808791222,-0.4385342808791171,-0.0,0.0,0.0,-3.946808527912049,0.0,-0.0,8.893176531423133,0.0,-0.0,0.0,0.0,-11.308815662713263,0.0,-5.4214809054741195,-0.0,-0.0,-0.0,0.0,0.0,0.0,-11.710924805672828,187.48907519432717,-15.489075194327171,-9.00527627577161
Invisible Stalker,6.0,104,134.4,-8.4,-33.6,-42.0,92.4,2.5,3.0,21.0,-0.0,-4.0,22.5,121.15,0.0,-0.0,-0.0,0.0,1.4864169320187441,-1.4195021683873592,0.0,-0.0,-0.0,-2.6177681173585743,0.0,-4.283163978843956,0.0,-3.4313136291134794,0.0,0.0,-0.0,0.0,-0.0,-0.4385342808791222,-0.4385342808791171,-0.0,0.0,0.0,-3.946808527912049,0.0,-0.0,0.0,0.0,-0.0,0.0,0.0,-0.0,0.0,-0.0,-0.0,-0.0,-0.0,0.0,0.0,0.0,-15.089208051354912,106.06079194864509,-2.0607919486450896,-1.9815307198510477
Mage,6.0,40,134.4,-0.0,-0.0,-0.0,134.4,7.5,6.0,36.5,5.0,-0.0,55.0,204.525,0.0,-0.0,-0.0,0.0,0.0,0.0,0.0,-0.0,-0.0,-1.3088840586792871,7.339098778020225,-4.283163978843956,0.0,-0.0,0.0,0.0,-0.0,0.0,-0.0,-0.4385342808791222,-0.4385342808791171,-0.0,0.0,0.0,-3.946808527912049,0.0,-60.86423889473638,0.0,0.0,-0.0,0.0,0.0,-0.0,0.0,-0.0,-0.0,-0.0,-0.0,0.0,0.0,0.0,-63.94106524390969,140.58393475609031,-100.58393475609031,-251.4598368902258
Mammoth,6.0,126,134.4,-0.0,-0.0,-0.0,134.4,5.0,-9.0,-2.5,-15.0,-0.0,-21.5,108.275,0.0,-0.0,-0.0,0.0,0.7432084660093721,0.0,0.0,-0.0,-0.0,-1.3088840586792871,0.0,-0.0,0.0,-0.0,0.0,0.0,-0.0,0.0,-0.0,-0.4385342808791222,-0.4385342808791171,-0.0,0.0,0.0,-3.946808527912049,0.0,-0.0,8.893176531423133,0.0,-0.0,0.0,0.0,-0.0,0.0,-0.0,-0.0,-0.0,-0.0,0.0,0.0,0.0,3.5036238490829303,111.77862384908293,14.221376150917067,11.286806468981798
Medusa,6.0,127,134.4,-0.0,-0.0,-0.0,134.4,-0.0,6.0,11.5,5.0,-0.0,22.5,162.775,0.0,-0.0,-0.0,0.0,0.0,0.0,0.0,-0.0,-0.0,-1.3088840586792871,0.0,-8.566327957687912,0.0,-0.0,0.0,0.0,-0.0,0.0,-0.0,-0.4385342808791222,-0.4385342808791171,-0.0,0.0,0.0,-3.946808527912049,0.0,-0.0,0.0,0.0,-0.0,0.0,0.0,-0.0,0.0,-0.0,-3.937854921217862,-0.0,-21.18590826389382,0.0,0.0,0.0,-39.822852291149175,122.95214770885083,4.0478522911491694,3.1872852686213933
Night Hag,5.0,112,114.0,-7.125,-0.0,-7.125,106.875,-5.0,-0.0,22.0,5.0,-0.0,22.0,133.375,0.0,-0.0,-28.13276992897331,0.0,0.0,0.0,0.0,-0.0,-0.0,-1.3088840586792871,0.0,-8.566327957687912,0.0,-0.4289142036391849,0.0,6.952727138366372,-0.0,0.0,-0.0,-0.4385342808791222,-0.4385342808791171,-0.0,0.0,0.0,-3.946808527912049,0.0,-0.0,0.0,0.0,-0.0,0.0,0.0,-0.0,0.0,-0.0,-0.0,-0.0,-0.0,0.0,0.0,0.0,-36.30804610028361,97.0669538997164,14.933046100283605,13.33307687525322
Oni,7.0,110,156.0,-0.0,-0.0,-0.0,156.0,-2.5,-0.0,17.0,10.0,-4.0,20.5,180.75,0.0,-0.0,-0.0,2.2726195925137915e-12,0.0,-4.258506505162077,0.0,-0.0,-0.0,-2.6177681173585743,14.67819755604045,-6.424745968265935,0.0,-0.0,0.0,0.0,-0.0,0.0,-0.0,-0.4385342808791222,-0.4385342808791171,-0.0,0.0,0.0,-3.946808527912049,0.0,-0.0,4.446588265711567,0.0,-0.0,0.0,0.0,-0.0,0.0,-0.0,-0.0,-0.0,-0.0,0.0,0.0,0.0,0.999888141297415,181.74988814129742,-71.74988814129742,-65.2271710375431
Otyugh,5.0,114,114.0,-0.0,-0.0,-0.0,114.0,2.5,3.0,-1.0,-0.0,-0.0,4.5,120.25,0.0,-0.0,-0.0,0.0,0.0,0.0,0.0,-0.0,-0.0,-1.3088840586792871,3.6695493890101125,-0.0,0.0,-0.0,0.0,6.952727138366372,-0.0,0.0,-0.0,-0.4385342808791222,-0.4385342808791171,-0.0,0.0,0.0,-3.946808527912049,0.0,-0.0,4.446588265711567,0.0,-0.0,0.0,0.0,-0.0,0.0,-0.0,-0.0,-0.0,-0.0,0.0,0.0,0.0,8.936103644738475,129.18610364473847,-15.186103644738466,-13.321143548016199
Roper,5.0,93,114.0,-0.0,-0.0,-0.0,114.0,-12.5,-0.0,13.0,-0.0,-0.0,0.5,112.75,0.0,-0.0,-0.0,0.0,-1.4864169320187441,0.0,0.0,-0.0,-4.309704598487186,-2.6177681173585743,0.0,-4.283163978843956,0.0,-0.0,0.0,0.0,-0.0,0.0,-0.0,-0.4385342808791222,-0.4385342808791171,-0.0,0.0,0.0,-3.946808527912049,0.0,-0.0,4.446588265711567,0.0,-0.0,0.0,0.0,-0.0,0.0,-0.0,-0.0,-0.0,-0.0,0.0,0.0,0.0,-13.074342450667181,99.67565754933281,-6.675657549332811,-7.178126397132055
Salamander,5.0,90,114.0,-7.125,-28.5,-35.625,78.375,-0.0,-0.0,2.5,5.0,-0.0,7.5,87.5,0.0,-0.0,-0.0,0.0,0.0,0.0,0.0,-0.0,-0.0,-1.3088840586792871,0.0,-0.0,19.478978370710713,-0.0,0.0,0.0,-0.0,0.0,-0.0,-0.4385342808791222,-0.4385342808791171,-0.0,0.0,0.0,-3.946808527912049,0.0,-0.0,4.446588265711567,0.0,-0.0,0.0,0.0,-0.0,0.0,-0.0,-0.0,-0.0,-0.0,0.0,0.0,0.0,17.792805488072702,105.2928054880727,-15.292805488072702,-16.992006097858557
Shambling Mound,5.0,136,114.0,-7.125,-28.5,-35.625,78.375,-0.0,-0.0,9.0,5.0,-0.0,14.0,95.625,0.0,-0.0,-0.0,0.0,-0.7432084660093721,0.0,3.806281618361509,-0.0,-0.0,-2.6177681173585743,0.0,-2.141581989421978,0.0,-1.286742610917555,0.0,0.0,-2.9026671301848963,0.0,-0.0,-0.4385342808791222,-0.4385342808791171,-0.0,0.0,0.0,-3.946808527912049,0.0,-0.0,4.446588265711567,0.0,-0.0,0.0,0.0,-0.0,0.0,-0.0,-0.0,-0.0,-0.0,0.0,0.0,0.0,-6.262975519489589,89.36202448051041,46.637975519489586,34.29262905844823
Shield Guardian,7.0,142,156.0,-0.0,-39.0,-39.0,117.0,-5.0,-0.0,25.0,-0.0,-0.0,20.0,141.25,0.0,-0.0,-0.0,1.7759752002355356e-12,0.0,0.0,0.0,-0.0,-0.0,-1.3088840586792871,0.0,-0.0,0.0,-2.1445710181959248,0.0,0.0,-2.9026671301848963,0.0,-0.0,-0.4385342808791222,-0.4385342808791171,-0.0,0.0,0.0,-3.946808527912049,0.0,-0.0,4.446588265711567,0.0,-0.0,0.0,0.0,-0.0,0.0,-0.0,-0.0,-0.0,-0.0,0.0,0.0,0.0,-6.733411031017055,134.51658896898294,7.483411031017056,5.27000776832187
Spirit Naga,8.0,75,163.2,-0.0,-40.8,-40.8,122.39999999999999,-0.0,-0.0,14.0,5.0,-0.0,19.0,145.89999999999998,0.0,-0.0,-0.0,0.0,0.7432084660093721,0.0,0.0,-0.0,-0.0,-1.3088840586792871,14.67819755604045,-0.0,0.0,-0.8578284072783698,0.0,0.0,-0.0,0.0,-0.0,-0.4385342808791222,-0.4385342808791171,-0.0,0.0,0.0,-3.946808527912049,0.0,-67.62693210526264,4.446588265711567,0.0,-0.0,0.0,0.0,-0.0,0.0,-0.0,-0.0,-0.0,-0.0,0.0,0.0,0.0,-54.7495273731292,91.15047262687078,-16.15047262687078,-21.533963502494373
Stone Giant,7.0,126,156.0,-0.0,-0.0,-0.0,156.0,-5.0,-6.0,8.0,-10.0,-0.0,-13.0,139.0,0.0,-0.0,-0.0,0.0,0.7432084660093721,0.0,0.0,-0.0,-0.0,-1.3088840586792871,11.008648167030337,-4.283163978843956,0.0,-0.0,0.0,0.0,-0.0,0.0,-0.0,-0.4385342808791222,-0.4385342808791171,-0.0,0.0,0.0,-3.946808527912049,0.0,-0.0,8.893176531423133,0.0,-0.0,0.0,0.0,-0.0,0.0,-0.0,-0.0,-0.0,-0.0,0.0,0.0,0.0,10.229108037269311,149.2291080372693,-23.2291080372693,-18.435800029578807
Stone Golem,10.0,178,186.0,-0.0,-46.5,-46.5,139.5,-0.0,-3.0,26.0,-0.0,-0.0,23.0,168.0,0.0,-0.0,-35.436216292914835,0.0,0.0,0.0,0.0,-0.0,-0.0,-1.3088840586792871,0.0,-0.0,0.0,-2.57348522183511,0.0,6.952727138366372,-0.0,0.0,-0.0,-0.4385342808791222,-0.4385342808791171,-0.0,0.0,0.0,-3.946808527912049,0.0,-0.0,4.446588265711567,0.0,-0.0,0.0,0.0,-0.0,0.0,-0.0,-0.0,-0.0,-0.0,0.0,0.0,0.0,-32.74314725902158,135.25685274097842,42.74314725902158,24.013004078102014
Treant,9.0,138,174.0,-10.875,-0.0,-10.875,163.125,-0.0,-6.0,26.0,-0.0,-0.0,20.0,187.625,0.0,-0.0,-0.0,0.0,0.0,0.0,0.0,-0.0,-0.0,-1.3088840586792871,0.0,-0.0,19.478978370710713,-0.0,0.0,0.0,-0.0,0.0,-0.0,-0.4385342808791222,-0.4385342808791171,-0.0,0.0,0.0,-3.946808527912049,0.0,-0.0,8.893176531423133,0.0,-0.0,0.0,0.0,-0.0,0.0,-0.0,-0.0,-0.0,-0.0,0.0,0.0,0.0,22.23939375378427,209.86439375378427,-71.86439375378427,-52.07564764766977
Triceratops,5.0,95,114.0,-0.0,-0.0,-0.0,114.0,5.0,-6.0,-0.25,10.0,-0.0,8.75,124.6875,0.0,-0.0,-0.0,0.0,1.4864169320187441,0.0,0.0,-0.0,-0.0,-1.3088840586792871,0.0,-0.0,0.0,-0.0,0.0,0.0,-0.0,0.0,-0.0,-0.4385342808791222,-0.4385342808791171,-0.0,0.0,0.0,-3.946808527912049,0.0,-0.0,8.893176531423133,0.0,-0.0,0.0,0.0,-0.0,0.0,-0.0,-0.0,-0.0,-0.0,0.0,0.0,0.0,4.246832315092304,128.9343323150923,-33.93433231509229,-35.72034980536031
Troll,5.0,84,114.0,-0.0,-0.0,-0.0,114.0,-0.0,-0.0,5.5,-0.0,-0.0,5.5,120.875,0.0,-0.0,-0.0,1.5197947067502326e-12,0.0,0.0,0.0,-0.0,-0.0,-1.3088840586792871,0.0,-2.141581989421978,0.0,-0.0,0.0,0.0,-0.0,0.0,-0.0,-0.4385342808791222,-0.4385342808791171,-0.0,0.0,0.0,-3.946808527912049,0.0,-0.0,4.446588265711567,0.0,-0.0,0.0,0.0,-0.0,0.0,-0.0,-0.0,-0.0,-0.0,0.0,0.0,0.0,-3.8277548720584673,117.04724512794154,-33.04724512794154,-39.34195848564468
Tyrannosaurus Rex,8.0,136,163.2,-0.0,-0.0,-0.0,163.2,5.0,-9.0,-0.5,-10.0,-0.0,-14.5,145.575,0.0,-0.0,-0.0,0.0,1.4864169320187441,0.0,0.0,-0.0,-0.0,-1.3088840586792871,0.0,-2.141581989421978,0.0,-0.0,0.0,0.0,-0.0,0.0,-0.0,-0.4385342808791222,-0.4385342808791171,-0.0,0.0,0.0,-3.946808527912049,0.0,-0.0,8.893176531423133,0.0,-0.0,0.0,0.0,-0.0,0.0,-0.0,-0.0,-0.0,-0.0,0.0,0.0,0.0,2.1052503256703234,147.6802503256703,-11.6802503256703,-8.588419357110515
Unicorn,5.0,67,114.0,-0.0,-28.5,-28.5,85.5,7.5,-0.0,4.5,-0.0,-0.0,12.0,101.625,0.0,-0.0,-21.435746909330177,0.0,1.4864169320187441,0.0,0.0,-0.0,-0.0,-1.3088840586792871,0.0,-0.0,0.0,-1.286742610917555,0.0,0.0,-0.0,0.0,-0.0,-0.4385342808791222,-0.4385342808791171,-0.0,0.0,0.0,-5.2624113705493984,0.0,-0.0,4.446588265711567,0.0,-0.0,0.0,0.0,-0.0,0.0,-0.0,-0.0,-0.0,-0.0,0.0,0.0,0.0,-24.237848313504347,77.38715168649566,-10.387151686495656,-15.503211472381576
Vampire Spawn,5.0,82,114.0,-7.125,-0.0,-7.125,106.875,-0.0,3.0,13.5,10.0,-0.0,26.5,139.75,0.0,-0.0,-0.0,1.7571152866047157e-12,0.0,0.0,0.0,-0.0,-0.0,-1.3088840586792871,7.339098778020225,-4.283163978843956,0.0,-0.0,0.0,0.0,-0.0,0.0,-0.0,-0.4385342808791222,-0.4385342808791171,-0.0,0.0,0.0,-3.946808527912049,0.0,-0.0,0.0,0.0,-0.0,0.0,0.0,-0.0,0.0,-0.0,-3.937854921217862,-0.0,-0.0,0.0,0.0,0.0,-7.0146812703894135,132.73531872961058,-50.73531872961058,-61.87233991415925
Vrock,6.0,104,134.4,-8.4,-33.6,-42.0,92.4,-0.0,3.0,17.0,5.0,-4.0,21.0,118.65,0.0,-0.0,-25.026827756871104,0.0,0.7432084660093721,0.0,0.0,-0.0,-0.0,-2.6177681173585743,11.008648167030337,-0.0,0.0,-0.4289142036391849,0.0,6.952727138366372,-0.0,0.0,-0.0,-0.4385342808791222,-0.4385342808791171,-0.0,0.0,0.0,-3.946808527912049,0.0,-0.0,4.446588265711567,0.0,-0.0,0.0,0.0,-0.0,0.0,-0.0,-0.0,-0.0,-0.0,0.0,0.0,0.0,-9.746215130421504,108.9037848695785,-4.903784869578502,-4.715177759210098
Water Elemental,5.0,114,114.0,-7.125,-28.5,-35.625,78.375,2.5,-0.0,9.0,-0.0,-0.0,11.5,93.125,0.0,-0.0,-0.0,0.0,0.0,0.0,17.12826728262679,-0.0,-0.0,-2.6177681173585743,0.0,-0.0,0.0,-3.4313136291134794,0.0,0.0,-0.0,0.0,-0.0,-0.4385342808791222,-0.4385342808791171,-0.0,0.0,0.0,-3.946808527912049,0.0,-0.0,4.446588265711567,0.0,-0.0,0.0,0.0,-0.0,0.0,-0.0,-0.0,-0.0,-0.0,0.0,0.0,0.0,10.701896712196016,103.82689671219602,10.173103287803983,8.923774813863144
Werebear,5.0,135,114.0,-0.0,-28.5,-28.5,85.5,12.5,-0.0,5.0,5.0,-0.0,22.5,115.25,0.0,-0.0,-0.0,0.0,0.0,0.0,0.0,-0.0,-12.929113795461559,-2.6177681173585743,0.0,-2.141581989421978,0.0,-0.0,0.0,0.0,-0.0,0.0,-0.0,-0.4385342808791222,-0.4385342808791171,-0.0,0.0,0.0,-3.946808527912049,0.0,-0.0,0.0,0.0,-0.0,0.0,0.0,-0.0,0.0,-0.0,-0.0,-0.0,-0.0,0.0,0.0,0.0,-22.5123409919124,92.7376590080876,42.262340991912396,31.30543777178696
Wraith,5.0,67,114.0,-7.125,-28.5,-35.625,78.375,5.0,3.0,14.0,5.0,-4.0,23.0,107.875,0.0,-0.0,-0.0,0.0,-2.2296253980281167,0.0,0.0,-0.0,-0.0,-1.3088840586792871,0.0,-0.0,0.0,-3.4313136291134794,0.0,0.0,-0.0,0.0,-0.0,-0.4385342808791222,-0.4385342808791171,-0.0,0.0,0.0,-3.946808527912049,0.0,-0.0,0.0,0.0,-0.0,0.0,0.0,-0.0,0.0,-0.0,-0.0,-0.0,-0.0,0.0,0.0,0.0,-11.793700175491171,96.08129982450883,-29.081299824508832,-43.40492511120721
Wyvern,6.0,110,134.4,-0.0,-0.0,-0.0,134.4,5.0,-0.0,-5.5,-0.0,-4.0,-4.5,129.525,0.0,-0.0,-0.0,0.0,-0.7432084660093721,2.8390043367747184,0.0,-0.0,-0.0,-2.6177681173585743,0.0,-2.141581989421978,0.0,-0.0,0.0,0.0,-0.0,0.0,-0.0,-0.4385342808791222,-0.4385342808791171,-0.0,0.0,0.0,-3.946808527912049,0.0,-0.0,4.446588265711567,0.0,-0.0,0.0,0.0,-0.0,0.0,-0.0,-0.0,-0.0,-0.0,0.0,0.0,0.0,-3.040843059973928,126.48415694002608,-16.484156940026082,-14.985597218205529
Xorn,5.0,73,114.0,-7.125,-0.0,-7.125,106.875,-10.0,3.0,2.0,-0.0,-0.0,-5.0,99.375,0.0,-0.0,-0.0,0.0,-0.7432084660093721,0.0,0.0,-21.89642975053682,-0.0,-2.6177681173585743,0.0,-4.283163978843956,0.0,-0.0,0.0,0.0,-0.0,0.0,-1.81583727457109,-0.4385342808791222,-0.4385342808791171,-0.0,0.0,0.0,-3.946808527912049,0.0,-0.0,0.0,0.0,-0.0,0.0,0.0,-0.0,0.0,-0.0,-0.0,-0.0,-0.0,0.0,0.0,0.0,-36.180284676990105,63.194715323009895,9.805284676990105,13.431896817794664
Young Black Dragon,7.0,127,156.0,-0.0,-39.0,-39.0,117.0,-7.5,-0.0,5.5,5.0,-4.0,-1.0,114.375,0.0,-0.0,-0.0,0.0,0.7432084660093721,2.8390043367747184,7.612563236723018,-0.0,-0.0,-3.926652176037862,14.67819755604045,-4.283163978843956,0.0,-0.0,0.0,6.952727138366372,-2.9026671301848963,0.0,-0.0,-0.4385342808791222,-0.4385342808791171,-0.0,0.0,0.0,-3.946808527912049,0.0,-0.0,4.446588265711567,0.0,-0.0,0.0,0.0,-0.0,0.0,-0.0,-0.0,-0.0,-0.0,0.0,0.0,0.0,21.335928624888496,135.71092862488848,-8.710928624888481,-6.8589989172350245
Young Blue Dragon,9.0,152,174.0,-0.0,-43.5,-43.5,130.5,-5.0,-3.0,13.5,-0.0,-4.0,1.5,131.375,0.0,-0.0,-0.0,0.0,0.7432084660093721,2.8390043367747184,0.0,-21.89642975053682,-0.0,-3.926652176037862,14.67819755604045,-4.283163978843956,0.0,-0.0,0.0,6.952727138366372,-2.9026671301848963,0.0,-0.0,-0.4385342808791222,-0.4385342808791171,-0.0,0.0,0.0,-3.946808527912049,0.0,-0.0,4.446588265711567,0.0,-0.0,0.0,0.0,-0.0,0.0,-0.0,-0.0,-0.0,-0.0,0.0,0.0,0.0,-8.173064362371349,123.20193563762865,28.79806436237135,18.94609497524431
Young Brass Dragon,6.0,110,134.4,-0.0,-33.6,-33.6,100.80000000000001,-5.0,-0.0,4.0,5.0,-4.0,0.0,99.80000000000001,0.0,-0.0,-0.0,0.0,0.7432084660093721,2.8390043367747184,0.0,-21.89642975053682,-0.0,-3.926652176037862,14.67819755604045,-6.424745968265935,0.0,-0.0,0.0,6.952727138366372,-2.9026671301848963,0.0,-0.0,-0.4385342808791222,-0.4385342808791171,-0.0,0.0,0.0,-3.946808527912049,0.0,-0.0,4.446588265711567,0.0,-0.0,0.0,0.0,-0.0,0.0,-0.0,-0.0,-0.0,-0.0,0.0,0.0,0.0,-10.314646351793327,89.48535364820668,20.514646351793317,18.649678501630287
Young Bronze Dragon,8.0,142,163.2,-0.0,-40.8,-40.8,122.39999999999999,-7.5,-3.0,13.0,-0.0,-4.0,-1.5,119.14999999999999,0.0,-0.0,-0.0,0.0,0.7432084660093721,2.8390043367747184,7.612563236723018,-0.0,-0.0,-3.926652176037862,14.67819755604045,-6.424745968265935,0.0,-0.0,0.0,6.952727138366372,-2.9026671301848963,0.0,-0.0,-0.4385342808791222,-0.4385342808791171,-0.0,0.0,0.0,-3.946808527912049,0.0,-0.0,4.446588265711567,0.0,-0.0,0.0,0.0,-0.0,0.0,-0.0,-0.0,-0.0,-0.0,0.0,0.0,0.0,19.194346635466516,138.3443466354665,3.6556533645334923,2.574403777840488
Young Copper Dragon,7.0,119,156.0,-0.0,-39.0,-39.0,117.0,-5.0,-0.0,10.0,5.0,-4.0,6.0,123.5,0.0,-0.0,-0.0,0.0,0.7432084660093721,2.8390043367747184,0.0,-0.0,-17.238818393948744,-3.926652176037862,14.67819755604045,-6.424745968265935,0.0,-0.0,0.0,6.952727138366372,-2.9026671301848963,0.0,-0.0,-0.4385342808791222,-0.4385342808791171,-0.0,0.0,0.0,-3.946808527912049,0.0,-0.0,4.446588265711567,0.0,-0.0,0.0,0.0,-0.0,0.0,-0.0,-0.0,-0.0,-0.0,0.0,0.0,0.0,-5.657034995205249,117.84296500479475,1.157034995205251,0.9722983152985303
Young Gold Dragon,10.0,178,186.0,-0.0,-46.5,-46.5,139.5,-2.5,-3.0,22.0,-0.0,-4.0,12.5,154.5,0.0,-0.0,-0.0,0.0,0.7432084660093721,2.8390043367747184,7.612563236723018,-0.0,-0.0,-3.926652176037862,14.67819755604045,-8.566327957687912,0.0,-0.0,0.0,6.952727138366372,-2.9026671301848963,0.0,-0.0,-0.4385342808791222,-0.4385342808791171,-0.0,0.0,0.0,-3.946808527912049,0.0,-0.0,4.446588265711567,0.0,-0.0,0.0,0.0,-0.0,0.0,-0.0,-0.0,-0.0,-0.0,0.0,0.0,0.0,17.052764646044537,171.55276464604452,6.447235353955477,3.6220423336828524
Young Green Dragon,8.0,136,163.2,-0.0,-40.8,-40.8,122.39999999999999,-7.5,-0.0,9.0,5.0,-4.0,2.5,124.14999999999998,0.0,-0.0,-0.0,0.0,0.7432084660093721,2.8390043367747184,7.612563236723018,-0.0,-0.0,-3.926652176037862,14.67819755604045,-6.424745968265935,0.0,-0.4289142036391849,0.0,6.952727138366372,-2.9026671301848963,0.0,-0.0,-0.4385342808791222,-0.4385342808791171,-0.0,0.0,0.0,-3.946808527912049,0.0,-0.0,4.446588265711567,0.0,-0.0,0.0,0.0,-0.0,0.0,-0.0,-0.0,-0.0,-0.0,0.0,0.0,0.0,18.76543243182733,142.9154324318273,-6.915432431827298,-5.084876788108308
Young Red Dragon,10.0,178,186.0,-0.0,-46.5,-46.5,139.5,-2.5,-3.0,18.5,-0.0,-4.0,9.0,150.125,0.0,-0.0,-0.0,0.0,0.7432084660093721,2.8390043367747184,0.0,-0.0,-17.238818393948744,-3.926652176037862,14.67819755604045,-4.283163978843956,0.0,-0.0,0.0,6.952727138366372,-2.9026671301848963,0.0,-0.0,-0.4385342808791222,-0.4385342808791171,-0.0,0.0,0.0,-3.946808527912049,0.0,-0.0,4.446588265711567,0.0,-0.0,0.0,0.0,-0.0,0.0,-0.0,-0.0,-0.0,-0.0,0.0,0.0,0.0,-3.5154530057832716,146.6095469942167,31.390453005783286,17.635085958305215
Young Silver Dragon,9.0,168,174.0,-0.0,-43.5,-43.5,130.5,-5.0,-6.0,16.0,-5.0,-4.0,-4.0,124.5,0.0,-0.0,-0.0,0.0,0.7432084660093721,2.8390043367747184,0.0,-0.0,-0.0,-2.6177681173585743,14.67819755604045,-8.566327957687912,0.0,-0.0,0.0,6.952727138366372,-2.9026671301848963,0.0,-0.0,-0.4385342808791222,-0.4385342808791171,-0.0,0.0,0.0,-3.946808527912049,0.0,-0.0,4.446588265711567,0.0,-0.0,0.0,0.0,-0.0,0.0,-0.0,-0.0,-6.880465272585441,-0.0,0.0,0.0,0.0,3.8686201954153665,128.36862019541536,39.63137980458464,23.590107026538476
Young White Dragon,6.0,133,134.4,-0.0,-33.6,-33.6,100.80000000000001,-5.0,-0.0,-0.5,-0.0,-4.0,-9.5,88.17500000000001,0.0,-0.0,-0.0,0.0,0.7432084660093721,2.8390043367747184,7.612563236723018,-21.89642975053682,-0.0,-5.235536234717149,14.67819755604045,-4.283163978843956,0.0,-0.0,0.0,6.952727138366372,-2.9026671301848963,0.0,-0.0,-0.4385342808791222,-0.4385342808791171,-0.0,0.0,0.0,-3.946808527912049,0.0,-0.0,4.446588265711567,0.0,-0.0,0.0,0.0,-0.0,0.0,-0.0,-0.0,-0.0,-0.0,0.0,0.0,0.0,-1.8693851843276157,86.3056148156724,46.6943851843276,35.10856028896812
Adult Black Dragon,14.0,195,235.2,-0.0,-29.4,-29.4,205.79999999999998,-0.0,-0.0,35.625,-0.0,-5.0,30.625,242.54999999999998,0.0,4.455620752153255e-11,-0.0,-0.0,5.113046120653514,7.625710959712436,19.16293415231359,0.0,0.0,-49.03173406885454,33.954532023372074,-3.294312631362575,-0.0,0.0,-0.9502037960863273,0.0,0.0,0.0,0.0,0.18425937818122917,0.18425937818123073,-0.0,-20.242289600677726,-20.242289600677733,-6.826694325021353,-0.0,-0.0,9.70228451704937,0.0,-0.0,0.0,0.0,-0.0,0.0,-15.18800066587674,-0.0,0.0,0.0,-10.232432219535662,0.0,-0.0,-50.080930378584654,192.46906962141531,2.530930378584685,1.297913014658813
Adult Blue Dragon,16.0,225,274.8,-0.0,-34.35,-34.35,240.45000000000002,-0.0,-4.0,44.375,-6.0,-5.0,29.375,275.20000000000005,0.0,5.0553981900332963e-11,-0.0,-0.0,5.113046120653514,7.625710959712436,0.0,34.225417415205605,0.0,-49.03173406885454,33.954532023372074,-3.294312631362575,-0.0,0.0,-0.9502037960863273,0.0,0.0,0.0,0.0,0.18425937818122917,0.18425937818123073,-0.0,-20.242289600677726,-20.242289600677733,-6.826694325021353,-0.0,-0.0,9.70228451704937,0.0,-0.0,0.0,0.0,-0.0,0.0,-15.18800066587674,-0.0,0.0,0.0,-10.232432219535662,0.0,-0.0,-35.01844711568664,240.18155288431342,-15.181552884313419,-6.747356837472631
Adult Brass Dragon,13.0,172,220.79999999999998,-0.0,-27.599999999999998,-27.599999999999998,193.2,-0.0,-4.0,33.75,-6.0,-5.0,18.75,215.2,0.0,3.9532038172062684e-11,-0.0,-0.0,5.113046120653514,7.625710959712436,0.0,45.63388988694081,0.0,-49.03173406885454,33.954532023372074,-6.58862526272515,-0.0,0.0,-0.9502037960863273,0.0,0.0,0.0,0.0,0.18425937818122917,0.18425937818123073,-0.0,-20.242289600677726,-20.242289600677733,-6.826694325021353,-0.0,-0.0,9.70228451704937,0.0,-0.0,0.0,0.0,-0.0,0.0,-15.18800066587674,-0.0,0.0,0.0,-10.232432219535662,0.0,-0.0,-26.90428727532504,188.29571272467496,-16.295712724674956,-9.474251584113347
Adult Bronze Dragon,15.0,212,252.0,-0.0,-31.5,-31.5,220.5,-0.0,-4.0,43.75,-6.0,-5.0,28.75,254.5,0.0,4.6751411314079716e-11,-0.0,-0.0,5.113046120653514,7.625710959712436,19.16293415231359,0.0,0.0,-49.03173406885454,33.954532023372074,-4.941468947043862,-0.0,0.0,-0.9502037960863273,0.0,0.0,0.0,0.0,0.18425937818122917,0.18425937818123073,-0.0,-20.242289600677726,-20.242289600677733,-6.826694325021353,-0.0,-0.0,9.70228451704937,0.0,-0.0,0.0,0.0,-0.0,0.0,-15.18800066587674,-0.0,0.0,0.0,-10.232432219535662,0.0,-0.0,-51.72808669426375,202.77191330573623,9.228086694263766,4.35287108219989
Adult Copper Dragon,14.0,184,235.2,-0.0,-29.4,-29.4,205.79999999999998,3.5,-0.0,41.25,-0.0,-5.0,39.75,253.79999999999995,0.0,4.662282197058322e-11,-0.0,-0.0,5.113046120653514,7.625710959712436,0.0,0.0,25.862708089183492,-49.03173406885454,33.954532023372074,-4.941468947043862,-0.0,0.0,-0.9502037960863273,0.0,0.0,0.0,0.0,0.18425937818122917,0.18425937818123073,-0.0,-20.242289600677726,-20.242289600677733,-6.826694325021353,-0.0,-0.0,9.70228451704937,0.0,-0.0,0.0,0.0,-0.0,0.0,-15.18800066587674,-0.0,0.0,0.0,-10.232432219535662,0.0,-0.0,-45.02831275739398,208.771687242606,-24.771687242605992,-13.4628735014163
Adult Green Dragon,15.0,207,252.0,-0.0,-31.5,-31.5,220.5,-0.0,-0.0,40.0,-0.0,-5.0,35.0,262.5,0.0,4.8221003811182416e-11,-0.0,-0.0,5.113046120653514,7.625710959712436,19.16293415231359,0.0,0.0,-49.03173406885454,33.954532023372074,-8.235781578406437,-0.0,3.022071843720296,-0.9502037960863273,0.0,0.0,0.0,0.0,0.18425937818122917,0.18425937818123073,-0.0,-20.242289600677726,-20.242289600677733,-6.826694325021353,-0.0,-0.0,9.70228451704937,0.0,-0.0,0.0,0.0,-0.0,0.0,-15.18800066587674,-0.0,0.0,0.0,-10.232432219535662,0.0,-0.0,-52.000327481904556,210.49967251809545,-3.4996725180954513,-1.6906630522200248
Adult Silver Dragon,16.0,243,274.8,-0.0,-34.35,-34.35,240.45000000000002,-0.0,-8.0,46.25,-18.0,-5.0,15.25,257.45000000000005,0.0,4.729332354738634e-11,-0.0,-0.0,5.113046120653514,7.625710959712436,0.0,0.0,0.0,-32.6878227125697,33.954532023372074,-6.58862526272515,-0.0,0.0,-0.9502037960863273,0.0,0.0,0.0,0.0,0.18425937818122917,0.18425937818123073,-0.0,-20.242289600677726,-20.242289600677733,-6.826694325021353,-0.0,-0.0,9.70228451704937,0.0,-0.0,0.0,0.0,-0.0,0.0,-15.18800066587674,-0.0,0.0,0.0,-10.232432219535662,0.0,-0.0,-56.194265805973245,201.2557341940268,41.744265805973214,17.17871020821943
Adult White Dragon,13.0,200,220.79999999999998,-0.0,-27.599999999999998,-27.599999999999998,193.2,-0.0,-4.0,28.125,-6.0,-5.0,13.125,208.45,0.0,3.829206950263228e-11,-0.0,-0.0,5.113046120653514,7.625710959712436,19.16293415231359,34.225417415205605,0.0,-65.3756454251394,33.954532023372074,-3.294312631362575,-0.0,0.0,-0.9502037960863273,0.0,0.0,0.0,0.0,0.18425937818122917,0.18425937818123073,-0.0,-20.242289600677726,-20.242289600677733,-6.826694325021353,-0.0,-0.0,9.70228451704937,0.0,-0.0,0.0,0.0,-0.0,0.0,-15.18800066587674,-0.0,0.0,0.0,-10.232432219535662,0.0,-0.0,-32.19942431967016,176.25057568032983,23.74942431967017,11.874712159835084
Archmage,12.0,99,210.0,-13.125,-0.0,-13.125,196.875,17.5,12.0,90.625,-0.0,-0.0,120.125,343.125,0.0,0.0,-37.00342353170318,-0.0,0.0,0.0,0.0,0.0,0.0,-16.34391135628485,16.977266011686037,-3.294312631362575,-0.0,0.0,-0.0,0.0,0.0,0.0,0.0,0.7370375127249167,0.18425937818123073,-0.0,-0.0,-0.0,-10.240041487532029,-2.797557174502125,-189.99621699731142,-9.70228451704937,0.0,-0.0,0.0,0.0,-0.0,0.0,-0.0,-0.0,0.0,0.0,-0.0,0.0,-0.0,-251.47918479315337,91.64581520684663,7.354184793153365,7.428469488033702
Behir,11.0,168,198.0,-0.0,-24.75,-24.75,173.25,-0.0,-4.0,18.125,6.0,-0.0,20.125,197.5,0.0,0.0,-0.0,-0.0,10.226092241307027,0.0,0.0,0.0,25.862708089183492,-32.6878227125697,0.0,-3.294312631362575,-0.0,0.0,-0.9502037960863273,-1.2400716230642823,0.0,0.0,0.0,0.18425937818122917,0.18425937818123073,-0.0,-0.0,-0.0,-5.120020743766014,-0.0,-0.0,19.40456903409874,0.0,-0.0,0.0,0.0,-0.0,0.0,-0.0,-0.0,0.0,0.0,-10.232432219535662,0.0,-0.0,2.3370243945671643,199.83702439456715,-31.837024394567152,-18.950609758670925
Djinni,11.0,161,198.0,-0.0,-24.75,-24.75,173.25,-0.0,-0.0,30.625,-6.0,-5.0,19.625,196.5,0.0,0.0,-0.0,-0.0,0.0,11.438566439568655,0.0,0.0,0.0,-32.6878227125697,25.465899017529058,-0.0,-0.0,0.0,-0.9502037960863273,0.0,0.0,0.0,0.0,0.18425937818122917,0.18425937818123073,-0.0,-0.0,-0.0,-5.120020743766014,-2.797557174502125,-0.0,9.70228451704937,0.0,-0.0,0.0,0.0,-0.0,0.0,-0.0,-0.0,0.0,0.0,-0.0,0.0,-0.0,5.419664303585378,201.91966430358536,-40.919664303585364,-25.415940561233146
Efreeti,11.0,200,198.0,-0.0,-24.75,-24.75,173.25,-0.0,-4.0,38.75,12.0,-5.0,41.75,223.75,0.0,0.0,-0.0,-0.0,5.113046120653514,0.0,0.0,0.0,0.0,-32.6878227125697,25.465899017529058,-0.0,-0.0,0.0,-0.9502037960863273,0.0,0.0,0.0,0.0,0.18425937818122917,0.18425937818123073,-0.0,-0.0,-0.0,-5.120020743766014,-2.797557174502125,-0.0,9.70228451704937,0.0,-0.0,0.0,0.0,-0.0,0.0,-0.0,-0.0,0.0,0.0,-0.0,0.0,-0.0,-0.9058560153297641,222.84414398467024,-22.84414398467024,-11.42207199233512
Erinyes,12.0,153,210.0,-13.125,-26.25,-39.375,170.625,-3.5,4.0,13.75,18.0,-5.0,27.25,204.125,0.0,0.0,-22.013329918860215,-0.0,0.0,0.0,0.0,0.0,0.0,-32.6878227125697,33.954532023372074,-0.0,-0.0,3.022071843720296,-0.0,0.0,0.0,0.0,0.0,0.18425937818122917,0.18425937818123073,-0.0,-0.0,-0.0,-5.120020743766014,-0.0,-0.0,-9.70228451704937,0.0,-0.0,0.0,0.0,-0.0,0.0,-0.0,-0.0,0.0,0.0,-0.0,0.0,-0.0,-32.17833526879046,171.94666473120952,-18.946664731209523,-12.383441000790537
Gynosphinx,11.0,136,198.0,-12.375,-24.75,-37.125,160.875,-0.0,-0.0,56.25,6.0,-5.0,57.25,229.875,0.0,0.0,-0.0,-0.0,5.113046120653514,0.0,0.0,0.0,0.0,-32.6878227125697,0.0,-6.58862526272515,-0.0,6.044143687440592,-0.0,0.0,0.0,0.0,0.0,0.18425937818122917,0.18425937818123073,-0.0,-20.242289600677726,-20.242289600677733,-6.826694325021353,-2.797557174502125,-94.99810849865571,9.70228451704937,0.0,-0.0,0.0,0.0,-0.0,0.0,-0.0,-0.0,0.0,0.0,-0.0,0.0,-0.0,-163.15539409332357,66.71960590667643,69.28039409332357,50.94146624509086
Horned Devil,11.0,178,198.0,-12.375,-24.75,-37.125,160.875,-3.5,-4.0,38.125,-0.0,-5.0,25.625,191.125,0.0,0.0,-20.611378717659075,-0.0,-5.113046120653514,0.0,0.0,0.0,0.0,-32.6878227125697,33.954532023372074,-0.0,-0.0,3.022071843720296,-0.9502037960863273,0.0,0.0,0.0,0.0,0.18425937818122917,0.18425937818123073,-0.0,-0.0,-0.0,-5.120020743766014,-0.0,-0.0,9.70228451704937,0.0,-0.0,0.0,0.0,-0.0,0.0,-0.0,-0.0,0.0,0.0,-0.0,0.0,-0.0,-17.43506495023043,173.68993504976956,4.310064950230441,2.4213848035002474
Ice Devil,14.0,180,235.2,-14.7,-29.4,-44.099999999999994,191.1,3.5,4.0,29.375,12.0,-0.0,48.875,250.85,0.0,0.0,-27.052266063177388,-0.0,5.113046120653514,0.0,0.0,0.0,0.0,-16.34391135628485,33.954532023372074,-0.0,-0.0,3.022071843720296,-0.9502037960863273,0.0,0.0,0.0,0.0,0.18425937818122917,0.18425937818123073,-0.0,-0.0,-0.0,-5.120020743766014,-0.0,-0.0,0.0,0.0,-0.0,0.0,0.0,-0.0,0.0,-0.0,-23.27051440846202,0.0,0.0,-0.0,0.0,-0.0,-30.27874762366826,220.57125237633173,-40.57125237633173,-22.53958465351763
Iron Golem,16.0,210,274.8,-0.0,-34.35,-34.35,240.45000000000002,-3.5,-8.0,67.5,-0.0,-0.0,56.0,306.95000000000005,0.0,0.0,-33.10222470836078,-0.0,0.0,0.0,0.0,0.0,0.0,-16.34391135628485,0.0,-0.0,-0.0,18.132431062321775,-0.9502037960863273,0.0,0.0,0.0,0.0,0.18425937818122917,0.18425937818123073,-0.0,-0.0,-0.0,-5.120020743766014,-0.0,-0.0,0.0,0.0,-0.0,0.0,0.0,-0.0,0.0,-0.0,-0.0,0.0,0.0,-0.0,0.0,-0.0,-37.015410785813735,269.9345892141863,-59.9345892141863,-28.540280578183953
Marilith,16.0,189,274.8,-17.175,-34.35,-51.525000000000006,223.275,3.5,8.0,10.0,-0.0,-0.0,21.5,249.775,0.0,0.0,-26.936335483078068,-0.0,5.113046120653514,0.0,0.0,0.0,0.0,-16.34391135628485,33.954532023372074,-0.0,-0.0,3.022071843720296,-0.0,0.0,0.0,0.0,0.0,0.18425937818122917,0.18425937818123073,-0.0,-0.0,-0.0,-5.120020743766014,-0.0,-0.0,0.0,0.0,-0.0,0.0,0.0,-0.0,0.0,-0.0,-0.0,0.0,0.0,-0.0,0.0,-0.0,-5.942098839020588,243.83290116097942,-54.83290116097942,-29.012117016391226
Mummy Lord,15.0,97,252.0,-0.0,-31.5,-31.5,220.5,7.0,8.0,74.375,12.0,-0.0,101.375,343.75,0.0,0.0,-37.070825031760926,-0.0,-5.113046120653514,0.0,0.0,0.0,0.0,-16.34391135628485,33.954532023372074,-3.294312631362575,-1.2885987916854291,15.110359218601479,-0.9502037960863273,-2.4801432461285646,0.0,0.0,0.0,0.18425937818122917,0.18425937818123073,-0.0,-20.242289600677726,-20.242289600677733,-6.826694325021353,-2.797557174502125,-105.55345388739524,-9.70228451704937,0.0,-0.0,0.0,0.0,-0.0,0.0,-15.18800066587674,-0.0,0.0,0.0,-10.232432219535662,0.0,-0.4034328358521121,-208.29606580221423,135.45393419778577,-38.45393419778577,-39.643231131737906
Nalfeshnee,13.0,184,220.79999999999998,-13.799999999999999,-27.599999999999998,-41.4,179.39999999999998,-0.0,-0.0,24.375,18.0,-5.0,37.375,225.14999999999998,0.0,0.0,-24.280716380802826,-0.0,-5.113046120653514,-11.438566439568655,0.0,0.0,0.0,-32.6878227125697,33.954532023372074,-0.0,-0.0,3.022071843720296,-0.0,0.0,0.0,0.0,0.0,0.18425937818122917,0.18425937818123073,-0.0,-0.0,-0.0,-5.120020743766014,-0.0,-0.0,0.0,0.0,-0.0,0.0,0.0,-0.0,0.0,-15.18800066587674,-0.0,0.0,0.0,-0.0,0.0,-0.0,-56.483050439782616,168.66694956021735,15.333050439782653,8.3331795868384
Planetar,16.0,200,274.8,-17.175,-0.0,-17.175,257.625,-0.0,-4.0,17.5,-6.0,-5.0,2.5,260.125,0.0,0.0,-28.052504324034356,-0.0,5.113046120653514,22.87713287913731,0.0,0.0,0.0,-32.6878227125697,25.465899017529058,-1.6471563156812874,-0.0,9.066215531160887,-0.0,0.0,0.0,0.0,0.0,0.18425937818122917,0.18425937818123073,-0.0,-0.0,-0.0,-5.120020743766014,-2.797557174502125,-0.0,0.0,0.0,-0.0,0.0,0.0,-0.0,0.0,-0.0,-0.0,0.0,0.0,-0.0,0.0,-0.0,-7.41424896571025,252.71075103428976,-52.71075103428976,-26.35537551714488
Purple Worm,15.0,247,252.0,-0.0,-0.0,-0.0,252.0,3.5,8.0,0.625,-12.0,-0.0,0.125,252.25,0.0,0.0,-0.0,-0.0,10.226092241307027,0.0,0.0,34.225417415205605,0.0,-32.6878227125697,16.977266011686037,-0.0,-0.0,0.0,-0.0,0.0,0.0,0.0,0.0,0.18425937818122917,0.18425937818123073,-0.0,-0.0,-0.0,-5.120020743766014,-0.0,-0.0,19.40456903409874,0.0,-0.0,0.0,0.0,-0.0,0.0,-0.0,-0.0,0.0,0.0,-10.232432219535662,0.0,-0.0,33.1615877827885,285.4115877827885,-38.4115877827885,-15.551250114489271
Rakshasa,13.0,110,220.79999999999998,-0.0,-27.599999999999998,-27.599999999999998,193.2,7.0,12.0,81.25,-0.0,-0.0,100.25,314.7,0.0,0.0,-0.0,-0.0,5.113046120653514,0.0,0.0,0.0,0.0,-16.34391135628485,0.0,-3.294312631362575,-1.2885987916854291,0.0,-0.9502037960863273,-2.4801432461285646,0.0,0.0,0.0,0.18425937818122917,0.18425937818123073,-0.0,-0.0,-0.0,-5.120020743766014,-2.797557174502125,-0.0,-9.70228451704937,0.0,-0.0,0.0,0.0,-0.0,0.0,-0.0,-0.0,0.0,0.0,-0.0,0.0,-0.0,-36.49546737984928,278.2045326201507,-168.2045326201507,-152.91321147286428
Remorhaz,11.0,195,198.0,-0.0,-24.75,-24.75,173.25,-0.0,-8.0,25.625,-0.0,-0.0,17.625,194.0,0.0,0.0,-0.0,-0.0,0.0,0.0,0.0,22.816944943470403,0.0,-32.6878227125697,0.0,-0.0,-0.0,0.0,-0.9502037960863273,-2.4801432461285646,0.0,0.0,0.0,0.18425937818122917,0.18425937818123073,-0.0,-0.0,-0.0,-5.120020743766014,-0.0,-0.0,19.40456903409874,0.0,-0.0,0.0,0.0,-0.0,0.0,-0.0,-0.0,0.0,0.0,-10.232432219535662,0.0,-0.0,-8.880589984154664,185.11941001584535,9.880589984154653,5.0669692226434115
Roc,11.0,248,198.0,-0.0,-0.0,-0.0,198.0,7.0,-16.0,26.25,-12.0,-5.0,0.25,197.5,0.0,0.0,-0.0,-0.0,-5.113046120653514,22.87713287913731,0.0,0.0,0.0,-32.6878227125697,33.954532023372074,-1.6471563156812874,-0.0,0.0,-0.0,0.0,0.0,0.0,0.0,0.18425937818122917,0.18425937818123073,-0.0,-0.0,-0.0,-5.120020743766014,-0.0,-0.0,29.106853551148106,0.0,-0.0,0.0,0.0,-0.0,0.0,-0.0,-0.0,0.0,0.0,-0.0,0.0,-0.0,41.73899131734943,239.23899131734942,8.761008682650584,3.532664791391364
Storm Giant,13.0,230,220.79999999999998,-13.799999999999999,-27.599999999999998,-41.4,179.39999999999998,7.0,-16.0,28.75,6.0,-0.0,25.75,210.39999999999998,0.0,0.0,-0.0,-0.0,10.226092241307027,0.0,23.95366769039199,0.0,0.0,-32.6878227125697,33.954532023372074,-6.58862526272515,-0.0,0.0,-0.0,0.0,0.0,0.0,0.0,0.18425937818122917,0.18425937818123073,-0.0,-0.0,-0.0,-5.120020743766014,-2.797557174502125,-0.0,9.70228451704937,0.0,-0.0,0.0,0.0,-0.0,0.0,-0.0,-0.0,0.0,0.0,-0.0,0.0,-0.0,31.011069334919934,241.41106933491992,-11.411069334919915,-4.961334493443442
Vampire,13.0,144,220.79999999999998,-13.799999999999999,-0.0,-13.799999999999999,206.99999999999997,7.0,4.0,81.25,-0.0,-0.0,92.25,318.5,0.0,5.850815129090133e-11,-0.0,-62.31236950720412,0.0,0.0,0.0,0.0,0.0,-16.34391135628485,25.465899017529058,-3.294312631362575,-0.0,0.0,-0.9502037960863273,0.0,0.0,0.0,0.0,0.18425937818122917,0.18425937818123073,-0.0,-20.242289600677726,-20.242289600677733,-6.826694325021353,-0.0,-0.0,-9.70228451704937,0.0,-0.0,0.0,0.0,-18.664226528407838,0.0,-0.0,-23.27051440846202,0.0,0.0,-0.0,0.0,-0.0,-156.01467849728388,162.48532150271612,-18.48532150271612,-12.837028821330637
Adult Gold Dragon,17.0,256,295.2,-0.0,-18.45,-18.45,276.75,3.5,-8.0,53.75,-12.0,-5.0,32.25,330.25,0.0,6.066661527102092e-11,-0.0,-0.0,5.113046120653514,7.625710959712436,19.16293415231359,0.0,0.0,-49.03173406885454,33.954532023372074,-6.58862526272515,-0.0,0.0,-0.9502037960863273,0.0,0.0,0.0,0.0,0.18425937818122917,0.18425937818123073,-0.0,-20.242289600677726,-20.242289600677733,-6.826694325021353,-0.0,-0.0,9.70228451704937,0.0,-0.0,0.0,0.0,-0.0,0.0,-15.18800066587674,-0.0,0.0,0.0,-10.232432219535662,0.0,-0.0,-53.375243009931125,276.8747569900689,-20.874756990068875,-8.154201949245653
Adult Red Dragon,17.0,256,295.2,-0.0,-18.45,-18.45,276.75,3.5,-8.0,45.0,-12.0,-5.0,23.5,316.25,0.0,5.80948284010912e-11,-0.0,-0.0,5.113046120653514,7.625710959712436,0.0,0.0,25.862708089183492,-49.03173406885454,33.954532023372074,-3.294312631362575,-0.0,0.0,-0.9502037960863273,0.0,0.0,0.0,0.0,0.18425937818122917,0.18425937818123073,-0.0,-20.242289600677726,-20.242289600677733,-6.826694325021353,-0.0,-0.0,9.70228451704937,0.0,-0.0,0.0,0.0,-0.0,0.0,-15.18800066587674,-0.0,0.0,0.0,-10.232432219535662,0.0,-0.0,-43.38115644170122,272.86884355829875,-16.86884355829875,-6.589392014960449
Ancient Black Dragon,21.0,367,390.0,-0.0,-24.375,-24.375,365.625,-0.0,-4.0,96.25,-6.0,-5.0,81.25,496.625,0.0,9.122954673420369e-11,-0.0,-0.0,5.113046120653514,7.625710959712436,19.16293415231359,0.0,0.0,-49.03173406885454,33.954532023372074,-3.294312631362575,-0.0,0.0,-0.9502037960863273,0.0,0.0,0.0,0.0,0.18425937818122917,0.18425937818123073,-0.0,-20.242289600677726,-20.242289600677733,-6.826694325021353,-0.0,-0.0,19.40456903409874,0.0,-0.0,0.0,0.0,-0.0,0.0,-15.18800066587674,-0.0,0.0,0.0,-10.232432219535662,0.0,-0.0,-40.378645861488614,456.2463541385114,-89.24635413851138,-24.317807667169316
Ancient Blue Dragon,23.0,481,450.0,-0.0,-28.125,-28.125,421.875,3.5,-4.0,133.75,-6.0,-5.0,122.25,618.875,0.0,1.1368675708055436e-10,-0.0,-0.0,5.113046120653514,7.625710959712436,0.0,45.63388988694081,0.0,-49.03173406885454,33.954532023372074,-3.294312631362575,-0.0,0.0,-0.9502037960863273,0.0,0.0,0.0,0.0,0.18425937818122917,0.18425937818123073,-0.0,-20.242289600677726,-20.242289600677733,-6.826694325021353,-0.0,-0.0,19.40456903409874,0.0,-0.0,0.0,0.0,-0.0,0.0,-15.18800066587674,-0.0,0.0,0.0,-10.232432219535662,0.0,-0.0,-13.90769012683894,604.9673098731611,-123.96730987316107,-25.772829495459682
Ancient Brass Dragon,20.0,297,360.0,-0.0,-22.5,-22.5,337.5,3.5,-4.0,85.0,-6.0,-5.0,73.5,456.5,0.0,8.385862186592294e-11,-0.0,-0.0,5.113046120653514,7.625710959712436,0.0,45.63388988694081,0.0,-49.03173406885454,33.954532023372074,-6.58862526272515,-0.0,0.0,-0.9502037960863273,0.0,0.0,0.0,0.0,0.18425937818122917,0.18425937818123073,-0.0,-20.242289600677726,-20.242289600677733,-6.826694325021353,-0.0,-0.0,19.40456903409874,0.0,-0.0,0.0,0.0,-0.0,0.0,-15.18800066587674,-0.0,0.0,0.0,-10.232432219535662,0.0,-0.0,-17.202002758231348,439.29799724176866,-142.29799724176866,-47.91178358308709
Ancient Bronze Dragon,22.0,444,420.0,-0.0,-26.25,-26.25,393.75,3.5,-4.0,125.0,-6.0,-5.0,113.5,576.75,0.0,1.0594843408799794e-10,-0.0,-0.0,5.113046120653514,7.625710959712436,19.16293415231359,0.0,0.0,-49.03173406885454,33.954532023372074,-4.941468947043862,-0.0,0.0,-0.9502037960863273,0.0,0.0,0.0,0.0,0.18425937818122917,0.18425937818123073,-0.0,-20.242289600677726,-20.242289600677733,-6.826694325021353,-0.0,-0.0,19.40456903409874,0.0,-0.0,0.0,0.0,-0.0,0.0,-15.18800066587674,-0.0,0.0,0.0,-10.232432219535662,0.0,-0.0,-42.025802177155185,534.7241978228449,-90.72419782284487,-20.433377888028122
Ancient Copper Dragon,21.0,350,390.0,-0.0,-24.375,-24.375,365.625,3.5,-4.0,107.5,-6.0,-5.0,96.0,520.625,0.0,9.563832422551179e-11,-0.0,-0.0,5.113046120653514,7.625710959712436,0.0,0.0,25.862708089183492,-49.03173406885454,33.954532023372074,-4.941468947043862,-0.0,0.0,-0.9502037960863273,0.0,0.0,0.0,0.0,0.18425937818122917,0.18425937818123073,-0.0,-20.242289600677726,-20.242289600677733,-6.826694325021353,-0.0,-0.0,19.40456903409874,0.0,-0.0,0.0,0.0,-0.0,0.0,-15.18800066587674,-0.0,0.0,0.0,-10.232432219535662,0.0,-0.0,-35.32602824029559,485.2989717597044,-135.2989717597044,-38.656849074201254
Ancient Gold Dragon,24.0,546,480.0,-0.0,-30.0,-30.0,450.0,3.5,-8.0,165.0,-12.0,-5.0,143.5,681.5,0.0,1.2519091084693643e-10,-0.0,-0.0,5.113046120653514,7.625710959712436,19.16293415231359,0.0,0.0,-49.03173406885454,33.954532023372074,-6.58862526272515,-0.0,0.0,-0.9502037960863273,0.0,0.0,0.0,0.0,0.18425937818122917,0.18425937818123073,-0.0,-20.242289600677726,-20.242289600677733,-6.826694325021353,-0.0,-0.0,19.40456903409874,0.0,-0.0,0.0,0.0,-0.0,0.0,-15.18800066587674,-0.0,0.0,0.0,-10.232432219535662,0.0,-0.0,-43.67295849281723,637.8270415071828,-91.8270415071828,-16.81813947018
Ancient Green Dragon,22.0,385,420.0,-0.0,-26.25,-26.25,393.75,7.0,-0.0,99.375,-0.0,-5.0,101.375,557.25,0.0,1.023663023763101e-10,-0.0,-0.0,5.113046120653514,7.625710959712436,19.16293415231359,0.0,0.0,-49.03173406885454,33.954532023372074,-8.235781578406437,-0.0,3.022071843720296,-0.9502037960863273,0.0,0.0,0.0,0.0,0.18425937818122917,0.18425937818123073,-0.0,-20.242289600677726,-20.242289600677733,-6.826694325021353,-0.0,-0.0,19.40456903409874,0.0,-0.0,0.0,0.0,-0.0,0.0,-15.18800066587674,-0.0,0.0,0.0,-10.232432219535662,0.0,-0.0,-42.29804296480104,514.9519570351989,-129.95195703519892,-33.75375507407764
Ancient Red Dragon,24.0,546,480.0,-0.0,-30.0,-30.0,450.0,3.5,-8.0,147.5,-12.0,-5.0,126.0,653.5,0.0,1.2004733710707698e-10,-0.0,-0.0,5.113046120653514,7.625710959712436,0.0,0.0,25.862708089183492,-49.03173406885454,33.954532023372074,-3.294312631362575,-0.0,0.0,-0.9502037960863273,0.0,0.0,0.0,0.0,0.18425937818122917,0.18425937818123073,-0.0,-20.242289600677726,-20.242289600677733,-6.826694325021353,-0.0,-0.0,19.40456903409874,0.0,-0.0,0.0,0.0,-0.0,0.0,-15.18800066587674,-0.0,0.0,0.0,-10.232432219535662,0.0,-0.0,-33.6788719245899,619.8211280754101,-73.82112807541012,-13.52035312736449
Ancient Silver Dragon,23.0,487,450.0,-0.0,-28.125,-28.125,421.875,3.5,-8.0,142.5,-12.0,-5.0,121.0,617.375,0.0,1.134112084873476e-10,-0.0,-0.0,5.113046120653514,7.625710959712436,0.0,0.0,0.0,-32.6878227125697,33.954532023372074,-6.58862526272515,-0.0,0.0,-0.9502037960863273,0.0,0.0,0.0,0.0,0.18425937818122917,0.18425937818123073,-0.0,-20.242289600677726,-20.242289600677733,-6.826694325021353,-0.0,-0.0,19.40456903409874,0.0,-0.0,0.0,0.0,-0.0,0.0,-15.18800066587674,-0.0,0.0,0.0,-10.232432219535662,0.0,-0.0,-46.49198128885776,570.8830187111422,-83.8830187111422,-17.22443916039881
Ancient White Dragon,20.0,333,360.0,-0.0,-22.5,-22.5,337.5,3.5,-4.0,73.75,-6.0,-5.0,62.25,438.5,0.0,8.055203874744186e-11,-0.0,-0.0,5.113046120653514,7.625710959712436,19.16293415231359,45.63388988694081,0.0,-65.3756454251394,33.954532023372074,-3.294312631362575,-0.0,0.0,-0.9502037960863273,0.0,0.0,0.0,0.0,0.18425937818122917,0.18425937818123073,-0.0,-20.242289600677726,-20.242289600677733,-6.826694325021353,-0.0,-0.0,19.40456903409874,0.0,-0.0,0.0,0.0,-0.0,0.0,-15.18800066587674,-0.0,0.0,0.0,-10.232432219535662,0.0,-0.0,-11.08866733084334,427.41133266915665,-94.41133266915665,-28.35175155229929
Androsphinx,17.0,199,295.2,-0.0,-18.45,-18.45,276.75,10.5,-0.0,91.25,12.0,-5.0,108.75,451.25,0.0,0.0,-0.0,-0.0,5.113046120653514,0.0,0.0,0.0,0.0,-32.6878227125697,33.954532023372074,-4.941468947043862,-0.0,6.044143687440592,-0.0,0.0,0.0,0.0,0.0,0.18425937818122917,0.18425937818123073,-0.0,-20.242289600677726,-20.242289600677733,-6.826694325021353,-2.797557174502125,-126.66414466487427,0.0,0.0,-0.0,0.0,0.0,-0.0,0.0,-15.18800066587674,-0.0,0.0,0.0,-10.232432219535662,0.0,-0.0,-194.34245932295056,256.90754067704944,-57.90754067704944,-29.099266671884138
Balor,19.0,262,342.0,-0.0,-21.375,-21.375,320.625,7.0,-4.0,73.125,6.0,-5.0,77.125,444.625,0.0,0.0,-47.94942714108131,-0.0,5.113046120653514,7.625710959712436,0.0,0.0,0.0,-32.6878227125697,33.954532023372074,-0.0,-0.0,3.022071843720296,-0.0,0.0,0.0,0.0,0.0,0.18425937818122917,0.18425937818123073,-0.0,-0.0,-0.0,-5.120020743766014,-0.0,-0.0,9.70228451704937,0.0,-0.0,0.0,0.0,-0.0,0.0,-0.0,-0.0,0.0,0.0,-0.0,0.0,-0.0,-25.97110637654687,418.65389362345314,-156.65389362345314,-59.791562451699676
Dragon Turtle,17.0,341,295.2,-0.0,-0.0,-0.0,295.2,-0.0,-4.0,27.5,-0.0,-0.0,23.5,332.7,0.0,0.0,-0.0,-0.0,-5.113046120653514,0.0,19.16293415231359,0.0,0.0,-32.6878227125697,25.465899017529058,-0.0,-0.0,0.0,-0.9502037960863273,0.0,0.0,0.0,0.0,0.18425937818122917,0.18425937818123073,-0.0,-0.0,-0.0,-5.120020743766014,-0.0,-0.0,19.40456903409874,0.0,-0.0,0.0,0.0,-0.0,0.0,-0.0,-0.0,0.0,0.0,-10.232432219535662,0.0,-0.0,10.298395367692628,342.99839536769264,-1.9983953676926376,-0.5860396972705681
Kraken,23.0,472,450.0,-0.0,-28.125,-28.125,421.875,17.5,-8.0,135.625,-12.0,-0.0,133.125,637.875,0.0,0.0,-0.0,-0.0,-5.113046120653514,0.0,28.744401228470387,0.0,0.0,-32.6878227125697,42.4431650292151,-0.0,-0.0,6.044143687440592,-0.0,0.0,0.0,0.0,0.0,0.18425937818122917,0.18425937818123073,-0.0,-20.242289600677726,-20.242289600677733,-6.826694325021353,-0.0,-0.0,19.40456903409874,0.0,-0.0,0.0,0.0,-0.0,0.0,-0.0,-0.0,0.0,0.0,-10.232432219535662,0.0,-0.0,1.6602231564515932,639.5352231564516,-167.5352231564516,-35.49475066873974
Lich,21.0,135,390.0,-0.0,-24.375,-24.375,365.625,17.5,8.0,148.125,12.0,-0.0,185.625,663.625,0.0,1.219072901112226e-10,-0.0,-0.0,0.0,0.0,0.0,0.0,0.0,-16.34391135628485,25.465899017529058,-6.58862526272515,-0.0,15.110359218601479,-0.0,0.0,0.0,0.0,0.0,0.18425937818122917,0.18425937818123073,-0.0,-20.242289600677726,-20.242289600677733,-6.826694325021353,-2.797557174502125,-189.99621699731142,-9.70228451704937,0.0,-0.0,0.0,0.0,-0.0,0.0,-15.18800066587674,-0.0,0.0,0.0,-0.0,0.0,-0.0,-246.98309250751151,416.6419074924885,-281.6419074924885,-208.6236351796211
Pit Fiend,20.0,300,360.0,-0.0,-22.5,-22.5,337.5,7.0,-4.0,27.5,-0.0,-5.0,25.5,379.5,0.0,0.0,-40.92619083506406,-0.0,0.0,0.0,0.0,0.0,0.0,-32.6878227125697,25.465899017529058,-0.0,-0.0,3.022071843720296,-0.0,0.0,0.0,0.0,0.0,0.18425937818122917,0.18425937818123073,-0.0,-0.0,-0.0,-5.120020743766014,-2.797557174502125,-0.0,0.0,0.0,-0.0,0.0,0.0,-0.0,0.0,-15.18800066587674,-23.27051440846202,0.0,0.0,-0.0,0.0,-0.0,-91.13361692262885,288.36638307737115,11.633616922628846,3.877872307542949
Solar,21.0,243,390.0,-0.0,-24.375,-24.375,365.625,3.5,-4.0,47.5,-18.0,-5.0,24.0,406.625,0.0,0.0,-43.85141593757029,-0.0,10.226092241307027,34.31569931870596,0.0,0.0,0.0,-32.6878227125697,25.465899017529058,-1.6471563156812874,-0.0,12.088287374881183,-0.0,0.0,0.0,0.0,0.0,0.18425937818122917,0.18425937818123073,-0.0,-20.242289600677726,-20.242289600677733,-6.826694325021353,-2.797557174502125,-0.0,0.0,0.0,-0.0,0.0,0.0,-0.0,0.0,-0.0,-0.0,0.0,0.0,-0.0,0.0,-0.0,-45.83072895791453,360.7942710420855,-117.79427104208548,-48.47500865929444
Tarrasque,30.0,676,799.1999999999999,-0.0,-49.949999999999996,-49.949999999999996,749.2499999999999,7.0,-0.0,205.0,42.0,-0.0,254.0,1152.25,0.0,2.1166724434832357e-10,-124.26140550646262,-0.0,5.113046120653514,0.0,0.0,0.0,0.0,-16.34391135628485,25.465899017529058,-0.0,-0.0,12.088287374881183,-0.0,0.0,0.0,0.0,0.0,0.18425937818122917,0.18425937818123073,-0.0,-20.242289600677726,-20.242289600677733,-6.826694325021353,-0.0,-0.0,19.40456903409874,0.0,-0.0,0.0,0.0,-0.0,0.0,-15.18800066587674,-0.0,0.0,0.0,-10.232432219535662,0.0,-0.0,-150.89670297080008,1001.3532970291999,-325.3532970291999,-48.129185951065075
